"SampleID","trophicMode_clean","Abundance","Pot","Intensity","Frequency","Composition","Replicate","Microbes"
"10WLC1F","Multi-trophic",682,"Pot-10","Wet","Low","Conspecific",1,"Fungi"
"10WLC1F","Pathotroph",48,"Pot-10","Wet","Low","Conspecific",1,"Fungi"
"10WLC1F","Saprotroph",4932,"Pot-10","Wet","Low","Conspecific",1,"Fungi"
"10WLC1F","Symbiotroph",75,"Pot-10","Wet","Low","Conspecific",1,"Fungi"
"10WLC1F","Unassigned",17587,"Pot-10","Wet","Low","Conspecific",1,"Fungi"
"10WLC2F","Multi-trophic",1313,"Pot-10","Wet","Low","Conspecific",2,"Fungi"
"10WLC2F","Pathotroph",963,"Pot-10","Wet","Low","Conspecific",2,"Fungi"
"10WLC2F","Saprotroph",2091,"Pot-10","Wet","Low","Conspecific",2,"Fungi"
"10WLC2F","Symbiotroph",905,"Pot-10","Wet","Low","Conspecific",2,"Fungi"
"10WLC2F","Unassigned",7297,"Pot-10","Wet","Low","Conspecific",2,"Fungi"
"114DHH1F","Multi-trophic",3531,"Pot-114","Dry","High","Heterospecific",1,"Fungi"
"114DHH1F","Pathotroph",84,"Pot-114","Dry","High","Heterospecific",1,"Fungi"
"114DHH1F","Saprotroph",11852,"Pot-114","Dry","High","Heterospecific",1,"Fungi"
"114DHH1F","Symbiotroph",1096,"Pot-114","Dry","High","Heterospecific",1,"Fungi"
"114DHH1F","Unassigned",7527,"Pot-114","Dry","High","Heterospecific",1,"Fungi"
"114DHH2F","Multi-trophic",457,"Pot-114","Dry","High","Heterospecific",2,"Fungi"
"114DHH2F","Pathotroph",53,"Pot-114","Dry","High","Heterospecific",2,"Fungi"
"114DHH2F","Saprotroph",6463,"Pot-114","Dry","High","Heterospecific",2,"Fungi"
"114DHH2F","Symbiotroph",7131,"Pot-114","Dry","High","Heterospecific",2,"Fungi"
"114DHH2F","Unassigned",739,"Pot-114","Dry","High","Heterospecific",2,"Fungi"
"117DHH1F","Multi-trophic",2906,"Pot-117","Dry","High","Heterospecific",1,"Fungi"
"117DHH1F","Pathotroph",177,"Pot-117","Dry","High","Heterospecific",1,"Fungi"
"117DHH1F","Saprotroph",582,"Pot-117","Dry","High","Heterospecific",1,"Fungi"
"117DHH1F","Symbiotroph",1130,"Pot-117","Dry","High","Heterospecific",1,"Fungi"
"117DHH1F","Unassigned",1746,"Pot-117","Dry","High","Heterospecific",1,"Fungi"
"117DHH2F","Multi-trophic",9900,"Pot-117","Dry","High","Heterospecific",2,"Fungi"
"117DHH2F","Pathotroph",36,"Pot-117","Dry","High","Heterospecific",2,"Fungi"
"117DHH2F","Saprotroph",5566,"Pot-117","Dry","High","Heterospecific",2,"Fungi"
"117DHH2F","Symbiotroph",34,"Pot-117","Dry","High","Heterospecific",2,"Fungi"
"117DHH2F","Unassigned",2451,"Pot-117","Dry","High","Heterospecific",2,"Fungi"
"119DHH1F","Multi-trophic",3187,"Pot-119","Dry","High","Heterospecific",1,"Fungi"
"119DHH1F","Pathotroph",0,"Pot-119","Dry","High","Heterospecific",1,"Fungi"
"119DHH1F","Saprotroph",4551,"Pot-119","Dry","High","Heterospecific",1,"Fungi"
"119DHH1F","Symbiotroph",193,"Pot-119","Dry","High","Heterospecific",1,"Fungi"
"119DHH1F","Unassigned",1025,"Pot-119","Dry","High","Heterospecific",1,"Fungi"
"119DHH2F","Multi-trophic",625,"Pot-119","Dry","High","Heterospecific",2,"Fungi"
"119DHH2F","Pathotroph",558,"Pot-119","Dry","High","Heterospecific",2,"Fungi"
"119DHH2F","Saprotroph",9040,"Pot-119","Dry","High","Heterospecific",2,"Fungi"
"119DHH2F","Symbiotroph",195,"Pot-119","Dry","High","Heterospecific",2,"Fungi"
"119DHH2F","Unassigned",3015,"Pot-119","Dry","High","Heterospecific",2,"Fungi"
"1WLC1F","Multi-trophic",1961,"Pot-1","Wet","Low","Conspecific",1,"Fungi"
"1WLC1F","Pathotroph",3823,"Pot-1","Wet","Low","Conspecific",1,"Fungi"
"1WLC1F","Saprotroph",1014,"Pot-1","Wet","Low","Conspecific",1,"Fungi"
"1WLC1F","Symbiotroph",609,"Pot-1","Wet","Low","Conspecific",1,"Fungi"
"1WLC1F","Unassigned",2052,"Pot-1","Wet","Low","Conspecific",1,"Fungi"
"1WLC2F","Multi-trophic",704,"Pot-1","Wet","Low","Conspecific",2,"Fungi"
"1WLC2F","Pathotroph",24,"Pot-1","Wet","Low","Conspecific",2,"Fungi"
"1WLC2F","Saprotroph",1085,"Pot-1","Wet","Low","Conspecific",2,"Fungi"
"1WLC2F","Symbiotroph",77,"Pot-1","Wet","Low","Conspecific",2,"Fungi"
"1WLC2F","Unassigned",12154,"Pot-1","Wet","Low","Conspecific",2,"Fungi"
"21WLH1F","Multi-trophic",2678,"Pot-21","Wet","Low","Heterospecific",1,"Fungi"
"21WLH1F","Pathotroph",36,"Pot-21","Wet","Low","Heterospecific",1,"Fungi"
"21WLH1F","Saprotroph",16741,"Pot-21","Wet","Low","Heterospecific",1,"Fungi"
"21WLH1F","Symbiotroph",194,"Pot-21","Wet","Low","Heterospecific",1,"Fungi"
"21WLH1F","Unassigned",20853,"Pot-21","Wet","Low","Heterospecific",1,"Fungi"
"21WLH2F","Multi-trophic",3455,"Pot-21","Wet","Low","Heterospecific",2,"Fungi"
"21WLH2F","Pathotroph",6705,"Pot-21","Wet","Low","Heterospecific",2,"Fungi"
"21WLH2F","Saprotroph",7149,"Pot-21","Wet","Low","Heterospecific",2,"Fungi"
"21WLH2F","Symbiotroph",34,"Pot-21","Wet","Low","Heterospecific",2,"Fungi"
"21WLH2F","Unassigned",9210,"Pot-21","Wet","Low","Heterospecific",2,"Fungi"
"22WLH1F","Multi-trophic",3261,"Pot-22","Wet","Low","Heterospecific",1,"Fungi"
"22WLH1F","Pathotroph",1861,"Pot-22","Wet","Low","Heterospecific",1,"Fungi"
"22WLH1F","Saprotroph",9641,"Pot-22","Wet","Low","Heterospecific",1,"Fungi"
"22WLH1F","Symbiotroph",1339,"Pot-22","Wet","Low","Heterospecific",1,"Fungi"
"22WLH1F","Unassigned",11690,"Pot-22","Wet","Low","Heterospecific",1,"Fungi"
"22WLH2F","Multi-trophic",2993,"Pot-22","Wet","Low","Heterospecific",2,"Fungi"
"22WLH2F","Pathotroph",615,"Pot-22","Wet","Low","Heterospecific",2,"Fungi"
"22WLH2F","Saprotroph",14173,"Pot-22","Wet","Low","Heterospecific",2,"Fungi"
"22WLH2F","Symbiotroph",945,"Pot-22","Wet","Low","Heterospecific",2,"Fungi"
"22WLH2F","Unassigned",17787,"Pot-22","Wet","Low","Heterospecific",2,"Fungi"
"23WLH1F","Multi-trophic",1036,"Pot-23","Wet","Low","Heterospecific",1,"Fungi"
"23WLH1F","Pathotroph",24,"Pot-23","Wet","Low","Heterospecific",1,"Fungi"
"23WLH1F","Saprotroph",7247,"Pot-23","Wet","Low","Heterospecific",1,"Fungi"
"23WLH1F","Symbiotroph",79,"Pot-23","Wet","Low","Heterospecific",1,"Fungi"
"23WLH1F","Unassigned",11462,"Pot-23","Wet","Low","Heterospecific",1,"Fungi"
"23WLH2F","Multi-trophic",10623,"Pot-23","Wet","Low","Heterospecific",2,"Fungi"
"23WLH2F","Pathotroph",204,"Pot-23","Wet","Low","Heterospecific",2,"Fungi"
"23WLH2F","Saprotroph",2886,"Pot-23","Wet","Low","Heterospecific",2,"Fungi"
"23WLH2F","Symbiotroph",0,"Pot-23","Wet","Low","Heterospecific",2,"Fungi"
"23WLH2F","Unassigned",4108,"Pot-23","Wet","Low","Heterospecific",2,"Fungi"
"24WLH1F","Multi-trophic",1402,"Pot-24","Wet","Low","Heterospecific",1,"Fungi"
"24WLH1F","Pathotroph",224,"Pot-24","Wet","Low","Heterospecific",1,"Fungi"
"24WLH1F","Saprotroph",5015,"Pot-24","Wet","Low","Heterospecific",1,"Fungi"
"24WLH1F","Symbiotroph",49,"Pot-24","Wet","Low","Heterospecific",1,"Fungi"
"24WLH1F","Unassigned",33083,"Pot-24","Wet","Low","Heterospecific",1,"Fungi"
"24WLH2F","Multi-trophic",6538,"Pot-24","Wet","Low","Heterospecific",2,"Fungi"
"24WLH2F","Pathotroph",518,"Pot-24","Wet","Low","Heterospecific",2,"Fungi"
"24WLH2F","Saprotroph",14944,"Pot-24","Wet","Low","Heterospecific",2,"Fungi"
"24WLH2F","Symbiotroph",255,"Pot-24","Wet","Low","Heterospecific",2,"Fungi"
"24WLH2F","Unassigned",24870,"Pot-24","Wet","Low","Heterospecific",2,"Fungi"
"25WLH1F","Multi-trophic",602,"Pot-25","Wet","Low","Heterospecific",1,"Fungi"
"25WLH1F","Pathotroph",3,"Pot-25","Wet","Low","Heterospecific",1,"Fungi"
"25WLH1F","Saprotroph",5748,"Pot-25","Wet","Low","Heterospecific",1,"Fungi"
"25WLH1F","Symbiotroph",318,"Pot-25","Wet","Low","Heterospecific",1,"Fungi"
"25WLH1F","Unassigned",18683,"Pot-25","Wet","Low","Heterospecific",1,"Fungi"
"25WLH2F","Multi-trophic",2544,"Pot-25","Wet","Low","Heterospecific",2,"Fungi"
"25WLH2F","Pathotroph",7587,"Pot-25","Wet","Low","Heterospecific",2,"Fungi"
"25WLH2F","Saprotroph",8775,"Pot-25","Wet","Low","Heterospecific",2,"Fungi"
"25WLH2F","Symbiotroph",525,"Pot-25","Wet","Low","Heterospecific",2,"Fungi"
"25WLH2F","Unassigned",10285,"Pot-25","Wet","Low","Heterospecific",2,"Fungi"
"26WLH1F","Multi-trophic",2148,"Pot-26","Wet","Low","Heterospecific",1,"Fungi"
"26WLH1F","Pathotroph",269,"Pot-26","Wet","Low","Heterospecific",1,"Fungi"
"26WLH1F","Saprotroph",12802,"Pot-26","Wet","Low","Heterospecific",1,"Fungi"
"26WLH1F","Symbiotroph",888,"Pot-26","Wet","Low","Heterospecific",1,"Fungi"
"26WLH1F","Unassigned",43557,"Pot-26","Wet","Low","Heterospecific",1,"Fungi"
"26WLH2F","Multi-trophic",881,"Pot-26","Wet","Low","Heterospecific",2,"Fungi"
"26WLH2F","Pathotroph",4,"Pot-26","Wet","Low","Heterospecific",2,"Fungi"
"26WLH2F","Saprotroph",10784,"Pot-26","Wet","Low","Heterospecific",2,"Fungi"
"26WLH2F","Symbiotroph",55,"Pot-26","Wet","Low","Heterospecific",2,"Fungi"
"26WLH2F","Unassigned",43122,"Pot-26","Wet","Low","Heterospecific",2,"Fungi"
"27WLH1F","Multi-trophic",3516,"Pot-27","Wet","Low","Heterospecific",1,"Fungi"
"27WLH1F","Pathotroph",419,"Pot-27","Wet","Low","Heterospecific",1,"Fungi"
"27WLH1F","Saprotroph",6957,"Pot-27","Wet","Low","Heterospecific",1,"Fungi"
"27WLH1F","Symbiotroph",190,"Pot-27","Wet","Low","Heterospecific",1,"Fungi"
"27WLH1F","Unassigned",8557,"Pot-27","Wet","Low","Heterospecific",1,"Fungi"
"28WLH1F","Multi-trophic",6799,"Pot-28","Wet","Low","Heterospecific",1,"Fungi"
"28WLH1F","Pathotroph",3,"Pot-28","Wet","Low","Heterospecific",1,"Fungi"
"28WLH1F","Saprotroph",1329,"Pot-28","Wet","Low","Heterospecific",1,"Fungi"
"28WLH1F","Symbiotroph",18,"Pot-28","Wet","Low","Heterospecific",1,"Fungi"
"28WLH1F","Unassigned",5829,"Pot-28","Wet","Low","Heterospecific",1,"Fungi"
"28WLH2F","Multi-trophic",24451,"Pot-28","Wet","Low","Heterospecific",2,"Fungi"
"28WLH2F","Pathotroph",30,"Pot-28","Wet","Low","Heterospecific",2,"Fungi"
"28WLH2F","Saprotroph",2262,"Pot-28","Wet","Low","Heterospecific",2,"Fungi"
"28WLH2F","Symbiotroph",99,"Pot-28","Wet","Low","Heterospecific",2,"Fungi"
"28WLH2F","Unassigned",2435,"Pot-28","Wet","Low","Heterospecific",2,"Fungi"
"29WLH1F","Multi-trophic",890,"Pot-29","Wet","Low","Heterospecific",1,"Fungi"
"29WLH1F","Pathotroph",12,"Pot-29","Wet","Low","Heterospecific",1,"Fungi"
"29WLH1F","Saprotroph",1079,"Pot-29","Wet","Low","Heterospecific",1,"Fungi"
"29WLH1F","Symbiotroph",0,"Pot-29","Wet","Low","Heterospecific",1,"Fungi"
"29WLH1F","Unassigned",1131,"Pot-29","Wet","Low","Heterospecific",1,"Fungi"
"29WLH2F","Multi-trophic",2400,"Pot-29","Wet","Low","Heterospecific",2,"Fungi"
"29WLH2F","Pathotroph",0,"Pot-29","Wet","Low","Heterospecific",2,"Fungi"
"29WLH2F","Saprotroph",1477,"Pot-29","Wet","Low","Heterospecific",2,"Fungi"
"29WLH2F","Symbiotroph",0,"Pot-29","Wet","Low","Heterospecific",2,"Fungi"
"29WLH2F","Unassigned",2675,"Pot-29","Wet","Low","Heterospecific",2,"Fungi"
"2WLC1F","Multi-trophic",1258,"Pot-2","Wet","Low","Conspecific",1,"Fungi"
"2WLC1F","Pathotroph",0,"Pot-2","Wet","Low","Conspecific",1,"Fungi"
"2WLC1F","Saprotroph",342,"Pot-2","Wet","Low","Conspecific",1,"Fungi"
"2WLC1F","Symbiotroph",107,"Pot-2","Wet","Low","Conspecific",1,"Fungi"
"2WLC1F","Unassigned",1681,"Pot-2","Wet","Low","Conspecific",1,"Fungi"
"2WLC2F","Multi-trophic",222,"Pot-2","Wet","Low","Conspecific",2,"Fungi"
"2WLC2F","Pathotroph",20,"Pot-2","Wet","Low","Conspecific",2,"Fungi"
"2WLC2F","Saprotroph",1315,"Pot-2","Wet","Low","Conspecific",2,"Fungi"
"2WLC2F","Symbiotroph",1135,"Pot-2","Wet","Low","Conspecific",2,"Fungi"
"2WLC2F","Unassigned",3035,"Pot-2","Wet","Low","Conspecific",2,"Fungi"
"30WLH1F","Multi-trophic",3454,"Pot-30","Wet","Low","Heterospecific",1,"Fungi"
"30WLH1F","Pathotroph",146,"Pot-30","Wet","Low","Heterospecific",1,"Fungi"
"30WLH1F","Saprotroph",37597,"Pot-30","Wet","Low","Heterospecific",1,"Fungi"
"30WLH1F","Symbiotroph",90,"Pot-30","Wet","Low","Heterospecific",1,"Fungi"
"30WLH1F","Unassigned",25953,"Pot-30","Wet","Low","Heterospecific",1,"Fungi"
"30WLH2F","Multi-trophic",3195,"Pot-30","Wet","Low","Heterospecific",2,"Fungi"
"30WLH2F","Pathotroph",347,"Pot-30","Wet","Low","Heterospecific",2,"Fungi"
"30WLH2F","Saprotroph",3672,"Pot-30","Wet","Low","Heterospecific",2,"Fungi"
"30WLH2F","Symbiotroph",775,"Pot-30","Wet","Low","Heterospecific",2,"Fungi"
"30WLH2F","Unassigned",10503,"Pot-30","Wet","Low","Heterospecific",2,"Fungi"
"31WHC1F","Multi-trophic",6160,"Pot-31","Wet","High","Conspecific",1,"Fungi"
"31WHC1F","Pathotroph",545,"Pot-31","Wet","High","Conspecific",1,"Fungi"
"31WHC1F","Saprotroph",11777,"Pot-31","Wet","High","Conspecific",1,"Fungi"
"31WHC1F","Symbiotroph",461,"Pot-31","Wet","High","Conspecific",1,"Fungi"
"31WHC1F","Unassigned",25555,"Pot-31","Wet","High","Conspecific",1,"Fungi"
"31WHC2F","Multi-trophic",14241,"Pot-31","Wet","High","Conspecific",2,"Fungi"
"31WHC2F","Pathotroph",4274,"Pot-31","Wet","High","Conspecific",2,"Fungi"
"31WHC2F","Saprotroph",16657,"Pot-31","Wet","High","Conspecific",2,"Fungi"
"31WHC2F","Symbiotroph",1361,"Pot-31","Wet","High","Conspecific",2,"Fungi"
"31WHC2F","Unassigned",15598,"Pot-31","Wet","High","Conspecific",2,"Fungi"
"32WHC1F","Multi-trophic",3880,"Pot-32","Wet","High","Conspecific",1,"Fungi"
"32WHC1F","Pathotroph",1473,"Pot-32","Wet","High","Conspecific",1,"Fungi"
"32WHC1F","Saprotroph",14275,"Pot-32","Wet","High","Conspecific",1,"Fungi"
"32WHC1F","Symbiotroph",232,"Pot-32","Wet","High","Conspecific",1,"Fungi"
"32WHC1F","Unassigned",35479,"Pot-32","Wet","High","Conspecific",1,"Fungi"
"32WHC2F","Multi-trophic",2052,"Pot-32","Wet","High","Conspecific",2,"Fungi"
"32WHC2F","Pathotroph",1795,"Pot-32","Wet","High","Conspecific",2,"Fungi"
"32WHC2F","Saprotroph",7918,"Pot-32","Wet","High","Conspecific",2,"Fungi"
"32WHC2F","Symbiotroph",26,"Pot-32","Wet","High","Conspecific",2,"Fungi"
"32WHC2F","Unassigned",20519,"Pot-32","Wet","High","Conspecific",2,"Fungi"
"33WHC1F","Multi-trophic",1872,"Pot-33","Wet","High","Conspecific",1,"Fungi"
"33WHC1F","Pathotroph",28,"Pot-33","Wet","High","Conspecific",1,"Fungi"
"33WHC1F","Saprotroph",14270,"Pot-33","Wet","High","Conspecific",1,"Fungi"
"33WHC1F","Symbiotroph",5201,"Pot-33","Wet","High","Conspecific",1,"Fungi"
"33WHC1F","Unassigned",14550,"Pot-33","Wet","High","Conspecific",1,"Fungi"
"33WHC2F","Multi-trophic",4800,"Pot-33","Wet","High","Conspecific",2,"Fungi"
"33WHC2F","Pathotroph",2216,"Pot-33","Wet","High","Conspecific",2,"Fungi"
"33WHC2F","Saprotroph",16802,"Pot-33","Wet","High","Conspecific",2,"Fungi"
"33WHC2F","Symbiotroph",508,"Pot-33","Wet","High","Conspecific",2,"Fungi"
"33WHC2F","Unassigned",7148,"Pot-33","Wet","High","Conspecific",2,"Fungi"
"34WHC1F","Multi-trophic",1607,"Pot-34","Wet","High","Conspecific",1,"Fungi"
"34WHC1F","Pathotroph",126,"Pot-34","Wet","High","Conspecific",1,"Fungi"
"34WHC1F","Saprotroph",19332,"Pot-34","Wet","High","Conspecific",1,"Fungi"
"34WHC1F","Symbiotroph",147,"Pot-34","Wet","High","Conspecific",1,"Fungi"
"34WHC1F","Unassigned",23481,"Pot-34","Wet","High","Conspecific",1,"Fungi"
"34WHC2F","Multi-trophic",3964,"Pot-34","Wet","High","Conspecific",2,"Fungi"
"34WHC2F","Pathotroph",4,"Pot-34","Wet","High","Conspecific",2,"Fungi"
"34WHC2F","Saprotroph",33960,"Pot-34","Wet","High","Conspecific",2,"Fungi"
"34WHC2F","Symbiotroph",1344,"Pot-34","Wet","High","Conspecific",2,"Fungi"
"34WHC2F","Unassigned",16987,"Pot-34","Wet","High","Conspecific",2,"Fungi"
"35WHC1F","Multi-trophic",2187,"Pot-35","Wet","High","Conspecific",1,"Fungi"
"35WHC1F","Pathotroph",14,"Pot-35","Wet","High","Conspecific",1,"Fungi"
"35WHC1F","Saprotroph",10239,"Pot-35","Wet","High","Conspecific",1,"Fungi"
"35WHC1F","Symbiotroph",4320,"Pot-35","Wet","High","Conspecific",1,"Fungi"
"35WHC1F","Unassigned",13826,"Pot-35","Wet","High","Conspecific",1,"Fungi"
"35WHC2F","Multi-trophic",6352,"Pot-35","Wet","High","Conspecific",2,"Fungi"
"35WHC2F","Pathotroph",93,"Pot-35","Wet","High","Conspecific",2,"Fungi"
"35WHC2F","Saprotroph",13520,"Pot-35","Wet","High","Conspecific",2,"Fungi"
"35WHC2F","Symbiotroph",29,"Pot-35","Wet","High","Conspecific",2,"Fungi"
"35WHC2F","Unassigned",26106,"Pot-35","Wet","High","Conspecific",2,"Fungi"
"36WHC1F","Multi-trophic",9318,"Pot-36","Wet","High","Conspecific",1,"Fungi"
"36WHC1F","Pathotroph",629,"Pot-36","Wet","High","Conspecific",1,"Fungi"
"36WHC1F","Saprotroph",6708,"Pot-36","Wet","High","Conspecific",1,"Fungi"
"36WHC1F","Symbiotroph",12,"Pot-36","Wet","High","Conspecific",1,"Fungi"
"36WHC1F","Unassigned",14292,"Pot-36","Wet","High","Conspecific",1,"Fungi"
"36WHC2F","Multi-trophic",17384,"Pot-36","Wet","High","Conspecific",2,"Fungi"
"36WHC2F","Pathotroph",793,"Pot-36","Wet","High","Conspecific",2,"Fungi"
"36WHC2F","Saprotroph",3647,"Pot-36","Wet","High","Conspecific",2,"Fungi"
"36WHC2F","Symbiotroph",670,"Pot-36","Wet","High","Conspecific",2,"Fungi"
"36WHC2F","Unassigned",51837,"Pot-36","Wet","High","Conspecific",2,"Fungi"
"37WHC1F","Multi-trophic",1507,"Pot-37","Wet","High","Conspecific",1,"Fungi"
"37WHC1F","Pathotroph",268,"Pot-37","Wet","High","Conspecific",1,"Fungi"
"37WHC1F","Saprotroph",8496,"Pot-37","Wet","High","Conspecific",1,"Fungi"
"37WHC1F","Symbiotroph",78,"Pot-37","Wet","High","Conspecific",1,"Fungi"
"37WHC1F","Unassigned",20518,"Pot-37","Wet","High","Conspecific",1,"Fungi"
"37WHC2F","Multi-trophic",1143,"Pot-37","Wet","High","Conspecific",2,"Fungi"
"37WHC2F","Pathotroph",63,"Pot-37","Wet","High","Conspecific",2,"Fungi"
"37WHC2F","Saprotroph",17786,"Pot-37","Wet","High","Conspecific",2,"Fungi"
"37WHC2F","Symbiotroph",306,"Pot-37","Wet","High","Conspecific",2,"Fungi"
"37WHC2F","Unassigned",16761,"Pot-37","Wet","High","Conspecific",2,"Fungi"
"38WHC1F","Multi-trophic",7439,"Pot-38","Wet","High","Conspecific",1,"Fungi"
"38WHC1F","Pathotroph",11,"Pot-38","Wet","High","Conspecific",1,"Fungi"
"38WHC1F","Saprotroph",2935,"Pot-38","Wet","High","Conspecific",1,"Fungi"
"38WHC1F","Symbiotroph",25,"Pot-38","Wet","High","Conspecific",1,"Fungi"
"38WHC1F","Unassigned",25914,"Pot-38","Wet","High","Conspecific",1,"Fungi"
"38WHC2F","Multi-trophic",15584,"Pot-38","Wet","High","Conspecific",2,"Fungi"
"38WHC2F","Pathotroph",232,"Pot-38","Wet","High","Conspecific",2,"Fungi"
"38WHC2F","Saprotroph",9088,"Pot-38","Wet","High","Conspecific",2,"Fungi"
"38WHC2F","Symbiotroph",1878,"Pot-38","Wet","High","Conspecific",2,"Fungi"
"38WHC2F","Unassigned",24023,"Pot-38","Wet","High","Conspecific",2,"Fungi"
"39WHC1F","Multi-trophic",2866,"Pot-39","Wet","High","Conspecific",1,"Fungi"
"39WHC1F","Pathotroph",34,"Pot-39","Wet","High","Conspecific",1,"Fungi"
"39WHC1F","Saprotroph",28739,"Pot-39","Wet","High","Conspecific",1,"Fungi"
"39WHC1F","Symbiotroph",58,"Pot-39","Wet","High","Conspecific",1,"Fungi"
"39WHC1F","Unassigned",5777,"Pot-39","Wet","High","Conspecific",1,"Fungi"
"39WHC2F","Multi-trophic",6101,"Pot-39","Wet","High","Conspecific",2,"Fungi"
"39WHC2F","Pathotroph",1495,"Pot-39","Wet","High","Conspecific",2,"Fungi"
"39WHC2F","Saprotroph",8090,"Pot-39","Wet","High","Conspecific",2,"Fungi"
"39WHC2F","Symbiotroph",1915,"Pot-39","Wet","High","Conspecific",2,"Fungi"
"39WHC2F","Unassigned",25255,"Pot-39","Wet","High","Conspecific",2,"Fungi"
"3WLC1F","Multi-trophic",1856,"Pot-3","Wet","Low","Conspecific",1,"Fungi"
"3WLC1F","Pathotroph",0,"Pot-3","Wet","Low","Conspecific",1,"Fungi"
"3WLC1F","Saprotroph",15410,"Pot-3","Wet","Low","Conspecific",1,"Fungi"
"3WLC1F","Symbiotroph",0,"Pot-3","Wet","Low","Conspecific",1,"Fungi"
"3WLC1F","Unassigned",21040,"Pot-3","Wet","Low","Conspecific",1,"Fungi"
"3WLC2F","Multi-trophic",22487,"Pot-3","Wet","Low","Conspecific",2,"Fungi"
"3WLC2F","Pathotroph",0,"Pot-3","Wet","Low","Conspecific",2,"Fungi"
"3WLC2F","Saprotroph",6965,"Pot-3","Wet","Low","Conspecific",2,"Fungi"
"3WLC2F","Symbiotroph",4162,"Pot-3","Wet","Low","Conspecific",2,"Fungi"
"3WLC2F","Unassigned",12491,"Pot-3","Wet","Low","Conspecific",2,"Fungi"
"40WHC1F","Multi-trophic",3577,"Pot-40","Wet","High","Conspecific",1,"Fungi"
"40WHC1F","Pathotroph",205,"Pot-40","Wet","High","Conspecific",1,"Fungi"
"40WHC1F","Saprotroph",5751,"Pot-40","Wet","High","Conspecific",1,"Fungi"
"40WHC1F","Symbiotroph",851,"Pot-40","Wet","High","Conspecific",1,"Fungi"
"40WHC1F","Unassigned",38880,"Pot-40","Wet","High","Conspecific",1,"Fungi"
"40WHC2F","Multi-trophic",1671,"Pot-40","Wet","High","Conspecific",2,"Fungi"
"40WHC2F","Pathotroph",266,"Pot-40","Wet","High","Conspecific",2,"Fungi"
"40WHC2F","Saprotroph",8371,"Pot-40","Wet","High","Conspecific",2,"Fungi"
"40WHC2F","Symbiotroph",37,"Pot-40","Wet","High","Conspecific",2,"Fungi"
"40WHC2F","Unassigned",21862,"Pot-40","Wet","High","Conspecific",2,"Fungi"
"4WLC1F","Multi-trophic",2046,"Pot-4","Wet","Low","Conspecific",1,"Fungi"
"4WLC1F","Pathotroph",32,"Pot-4","Wet","Low","Conspecific",1,"Fungi"
"4WLC1F","Saprotroph",1202,"Pot-4","Wet","Low","Conspecific",1,"Fungi"
"4WLC1F","Symbiotroph",10,"Pot-4","Wet","Low","Conspecific",1,"Fungi"
"4WLC1F","Unassigned",3421,"Pot-4","Wet","Low","Conspecific",1,"Fungi"
"4WLC2F","Multi-trophic",46,"Pot-4","Wet","Low","Conspecific",2,"Fungi"
"4WLC2F","Pathotroph",0,"Pot-4","Wet","Low","Conspecific",2,"Fungi"
"4WLC2F","Saprotroph",540,"Pot-4","Wet","Low","Conspecific",2,"Fungi"
"4WLC2F","Symbiotroph",10040,"Pot-4","Wet","Low","Conspecific",2,"Fungi"
"4WLC2F","Unassigned",8395,"Pot-4","Wet","Low","Conspecific",2,"Fungi"
"51WHH1F","Multi-trophic",1803,"Pot-51","Wet","High","Heterospecific",1,"Fungi"
"51WHH1F","Pathotroph",108,"Pot-51","Wet","High","Heterospecific",1,"Fungi"
"51WHH1F","Saprotroph",8809,"Pot-51","Wet","High","Heterospecific",1,"Fungi"
"51WHH1F","Symbiotroph",55,"Pot-51","Wet","High","Heterospecific",1,"Fungi"
"51WHH1F","Unassigned",7607,"Pot-51","Wet","High","Heterospecific",1,"Fungi"
"51WHH2F","Multi-trophic",2416,"Pot-51","Wet","High","Heterospecific",2,"Fungi"
"51WHH2F","Pathotroph",148,"Pot-51","Wet","High","Heterospecific",2,"Fungi"
"51WHH2F","Saprotroph",5465,"Pot-51","Wet","High","Heterospecific",2,"Fungi"
"51WHH2F","Symbiotroph",673,"Pot-51","Wet","High","Heterospecific",2,"Fungi"
"51WHH2F","Unassigned",9252,"Pot-51","Wet","High","Heterospecific",2,"Fungi"
"52WHH1F","Multi-trophic",1298,"Pot-52","Wet","High","Heterospecific",1,"Fungi"
"52WHH1F","Pathotroph",806,"Pot-52","Wet","High","Heterospecific",1,"Fungi"
"52WHH1F","Saprotroph",16563,"Pot-52","Wet","High","Heterospecific",1,"Fungi"
"52WHH1F","Symbiotroph",11,"Pot-52","Wet","High","Heterospecific",1,"Fungi"
"52WHH1F","Unassigned",19087,"Pot-52","Wet","High","Heterospecific",1,"Fungi"
"52WHH2F","Multi-trophic",5429,"Pot-52","Wet","High","Heterospecific",2,"Fungi"
"52WHH2F","Pathotroph",9144,"Pot-52","Wet","High","Heterospecific",2,"Fungi"
"52WHH2F","Saprotroph",11020,"Pot-52","Wet","High","Heterospecific",2,"Fungi"
"52WHH2F","Symbiotroph",111,"Pot-52","Wet","High","Heterospecific",2,"Fungi"
"52WHH2F","Unassigned",3794,"Pot-52","Wet","High","Heterospecific",2,"Fungi"
"53WHH1F","Multi-trophic",4468,"Pot-53","Wet","High","Heterospecific",1,"Fungi"
"53WHH1F","Pathotroph",799,"Pot-53","Wet","High","Heterospecific",1,"Fungi"
"53WHH1F","Saprotroph",9293,"Pot-53","Wet","High","Heterospecific",1,"Fungi"
"53WHH1F","Symbiotroph",162,"Pot-53","Wet","High","Heterospecific",1,"Fungi"
"53WHH1F","Unassigned",7735,"Pot-53","Wet","High","Heterospecific",1,"Fungi"
"53WHH2F","Multi-trophic",2092,"Pot-53","Wet","High","Heterospecific",2,"Fungi"
"53WHH2F","Pathotroph",109,"Pot-53","Wet","High","Heterospecific",2,"Fungi"
"53WHH2F","Saprotroph",15566,"Pot-53","Wet","High","Heterospecific",2,"Fungi"
"53WHH2F","Symbiotroph",30,"Pot-53","Wet","High","Heterospecific",2,"Fungi"
"53WHH2F","Unassigned",9302,"Pot-53","Wet","High","Heterospecific",2,"Fungi"
"54WHH1F","Multi-trophic",2560,"Pot-54","Wet","High","Heterospecific",1,"Fungi"
"54WHH1F","Pathotroph",202,"Pot-54","Wet","High","Heterospecific",1,"Fungi"
"54WHH1F","Saprotroph",6968,"Pot-54","Wet","High","Heterospecific",1,"Fungi"
"54WHH1F","Symbiotroph",99,"Pot-54","Wet","High","Heterospecific",1,"Fungi"
"54WHH1F","Unassigned",14032,"Pot-54","Wet","High","Heterospecific",1,"Fungi"
"54WHH2F","Multi-trophic",4540,"Pot-54","Wet","High","Heterospecific",2,"Fungi"
"54WHH2F","Pathotroph",17,"Pot-54","Wet","High","Heterospecific",2,"Fungi"
"54WHH2F","Saprotroph",413,"Pot-54","Wet","High","Heterospecific",2,"Fungi"
"54WHH2F","Symbiotroph",3241,"Pot-54","Wet","High","Heterospecific",2,"Fungi"
"54WHH2F","Unassigned",5820,"Pot-54","Wet","High","Heterospecific",2,"Fungi"
"55WHH1F","Multi-trophic",1093,"Pot-55","Wet","High","Heterospecific",1,"Fungi"
"55WHH1F","Pathotroph",39,"Pot-55","Wet","High","Heterospecific",1,"Fungi"
"55WHH1F","Saprotroph",3409,"Pot-55","Wet","High","Heterospecific",1,"Fungi"
"55WHH1F","Symbiotroph",119,"Pot-55","Wet","High","Heterospecific",1,"Fungi"
"55WHH1F","Unassigned",4440,"Pot-55","Wet","High","Heterospecific",1,"Fungi"
"55WHH2F","Multi-trophic",4010,"Pot-55","Wet","High","Heterospecific",2,"Fungi"
"55WHH2F","Pathotroph",0,"Pot-55","Wet","High","Heterospecific",2,"Fungi"
"55WHH2F","Saprotroph",10572,"Pot-55","Wet","High","Heterospecific",2,"Fungi"
"55WHH2F","Symbiotroph",124,"Pot-55","Wet","High","Heterospecific",2,"Fungi"
"55WHH2F","Unassigned",3292,"Pot-55","Wet","High","Heterospecific",2,"Fungi"
"56WHH1F","Multi-trophic",797,"Pot-56","Wet","High","Heterospecific",1,"Fungi"
"56WHH1F","Pathotroph",29,"Pot-56","Wet","High","Heterospecific",1,"Fungi"
"56WHH1F","Saprotroph",565,"Pot-56","Wet","High","Heterospecific",1,"Fungi"
"56WHH1F","Symbiotroph",0,"Pot-56","Wet","High","Heterospecific",1,"Fungi"
"56WHH1F","Unassigned",1595,"Pot-56","Wet","High","Heterospecific",1,"Fungi"
"56WHH2F","Multi-trophic",150,"Pot-56","Wet","High","Heterospecific",2,"Fungi"
"56WHH2F","Pathotroph",58,"Pot-56","Wet","High","Heterospecific",2,"Fungi"
"56WHH2F","Saprotroph",3645,"Pot-56","Wet","High","Heterospecific",2,"Fungi"
"56WHH2F","Symbiotroph",3,"Pot-56","Wet","High","Heterospecific",2,"Fungi"
"56WHH2F","Unassigned",1436,"Pot-56","Wet","High","Heterospecific",2,"Fungi"
"57WHH1F","Multi-trophic",1993,"Pot-57","Wet","High","Heterospecific",1,"Fungi"
"57WHH1F","Pathotroph",296,"Pot-57","Wet","High","Heterospecific",1,"Fungi"
"57WHH1F","Saprotroph",2048,"Pot-57","Wet","High","Heterospecific",1,"Fungi"
"57WHH1F","Symbiotroph",63,"Pot-57","Wet","High","Heterospecific",1,"Fungi"
"57WHH1F","Unassigned",4655,"Pot-57","Wet","High","Heterospecific",1,"Fungi"
"57WHH2F","Multi-trophic",2470,"Pot-57","Wet","High","Heterospecific",2,"Fungi"
"57WHH2F","Pathotroph",18,"Pot-57","Wet","High","Heterospecific",2,"Fungi"
"57WHH2F","Saprotroph",1364,"Pot-57","Wet","High","Heterospecific",2,"Fungi"
"57WHH2F","Symbiotroph",46,"Pot-57","Wet","High","Heterospecific",2,"Fungi"
"57WHH2F","Unassigned",1923,"Pot-57","Wet","High","Heterospecific",2,"Fungi"
"58WHH1F","Multi-trophic",2351,"Pot-58","Wet","High","Heterospecific",1,"Fungi"
"58WHH1F","Pathotroph",437,"Pot-58","Wet","High","Heterospecific",1,"Fungi"
"58WHH1F","Saprotroph",3948,"Pot-58","Wet","High","Heterospecific",1,"Fungi"
"58WHH1F","Symbiotroph",453,"Pot-58","Wet","High","Heterospecific",1,"Fungi"
"58WHH1F","Unassigned",5504,"Pot-58","Wet","High","Heterospecific",1,"Fungi"
"58WHH2F","Multi-trophic",450,"Pot-58","Wet","High","Heterospecific",2,"Fungi"
"58WHH2F","Pathotroph",15,"Pot-58","Wet","High","Heterospecific",2,"Fungi"
"58WHH2F","Saprotroph",10122,"Pot-58","Wet","High","Heterospecific",2,"Fungi"
"58WHH2F","Symbiotroph",4613,"Pot-58","Wet","High","Heterospecific",2,"Fungi"
"58WHH2F","Unassigned",1262,"Pot-58","Wet","High","Heterospecific",2,"Fungi"
"59WHH1F","Multi-trophic",920,"Pot-59","Wet","High","Heterospecific",1,"Fungi"
"59WHH1F","Pathotroph",1009,"Pot-59","Wet","High","Heterospecific",1,"Fungi"
"59WHH1F","Saprotroph",1058,"Pot-59","Wet","High","Heterospecific",1,"Fungi"
"59WHH1F","Symbiotroph",7,"Pot-59","Wet","High","Heterospecific",1,"Fungi"
"59WHH1F","Unassigned",3956,"Pot-59","Wet","High","Heterospecific",1,"Fungi"
"59WHH2F","Multi-trophic",188,"Pot-59","Wet","High","Heterospecific",2,"Fungi"
"59WHH2F","Pathotroph",6,"Pot-59","Wet","High","Heterospecific",2,"Fungi"
"59WHH2F","Saprotroph",7085,"Pot-59","Wet","High","Heterospecific",2,"Fungi"
"59WHH2F","Symbiotroph",45,"Pot-59","Wet","High","Heterospecific",2,"Fungi"
"59WHH2F","Unassigned",1342,"Pot-59","Wet","High","Heterospecific",2,"Fungi"
"5WLC1F","Multi-trophic",16855,"Pot-5","Wet","Low","Conspecific",1,"Fungi"
"5WLC1F","Pathotroph",850,"Pot-5","Wet","Low","Conspecific",1,"Fungi"
"5WLC1F","Saprotroph",8706,"Pot-5","Wet","Low","Conspecific",1,"Fungi"
"5WLC1F","Symbiotroph",28,"Pot-5","Wet","Low","Conspecific",1,"Fungi"
"5WLC1F","Unassigned",12488,"Pot-5","Wet","Low","Conspecific",1,"Fungi"
"5WLC2F","Multi-trophic",4418,"Pot-5","Wet","Low","Conspecific",2,"Fungi"
"5WLC2F","Pathotroph",0,"Pot-5","Wet","Low","Conspecific",2,"Fungi"
"5WLC2F","Saprotroph",3258,"Pot-5","Wet","Low","Conspecific",2,"Fungi"
"5WLC2F","Symbiotroph",14833,"Pot-5","Wet","Low","Conspecific",2,"Fungi"
"5WLC2F","Unassigned",17700,"Pot-5","Wet","Low","Conspecific",2,"Fungi"
"60WHH1F","Multi-trophic",2647,"Pot-60","Wet","High","Heterospecific",1,"Fungi"
"60WHH1F","Pathotroph",92,"Pot-60","Wet","High","Heterospecific",1,"Fungi"
"60WHH1F","Saprotroph",1543,"Pot-60","Wet","High","Heterospecific",1,"Fungi"
"60WHH1F","Symbiotroph",49,"Pot-60","Wet","High","Heterospecific",1,"Fungi"
"60WHH1F","Unassigned",18122,"Pot-60","Wet","High","Heterospecific",1,"Fungi"
"60WHH2F","Multi-trophic",1386,"Pot-60","Wet","High","Heterospecific",2,"Fungi"
"60WHH2F","Pathotroph",26,"Pot-60","Wet","High","Heterospecific",2,"Fungi"
"60WHH2F","Saprotroph",2098,"Pot-60","Wet","High","Heterospecific",2,"Fungi"
"60WHH2F","Symbiotroph",547,"Pot-60","Wet","High","Heterospecific",2,"Fungi"
"60WHH2F","Unassigned",14650,"Pot-60","Wet","High","Heterospecific",2,"Fungi"
"61DLC1F","Multi-trophic",7656,"Pot-61","Dry","Low","Conspecific",1,"Fungi"
"61DLC1F","Pathotroph",30,"Pot-61","Dry","Low","Conspecific",1,"Fungi"
"61DLC1F","Saprotroph",9362,"Pot-61","Dry","Low","Conspecific",1,"Fungi"
"61DLC1F","Symbiotroph",3891,"Pot-61","Dry","Low","Conspecific",1,"Fungi"
"61DLC1F","Unassigned",7607,"Pot-61","Dry","Low","Conspecific",1,"Fungi"
"61DLC2F","Multi-trophic",13007,"Pot-61","Dry","Low","Conspecific",2,"Fungi"
"61DLC2F","Pathotroph",4,"Pot-61","Dry","Low","Conspecific",2,"Fungi"
"61DLC2F","Saprotroph",18227,"Pot-61","Dry","Low","Conspecific",2,"Fungi"
"61DLC2F","Symbiotroph",14525,"Pot-61","Dry","Low","Conspecific",2,"Fungi"
"61DLC2F","Unassigned",4830,"Pot-61","Dry","Low","Conspecific",2,"Fungi"
"62DLC1F","Multi-trophic",13480,"Pot-62","Dry","Low","Conspecific",1,"Fungi"
"62DLC1F","Pathotroph",226,"Pot-62","Dry","Low","Conspecific",1,"Fungi"
"62DLC1F","Saprotroph",13565,"Pot-62","Dry","Low","Conspecific",1,"Fungi"
"62DLC1F","Symbiotroph",43,"Pot-62","Dry","Low","Conspecific",1,"Fungi"
"62DLC1F","Unassigned",2240,"Pot-62","Dry","Low","Conspecific",1,"Fungi"
"62DLC2F","Multi-trophic",28311,"Pot-62","Dry","Low","Conspecific",2,"Fungi"
"62DLC2F","Pathotroph",9,"Pot-62","Dry","Low","Conspecific",2,"Fungi"
"62DLC2F","Saprotroph",7992,"Pot-62","Dry","Low","Conspecific",2,"Fungi"
"62DLC2F","Symbiotroph",64,"Pot-62","Dry","Low","Conspecific",2,"Fungi"
"62DLC2F","Unassigned",3237,"Pot-62","Dry","Low","Conspecific",2,"Fungi"
"63DLC1F","Multi-trophic",5179,"Pot-63","Dry","Low","Conspecific",1,"Fungi"
"63DLC1F","Pathotroph",13,"Pot-63","Dry","Low","Conspecific",1,"Fungi"
"63DLC1F","Saprotroph",29096,"Pot-63","Dry","Low","Conspecific",1,"Fungi"
"63DLC1F","Symbiotroph",5071,"Pot-63","Dry","Low","Conspecific",1,"Fungi"
"63DLC1F","Unassigned",1723,"Pot-63","Dry","Low","Conspecific",1,"Fungi"
"63DLC2F","Multi-trophic",9110,"Pot-63","Dry","Low","Conspecific",2,"Fungi"
"63DLC2F","Pathotroph",7,"Pot-63","Dry","Low","Conspecific",2,"Fungi"
"63DLC2F","Saprotroph",46086,"Pot-63","Dry","Low","Conspecific",2,"Fungi"
"63DLC2F","Symbiotroph",1357,"Pot-63","Dry","Low","Conspecific",2,"Fungi"
"63DLC2F","Unassigned",3614,"Pot-63","Dry","Low","Conspecific",2,"Fungi"
"64DLC1F","Multi-trophic",2574,"Pot-64","Dry","Low","Conspecific",1,"Fungi"
"64DLC1F","Pathotroph",54,"Pot-64","Dry","Low","Conspecific",1,"Fungi"
"64DLC1F","Saprotroph",1783,"Pot-64","Dry","Low","Conspecific",1,"Fungi"
"64DLC1F","Symbiotroph",6586,"Pot-64","Dry","Low","Conspecific",1,"Fungi"
"64DLC1F","Unassigned",4998,"Pot-64","Dry","Low","Conspecific",1,"Fungi"
"64DLC2F","Multi-trophic",10286,"Pot-64","Dry","Low","Conspecific",2,"Fungi"
"64DLC2F","Pathotroph",22,"Pot-64","Dry","Low","Conspecific",2,"Fungi"
"64DLC2F","Saprotroph",7625,"Pot-64","Dry","Low","Conspecific",2,"Fungi"
"64DLC2F","Symbiotroph",1894,"Pot-64","Dry","Low","Conspecific",2,"Fungi"
"64DLC2F","Unassigned",2543,"Pot-64","Dry","Low","Conspecific",2,"Fungi"
"65DLC1F","Multi-trophic",2654,"Pot-65","Dry","Low","Conspecific",1,"Fungi"
"65DLC1F","Pathotroph",1683,"Pot-65","Dry","Low","Conspecific",1,"Fungi"
"65DLC1F","Saprotroph",22146,"Pot-65","Dry","Low","Conspecific",1,"Fungi"
"65DLC1F","Symbiotroph",355,"Pot-65","Dry","Low","Conspecific",1,"Fungi"
"65DLC1F","Unassigned",12521,"Pot-65","Dry","Low","Conspecific",1,"Fungi"
"65DLC2F","Multi-trophic",6144,"Pot-65","Dry","Low","Conspecific",2,"Fungi"
"65DLC2F","Pathotroph",577,"Pot-65","Dry","Low","Conspecific",2,"Fungi"
"65DLC2F","Saprotroph",12904,"Pot-65","Dry","Low","Conspecific",2,"Fungi"
"65DLC2F","Symbiotroph",16346,"Pot-65","Dry","Low","Conspecific",2,"Fungi"
"65DLC2F","Unassigned",771,"Pot-65","Dry","Low","Conspecific",2,"Fungi"
"66DLC1F","Multi-trophic",6097,"Pot-66","Dry","Low","Conspecific",1,"Fungi"
"66DLC1F","Pathotroph",71,"Pot-66","Dry","Low","Conspecific",1,"Fungi"
"66DLC1F","Saprotroph",6841,"Pot-66","Dry","Low","Conspecific",1,"Fungi"
"66DLC1F","Symbiotroph",2420,"Pot-66","Dry","Low","Conspecific",1,"Fungi"
"66DLC1F","Unassigned",5385,"Pot-66","Dry","Low","Conspecific",1,"Fungi"
"66DLC2F","Multi-trophic",12812,"Pot-66","Dry","Low","Conspecific",2,"Fungi"
"66DLC2F","Pathotroph",292,"Pot-66","Dry","Low","Conspecific",2,"Fungi"
"66DLC2F","Saprotroph",1366,"Pot-66","Dry","Low","Conspecific",2,"Fungi"
"66DLC2F","Symbiotroph",4802,"Pot-66","Dry","Low","Conspecific",2,"Fungi"
"66DLC2F","Unassigned",3503,"Pot-66","Dry","Low","Conspecific",2,"Fungi"
"67DLC1F","Multi-trophic",15337,"Pot-67","Dry","Low","Conspecific",1,"Fungi"
"67DLC1F","Pathotroph",39,"Pot-67","Dry","Low","Conspecific",1,"Fungi"
"67DLC1F","Saprotroph",6689,"Pot-67","Dry","Low","Conspecific",1,"Fungi"
"67DLC1F","Symbiotroph",4600,"Pot-67","Dry","Low","Conspecific",1,"Fungi"
"67DLC1F","Unassigned",11716,"Pot-67","Dry","Low","Conspecific",1,"Fungi"
"67DLC2F","Multi-trophic",3587,"Pot-67","Dry","Low","Conspecific",2,"Fungi"
"67DLC2F","Pathotroph",87,"Pot-67","Dry","Low","Conspecific",2,"Fungi"
"67DLC2F","Saprotroph",9905,"Pot-67","Dry","Low","Conspecific",2,"Fungi"
"67DLC2F","Symbiotroph",1198,"Pot-67","Dry","Low","Conspecific",2,"Fungi"
"67DLC2F","Unassigned",5962,"Pot-67","Dry","Low","Conspecific",2,"Fungi"
"68DLC1F","Multi-trophic",2334,"Pot-68","Dry","Low","Conspecific",1,"Fungi"
"68DLC1F","Pathotroph",16,"Pot-68","Dry","Low","Conspecific",1,"Fungi"
"68DLC1F","Saprotroph",5357,"Pot-68","Dry","Low","Conspecific",1,"Fungi"
"68DLC1F","Symbiotroph",3449,"Pot-68","Dry","Low","Conspecific",1,"Fungi"
"68DLC1F","Unassigned",3393,"Pot-68","Dry","Low","Conspecific",1,"Fungi"
"68DLC2F","Multi-trophic",4711,"Pot-68","Dry","Low","Conspecific",2,"Fungi"
"68DLC2F","Pathotroph",35,"Pot-68","Dry","Low","Conspecific",2,"Fungi"
"68DLC2F","Saprotroph",3016,"Pot-68","Dry","Low","Conspecific",2,"Fungi"
"68DLC2F","Symbiotroph",10538,"Pot-68","Dry","Low","Conspecific",2,"Fungi"
"68DLC2F","Unassigned",3959,"Pot-68","Dry","Low","Conspecific",2,"Fungi"
"69DLC1F","Multi-trophic",11504,"Pot-69","Dry","Low","Conspecific",1,"Fungi"
"69DLC1F","Pathotroph",1068,"Pot-69","Dry","Low","Conspecific",1,"Fungi"
"69DLC1F","Saprotroph",20175,"Pot-69","Dry","Low","Conspecific",1,"Fungi"
"69DLC1F","Symbiotroph",16735,"Pot-69","Dry","Low","Conspecific",1,"Fungi"
"69DLC1F","Unassigned",6472,"Pot-69","Dry","Low","Conspecific",1,"Fungi"
"69DLC2F","Multi-trophic",2227,"Pot-69","Dry","Low","Conspecific",2,"Fungi"
"69DLC2F","Pathotroph",8,"Pot-69","Dry","Low","Conspecific",2,"Fungi"
"69DLC2F","Saprotroph",15304,"Pot-69","Dry","Low","Conspecific",2,"Fungi"
"69DLC2F","Symbiotroph",2573,"Pot-69","Dry","Low","Conspecific",2,"Fungi"
"69DLC2F","Unassigned",1990,"Pot-69","Dry","Low","Conspecific",2,"Fungi"
"6WLC1F","Multi-trophic",871,"Pot-6","Wet","Low","Conspecific",1,"Fungi"
"6WLC1F","Pathotroph",0,"Pot-6","Wet","Low","Conspecific",1,"Fungi"
"6WLC1F","Saprotroph",3784,"Pot-6","Wet","Low","Conspecific",1,"Fungi"
"6WLC1F","Symbiotroph",3199,"Pot-6","Wet","Low","Conspecific",1,"Fungi"
"6WLC1F","Unassigned",6990,"Pot-6","Wet","Low","Conspecific",1,"Fungi"
"6WLC2F","Multi-trophic",678,"Pot-6","Wet","Low","Conspecific",2,"Fungi"
"6WLC2F","Pathotroph",197,"Pot-6","Wet","Low","Conspecific",2,"Fungi"
"6WLC2F","Saprotroph",734,"Pot-6","Wet","Low","Conspecific",2,"Fungi"
"6WLC2F","Symbiotroph",98,"Pot-6","Wet","Low","Conspecific",2,"Fungi"
"6WLC2F","Unassigned",14822,"Pot-6","Wet","Low","Conspecific",2,"Fungi"
"70DLC1F","Multi-trophic",2519,"Pot-70","Dry","Low","Conspecific",1,"Fungi"
"70DLC1F","Pathotroph",28,"Pot-70","Dry","Low","Conspecific",1,"Fungi"
"70DLC1F","Saprotroph",5337,"Pot-70","Dry","Low","Conspecific",1,"Fungi"
"70DLC1F","Symbiotroph",4903,"Pot-70","Dry","Low","Conspecific",1,"Fungi"
"70DLC1F","Unassigned",2931,"Pot-70","Dry","Low","Conspecific",1,"Fungi"
"70DLC2F","Multi-trophic",1489,"Pot-70","Dry","Low","Conspecific",2,"Fungi"
"70DLC2F","Pathotroph",7,"Pot-70","Dry","Low","Conspecific",2,"Fungi"
"70DLC2F","Saprotroph",5797,"Pot-70","Dry","Low","Conspecific",2,"Fungi"
"70DLC2F","Symbiotroph",5056,"Pot-70","Dry","Low","Conspecific",2,"Fungi"
"70DLC2F","Unassigned",3207,"Pot-70","Dry","Low","Conspecific",2,"Fungi"
"7WLC1F","Multi-trophic",13920,"Pot-7","Wet","Low","Conspecific",1,"Fungi"
"7WLC1F","Pathotroph",4479,"Pot-7","Wet","Low","Conspecific",1,"Fungi"
"7WLC1F","Saprotroph",5287,"Pot-7","Wet","Low","Conspecific",1,"Fungi"
"7WLC1F","Symbiotroph",158,"Pot-7","Wet","Low","Conspecific",1,"Fungi"
"7WLC1F","Unassigned",33756,"Pot-7","Wet","Low","Conspecific",1,"Fungi"
"7WLC2F","Multi-trophic",11894,"Pot-7","Wet","Low","Conspecific",2,"Fungi"
"7WLC2F","Pathotroph",2038,"Pot-7","Wet","Low","Conspecific",2,"Fungi"
"7WLC2F","Saprotroph",10175,"Pot-7","Wet","Low","Conspecific",2,"Fungi"
"7WLC2F","Symbiotroph",73,"Pot-7","Wet","Low","Conspecific",2,"Fungi"
"7WLC2F","Unassigned",16478,"Pot-7","Wet","Low","Conspecific",2,"Fungi"
"81DLH1F","Multi-trophic",1123,"Pot-81","Dry","Low","Heterospecific",1,"Fungi"
"81DLH1F","Pathotroph",465,"Pot-81","Dry","Low","Heterospecific",1,"Fungi"
"81DLH1F","Saprotroph",4073,"Pot-81","Dry","Low","Heterospecific",1,"Fungi"
"81DLH1F","Symbiotroph",3757,"Pot-81","Dry","Low","Heterospecific",1,"Fungi"
"81DLH1F","Unassigned",6474,"Pot-81","Dry","Low","Heterospecific",1,"Fungi"
"81DLH2F","Multi-trophic",1627,"Pot-81","Dry","Low","Heterospecific",2,"Fungi"
"81DLH2F","Pathotroph",65,"Pot-81","Dry","Low","Heterospecific",2,"Fungi"
"81DLH2F","Saprotroph",5816,"Pot-81","Dry","Low","Heterospecific",2,"Fungi"
"81DLH2F","Symbiotroph",5986,"Pot-81","Dry","Low","Heterospecific",2,"Fungi"
"81DLH2F","Unassigned",3427,"Pot-81","Dry","Low","Heterospecific",2,"Fungi"
"82DLH1F","Multi-trophic",7333,"Pot-82","Dry","Low","Heterospecific",1,"Fungi"
"82DLH1F","Pathotroph",598,"Pot-82","Dry","Low","Heterospecific",1,"Fungi"
"82DLH1F","Saprotroph",16865,"Pot-82","Dry","Low","Heterospecific",1,"Fungi"
"82DLH1F","Symbiotroph",8344,"Pot-82","Dry","Low","Heterospecific",1,"Fungi"
"82DLH1F","Unassigned",1711,"Pot-82","Dry","Low","Heterospecific",1,"Fungi"
"82DLH2F","Multi-trophic",2794,"Pot-82","Dry","Low","Heterospecific",2,"Fungi"
"82DLH2F","Pathotroph",7,"Pot-82","Dry","Low","Heterospecific",2,"Fungi"
"82DLH2F","Saprotroph",3716,"Pot-82","Dry","Low","Heterospecific",2,"Fungi"
"82DLH2F","Symbiotroph",3086,"Pot-82","Dry","Low","Heterospecific",2,"Fungi"
"82DLH2F","Unassigned",1937,"Pot-82","Dry","Low","Heterospecific",2,"Fungi"
"83DLH1F","Multi-trophic",1210,"Pot-83","Dry","Low","Heterospecific",1,"Fungi"
"83DLH1F","Pathotroph",57,"Pot-83","Dry","Low","Heterospecific",1,"Fungi"
"83DLH1F","Saprotroph",5314,"Pot-83","Dry","Low","Heterospecific",1,"Fungi"
"83DLH1F","Symbiotroph",2015,"Pot-83","Dry","Low","Heterospecific",1,"Fungi"
"83DLH1F","Unassigned",1695,"Pot-83","Dry","Low","Heterospecific",1,"Fungi"
"83DLH2F","Multi-trophic",810,"Pot-83","Dry","Low","Heterospecific",2,"Fungi"
"83DLH2F","Pathotroph",13,"Pot-83","Dry","Low","Heterospecific",2,"Fungi"
"83DLH2F","Saprotroph",386,"Pot-83","Dry","Low","Heterospecific",2,"Fungi"
"83DLH2F","Symbiotroph",2339,"Pot-83","Dry","Low","Heterospecific",2,"Fungi"
"83DLH2F","Unassigned",511,"Pot-83","Dry","Low","Heterospecific",2,"Fungi"
"84DLH1F","Multi-trophic",1731,"Pot-84","Dry","Low","Heterospecific",1,"Fungi"
"84DLH1F","Pathotroph",9,"Pot-84","Dry","Low","Heterospecific",1,"Fungi"
"84DLH1F","Saprotroph",1437,"Pot-84","Dry","Low","Heterospecific",1,"Fungi"
"84DLH1F","Symbiotroph",1603,"Pot-84","Dry","Low","Heterospecific",1,"Fungi"
"84DLH1F","Unassigned",3388,"Pot-84","Dry","Low","Heterospecific",1,"Fungi"
"84DLH2F","Multi-trophic",977,"Pot-84","Dry","Low","Heterospecific",2,"Fungi"
"84DLH2F","Pathotroph",2,"Pot-84","Dry","Low","Heterospecific",2,"Fungi"
"84DLH2F","Saprotroph",3513,"Pot-84","Dry","Low","Heterospecific",2,"Fungi"
"84DLH2F","Symbiotroph",46,"Pot-84","Dry","Low","Heterospecific",2,"Fungi"
"84DLH2F","Unassigned",1860,"Pot-84","Dry","Low","Heterospecific",2,"Fungi"
"85DLH1F","Multi-trophic",3485,"Pot-85","Dry","Low","Heterospecific",1,"Fungi"
"85DLH1F","Pathotroph",4,"Pot-85","Dry","Low","Heterospecific",1,"Fungi"
"85DLH1F","Saprotroph",3981,"Pot-85","Dry","Low","Heterospecific",1,"Fungi"
"85DLH1F","Symbiotroph",1478,"Pot-85","Dry","Low","Heterospecific",1,"Fungi"
"85DLH1F","Unassigned",16612,"Pot-85","Dry","Low","Heterospecific",1,"Fungi"
"85DLH2F","Multi-trophic",4814,"Pot-85","Dry","Low","Heterospecific",2,"Fungi"
"85DLH2F","Pathotroph",10,"Pot-85","Dry","Low","Heterospecific",2,"Fungi"
"85DLH2F","Saprotroph",7590,"Pot-85","Dry","Low","Heterospecific",2,"Fungi"
"85DLH2F","Symbiotroph",1060,"Pot-85","Dry","Low","Heterospecific",2,"Fungi"
"85DLH2F","Unassigned",6156,"Pot-85","Dry","Low","Heterospecific",2,"Fungi"
"86DLH1F","Multi-trophic",1029,"Pot-86","Dry","Low","Heterospecific",1,"Fungi"
"86DLH1F","Pathotroph",34,"Pot-86","Dry","Low","Heterospecific",1,"Fungi"
"86DLH1F","Saprotroph",2764,"Pot-86","Dry","Low","Heterospecific",1,"Fungi"
"86DLH1F","Symbiotroph",4543,"Pot-86","Dry","Low","Heterospecific",1,"Fungi"
"86DLH1F","Unassigned",3696,"Pot-86","Dry","Low","Heterospecific",1,"Fungi"
"86DLH2F","Multi-trophic",7576,"Pot-86","Dry","Low","Heterospecific",2,"Fungi"
"86DLH2F","Pathotroph",88,"Pot-86","Dry","Low","Heterospecific",2,"Fungi"
"86DLH2F","Saprotroph",9889,"Pot-86","Dry","Low","Heterospecific",2,"Fungi"
"86DLH2F","Symbiotroph",410,"Pot-86","Dry","Low","Heterospecific",2,"Fungi"
"86DLH2F","Unassigned",2988,"Pot-86","Dry","Low","Heterospecific",2,"Fungi"
"87DLH1F","Multi-trophic",3588,"Pot-87","Dry","Low","Heterospecific",1,"Fungi"
"87DLH1F","Pathotroph",99,"Pot-87","Dry","Low","Heterospecific",1,"Fungi"
"87DLH1F","Saprotroph",22111,"Pot-87","Dry","Low","Heterospecific",1,"Fungi"
"87DLH1F","Symbiotroph",3399,"Pot-87","Dry","Low","Heterospecific",1,"Fungi"
"87DLH1F","Unassigned",3723,"Pot-87","Dry","Low","Heterospecific",1,"Fungi"
"87DLH2F","Multi-trophic",5262,"Pot-87","Dry","Low","Heterospecific",2,"Fungi"
"87DLH2F","Pathotroph",98,"Pot-87","Dry","Low","Heterospecific",2,"Fungi"
"87DLH2F","Saprotroph",13473,"Pot-87","Dry","Low","Heterospecific",2,"Fungi"
"87DLH2F","Symbiotroph",6805,"Pot-87","Dry","Low","Heterospecific",2,"Fungi"
"87DLH2F","Unassigned",4690,"Pot-87","Dry","Low","Heterospecific",2,"Fungi"
"88DLH1F","Multi-trophic",6321,"Pot-88","Dry","Low","Heterospecific",1,"Fungi"
"88DLH1F","Pathotroph",42,"Pot-88","Dry","Low","Heterospecific",1,"Fungi"
"88DLH1F","Saprotroph",973,"Pot-88","Dry","Low","Heterospecific",1,"Fungi"
"88DLH1F","Symbiotroph",938,"Pot-88","Dry","Low","Heterospecific",1,"Fungi"
"88DLH1F","Unassigned",7874,"Pot-88","Dry","Low","Heterospecific",1,"Fungi"
"88DLH2F","Multi-trophic",5535,"Pot-88","Dry","Low","Heterospecific",2,"Fungi"
"88DLH2F","Pathotroph",28,"Pot-88","Dry","Low","Heterospecific",2,"Fungi"
"88DLH2F","Saprotroph",2649,"Pot-88","Dry","Low","Heterospecific",2,"Fungi"
"88DLH2F","Symbiotroph",1727,"Pot-88","Dry","Low","Heterospecific",2,"Fungi"
"88DLH2F","Unassigned",12423,"Pot-88","Dry","Low","Heterospecific",2,"Fungi"
"89DLH1F","Multi-trophic",13173,"Pot-89","Dry","Low","Heterospecific",1,"Fungi"
"89DLH1F","Pathotroph",9,"Pot-89","Dry","Low","Heterospecific",1,"Fungi"
"89DLH1F","Saprotroph",8903,"Pot-89","Dry","Low","Heterospecific",1,"Fungi"
"89DLH1F","Symbiotroph",2176,"Pot-89","Dry","Low","Heterospecific",1,"Fungi"
"89DLH1F","Unassigned",6698,"Pot-89","Dry","Low","Heterospecific",1,"Fungi"
"89DLH2F","Multi-trophic",11691,"Pot-89","Dry","Low","Heterospecific",2,"Fungi"
"89DLH2F","Pathotroph",300,"Pot-89","Dry","Low","Heterospecific",2,"Fungi"
"89DLH2F","Saprotroph",10222,"Pot-89","Dry","Low","Heterospecific",2,"Fungi"
"89DLH2F","Symbiotroph",6292,"Pot-89","Dry","Low","Heterospecific",2,"Fungi"
"89DLH2F","Unassigned",11132,"Pot-89","Dry","Low","Heterospecific",2,"Fungi"
"8WLC1F","Multi-trophic",2512,"Pot-8","Wet","Low","Conspecific",1,"Fungi"
"8WLC1F","Pathotroph",15,"Pot-8","Wet","Low","Conspecific",1,"Fungi"
"8WLC1F","Saprotroph",6728,"Pot-8","Wet","Low","Conspecific",1,"Fungi"
"8WLC1F","Symbiotroph",15,"Pot-8","Wet","Low","Conspecific",1,"Fungi"
"8WLC1F","Unassigned",21243,"Pot-8","Wet","Low","Conspecific",1,"Fungi"
"8WLC2F","Multi-trophic",765,"Pot-8","Wet","Low","Conspecific",2,"Fungi"
"8WLC2F","Pathotroph",0,"Pot-8","Wet","Low","Conspecific",2,"Fungi"
"8WLC2F","Saprotroph",21912,"Pot-8","Wet","Low","Conspecific",2,"Fungi"
"8WLC2F","Symbiotroph",40,"Pot-8","Wet","Low","Conspecific",2,"Fungi"
"8WLC2F","Unassigned",4439,"Pot-8","Wet","Low","Conspecific",2,"Fungi"
"90DLH1F","Multi-trophic",12354,"Pot-90","Dry","Low","Heterospecific",1,"Fungi"
"90DLH1F","Pathotroph",15,"Pot-90","Dry","Low","Heterospecific",1,"Fungi"
"90DLH1F","Saprotroph",6670,"Pot-90","Dry","Low","Heterospecific",1,"Fungi"
"90DLH1F","Symbiotroph",188,"Pot-90","Dry","Low","Heterospecific",1,"Fungi"
"90DLH1F","Unassigned",4613,"Pot-90","Dry","Low","Heterospecific",1,"Fungi"
"90DLH2F","Multi-trophic",11478,"Pot-90","Dry","Low","Heterospecific",2,"Fungi"
"90DLH2F","Pathotroph",0,"Pot-90","Dry","Low","Heterospecific",2,"Fungi"
"90DLH2F","Saprotroph",10910,"Pot-90","Dry","Low","Heterospecific",2,"Fungi"
"90DLH2F","Symbiotroph",2480,"Pot-90","Dry","Low","Heterospecific",2,"Fungi"
"90DLH2F","Unassigned",5206,"Pot-90","Dry","Low","Heterospecific",2,"Fungi"
"96DHC1F","Multi-trophic",5653,"Pot-96","Dry","High","Conspecific",1,"Fungi"
"96DHC1F","Pathotroph",0,"Pot-96","Dry","High","Conspecific",1,"Fungi"
"96DHC1F","Saprotroph",5714,"Pot-96","Dry","High","Conspecific",1,"Fungi"
"96DHC1F","Symbiotroph",3315,"Pot-96","Dry","High","Conspecific",1,"Fungi"
"96DHC1F","Unassigned",5241,"Pot-96","Dry","High","Conspecific",1,"Fungi"
"96DHC2F","Multi-trophic",2003,"Pot-96","Dry","High","Conspecific",2,"Fungi"
"96DHC2F","Pathotroph",0,"Pot-96","Dry","High","Conspecific",2,"Fungi"
"96DHC2F","Saprotroph",7781,"Pot-96","Dry","High","Conspecific",2,"Fungi"
"96DHC2F","Symbiotroph",705,"Pot-96","Dry","High","Conspecific",2,"Fungi"
"96DHC2F","Unassigned",1067,"Pot-96","Dry","High","Conspecific",2,"Fungi"
"97DHC1F","Multi-trophic",3280,"Pot-97","Dry","High","Conspecific",1,"Fungi"
"97DHC1F","Pathotroph",9,"Pot-97","Dry","High","Conspecific",1,"Fungi"
"97DHC1F","Saprotroph",2225,"Pot-97","Dry","High","Conspecific",1,"Fungi"
"97DHC1F","Symbiotroph",922,"Pot-97","Dry","High","Conspecific",1,"Fungi"
"97DHC1F","Unassigned",3047,"Pot-97","Dry","High","Conspecific",1,"Fungi"
"97DHC2F","Multi-trophic",5615,"Pot-97","Dry","High","Conspecific",2,"Fungi"
"97DHC2F","Pathotroph",28,"Pot-97","Dry","High","Conspecific",2,"Fungi"
"97DHC2F","Saprotroph",4517,"Pot-97","Dry","High","Conspecific",2,"Fungi"
"97DHC2F","Symbiotroph",394,"Pot-97","Dry","High","Conspecific",2,"Fungi"
"97DHC2F","Unassigned",1707,"Pot-97","Dry","High","Conspecific",2,"Fungi"
"98DHC1F","Multi-trophic",3611,"Pot-98","Dry","High","Conspecific",1,"Fungi"
"98DHC1F","Pathotroph",12,"Pot-98","Dry","High","Conspecific",1,"Fungi"
"98DHC1F","Saprotroph",2630,"Pot-98","Dry","High","Conspecific",1,"Fungi"
"98DHC1F","Symbiotroph",2509,"Pot-98","Dry","High","Conspecific",1,"Fungi"
"98DHC1F","Unassigned",7187,"Pot-98","Dry","High","Conspecific",1,"Fungi"
"98DHC2F","Multi-trophic",1325,"Pot-98","Dry","High","Conspecific",2,"Fungi"
"98DHC2F","Pathotroph",8,"Pot-98","Dry","High","Conspecific",2,"Fungi"
"98DHC2F","Saprotroph",1868,"Pot-98","Dry","High","Conspecific",2,"Fungi"
"98DHC2F","Symbiotroph",2030,"Pot-98","Dry","High","Conspecific",2,"Fungi"
"98DHC2F","Unassigned",1082,"Pot-98","Dry","High","Conspecific",2,"Fungi"
"9WLC1F","Multi-trophic",1218,"Pot-9","Wet","Low","Conspecific",1,"Fungi"
"9WLC1F","Pathotroph",413,"Pot-9","Wet","Low","Conspecific",1,"Fungi"
"9WLC1F","Saprotroph",1146,"Pot-9","Wet","Low","Conspecific",1,"Fungi"
"9WLC1F","Symbiotroph",126,"Pot-9","Wet","Low","Conspecific",1,"Fungi"
"9WLC1F","Unassigned",2995,"Pot-9","Wet","Low","Conspecific",1,"Fungi"
"9WLC2F","Multi-trophic",697,"Pot-9","Wet","Low","Conspecific",2,"Fungi"
"9WLC2F","Pathotroph",522,"Pot-9","Wet","Low","Conspecific",2,"Fungi"
"9WLC2F","Saprotroph",429,"Pot-9","Wet","Low","Conspecific",2,"Fungi"
"9WLC2F","Symbiotroph",71,"Pot-9","Wet","Low","Conspecific",2,"Fungi"
"9WLC2F","Unassigned",1380,"Pot-9","Wet","Low","Conspecific",2,"Fungi"
