"ASV","Indicator","stat","p.value","p_adj","Phylum","Class","Order","Family","Genus"
"87df14efae8b75990eaf7c2785573afd","High",0.84405483266347,0.001,0.0132823529411765,"Desulfobacterota","Desulfobulbia","Desulfobulbales","Desulfocapsaceae",""
"9c5ffa633c46acf767447b7ce4fa276f","High",0.841182183321779,0.001,0.0132823529411765,"Firmicutes","Clostridia","","",""
"7061e68888c2906619e7cb18c6bd3d1a","High",0.834771861668493,0.001,0.0132823529411765,"Bacteroidota","Bacteroidia","Bacteroidales","",""
"fccd5b7afe391870624505cf6472e0b1","High",0.826070007145574,0.001,0.0132823529411765,"Firmicutes","Negativicutes","uncultured","uncultured","uncultured"
"dbc7b810cb19121f0e209fac0c2f065d","High",0.820278862123516,0.001,0.0132823529411765,"Desulfobacterota","Desulfovibrionia","Desulfovibrionales","Desulfovibrionaceae",""
"5eeaf06d4d2579816f65cf04240b033d","High",0.784464540552736,0.001,0.0132823529411765,"Firmicutes","Limnochordia","Limnochordia","Limnochordia","Hydrogenispora"
"0f1941282c37404429c575da250ee913","High",0.771670798163847,0.001,0.0132823529411765,"Firmicutes","Negativicutes","Veillonellales-Selenomonadales","Sporomusaceae","uncultured"
"ba6d2e69bc1659aa99a71c88bee74244","High",0.768495713508998,0.001,0.0132823529411765,"Firmicutes","Clostridia","Lachnospirales","uncultured","uncultured"
"4fc4172d3dbb80d836d242726d97e17c","Low",0.765747412756861,0.001,0.0132823529411765,"Actinobacteriota","Actinobacteria","Pseudonocardiales","Pseudonocardiaceae","Actinophytocola"
"28601c205ded8137cb4eb807af79e7f8","Low",0.758990983917667,0.001,0.0132823529411765,"Actinobacteriota","Actinobacteria","Pseudonocardiales","Pseudonocardiaceae",""
"770d3f50dccf0cbcde3f94868ee5956c","High",0.757960847229735,0.001,0.0132823529411765,"Firmicutes","Negativicutes","Veillonellales-Selenomonadales","Sporomusaceae","Anaerospora"
"5e086f9ab89d19f23892e0083d1acd39","High",0.723305560621812,0.001,0.0132823529411765,"Actinobacteriota","Actinobacteria","Micrococcales","Microbacteriaceae",""
"5a1d2c773560cfe73a136aefda41fcf3","High",0.719273913125194,0.001,0.0132823529411765,"Firmicutes","Negativicutes","uncultured","uncultured","uncultured"
"803719094227b34fcc7bf69527d85ab5","High",0.717698527136651,0.001,0.0132823529411765,"Actinobacteriota","Actinobacteria","Propionibacteriales","Propionibacteriaceae",""
"cc411d0f7e715d25df064a36772b1ca9","High",0.707106781186548,0.001,0.0132823529411765,"Firmicutes","Clostridia","Oscillospirales","Hungateiclostridiaceae",""
"344290542e48f66d0f4415ffa9a38c5d","High",0.698009692084742,0.001,0.0132823529411765,"Proteobacteria","Gammaproteobacteria","Burkholderiales","Comamonadaceae",""
"dba637ee74886a68267e2ec1ba257b8c","Low",0.697210881035017,0.001,0.0132823529411765,"Patescibacteria","Saccharimonadia","Saccharimonadales","Saccharimonadaceae","TM7a"
"4e45842e08a16aba13308e57e1f01085","High",0.696331471254018,0.001,0.0132823529411765,"Actinobacteriota","Coriobacteriia","OPB41","OPB41","OPB41"
"ba4f516127f3854374b8d5fbf2b70c36","High",0.694847502827189,0.001,0.0132823529411765,"Proteobacteria","Gammaproteobacteria","Burkholderiales","Comamonadaceae",""
"51193d0e47628ea88487ec4974ae0801","High",0.693375245281536,0.001,0.0132823529411765,"Elusimicrobiota","Endomicrobia","Endomicrobiales","Endomicrobiaceae","Endomicrobium"
"22271a0f166c1fb52d0af18fe808ceff","High",0.693375245281536,0.001,0.0132823529411765,"Firmicutes","Desulfitobacteriia","Desulfitobacteriales","Desulfitobacteriaceae","Desulfosporosinus"
"3687ca589616104152f29656ba67211f","High",0.693269735242359,0.001,0.0132823529411765,"Desulfobacterota","Desulfobulbia","Desulfobulbales","Desulfocapsaceae",""
"ac64844c5af156e34c119ef78674b165","High",0.68998463696631,0.001,0.0132823529411765,"Firmicutes","Negativicutes","Veillonellales-Selenomonadales","",""
"2e90ab27366e10967c7cabdc41217295","High",0.679366220486757,0.001,0.0132823529411765,"Fibrobacterota","Fibrobacteria","Fibrobacterales","Fibrobacterales","BBMC-4"
"185652f59b80fc34ed451c886e90541d","High",0.679366220486757,0.001,0.0132823529411765,"Elusimicrobiota","Endomicrobia","Endomicrobiales","Endomicrobiaceae","Endomicrobium"
"2b5d51d5f573cda72d782aba735844c2","High",0.679366220486757,0.001,0.0132823529411765,"Bacteroidota","Bacteroidia","Bacteroidales","Bacteroidetes_vadinHA17","Bacteroidetes_vadinHA17"
"d71a0d678303803e34b465eaa35830e1","High",0.679366220486757,0.001,0.0132823529411765,"Firmicutes","Clostridia","Lachnospirales","uncultured","uncultured"
"d3e08ecd475ff4677921abd45da657ef","High",0.679366220486757,0.001,0.0132823529411765,"Bacteroidota","Bacteroidia","Sphingobacteriales","Lentimicrobiaceae","Lentimicrobium"
"c96ad93dcc5eb2259d48745b61a8f775","High",0.678247921423265,0.001,0.0132823529411765,"Firmicutes","Clostridia","Christensenellales","Christensenellaceae","Christensenellaceae_R-7_group"
"d36657227f7e3024842a39d2f7d824c4","Low",0.67719405376356,0.002,0.02062100456621,"Firmicutes","Bacilli","Entomoplasmatales","type_III","type_III"
"8ae24d4aad66a96eea764c0a98abd2d7","High",0.669221835437652,0.001,0.0132823529411765,"Proteobacteria","Gammaproteobacteria","Burkholderiales","Gallionellaceae",""
"a37b75f769d54551a79948be8f7f612a","High",0.665062171761176,0.001,0.0132823529411765,"Firmicutes","Clostridia","Christensenellales","Christensenellaceae","uncultured"
"34b392f661c7115820af4d05e9fae464","High",0.663088422935659,0.001,0.0132823529411765,"Firmicutes","Negativicutes","Veillonellales-Selenomonadales","Sporomusaceae","Sporomusa"
"f875dbaefe25e3c30bf8293d425b7923","High",0.662571915243725,0.001,0.0132823529411765,"Myxococcota","Polyangia","Polyangiales","BIrii41","BIrii41"
"276c75a99a3271184eeff425562ffc1e","High",0.662464296325809,0.001,0.0132823529411765,"Verrucomicrobiota","Verrucomicrobiae","Verrucomicrobiales","Rubritaleaceae","Luteolibacter"
"aa1edb048e8a552bd6062781e1ee219b","Low",0.657367626237083,0.001,0.0132823529411765,"Actinobacteriota","Actinobacteria","Pseudonocardiales","Pseudonocardiaceae","Pseudonocardia"
"106a92384bbae323ff37f1deecb363f5","Low",0.653179511731564,0.001,0.0132823529411765,"Bacteroidota","Bacteroidia","Cytophagales","Microscillaceae","Ohtaekwangia"
"18b79e155f3c138fa2c01caa047fd2d5","High",0.639442388317726,0.001,0.0132823529411765,"Proteobacteria","Alphaproteobacteria","Rickettsiales","",""
"688fad5f1e75236edf46c4157e133c4f","High",0.635488909302243,0.001,0.0132823529411765,"Firmicutes","Clostridia","Clostridia","Gracilibacteraceae",""
"a1c7cfd1eb0458428e1ad0453b73b311","Low",0.634819455269278,0.001,0.0132823529411765,"Actinobacteriota","Actinobacteria","Micromonosporales","Micromonosporaceae","uncultured"
"5ed253aa83540182ea0b9b54c17d5357","High",0.633399625041352,0.001,0.0132823529411765,"Bdellovibrionota","Bdellovibrionia","Bdellovibrionales","Bdellovibrionaceae","OM27_clade"
"f770708ffa6c74019f7e2936476b1a68","High",0.632914035062154,0.001,0.0132823529411765,"Proteobacteria","Alphaproteobacteria","Rhizobiales","Hyphomicrobiaceae","Pedomicrobium"
"5f4e9843e351a7fa0d023c9ebe2c7874","High",0.63077570029677,0.001,0.0132823529411765,"Proteobacteria","Alphaproteobacteria","Azospirillales","Azospirillaceae","Azospirillum"
"7472b11dc4f888bee467d40f517b2d0d","High",0.62993868151981,0.001,0.0132823529411765,"Firmicutes","Clostridia","Peptostreptococcales-Tissierellales","Anaerovoracaceae","Anaerovorax"
"c04bd42b901db8a7b0e8586ed9ba8b50","High",0.625680380507547,0.002,0.02062100456621,"Proteobacteria","Gammaproteobacteria","Burkholderiales","Comamonadaceae",""
"c7c2dedb49540d532c734a3f28d8ac1d","High",0.624717130558039,0.001,0.0132823529411765,"Bacteroidota","Kapabacteria","Kapabacteriales","Kapabacteriales","Kapabacteriales"
"8d2d97e08954fe18708cb2dc79907f5e","Low",0.624594311780253,0.002,0.02062100456621,"Actinobacteriota","Actinobacteria","Pseudonocardiales","Pseudonocardiaceae","Pseudonocardia"
"e6a29b7e242e25404c4e4d30b24bbc57","High",0.621085023434668,0.003,0.0268809523809524,"Planctomycetota","Phycisphaerae","Tepidisphaerales","Tepidisphaeraceae","Tepidisphaeraceae"
"3ea014f71dea8e68e9490ba4a09f125f","Low",0.620493880653944,0.001,0.0132823529411765,"Actinobacteriota","Actinobacteria","Micromonosporales","Micromonosporaceae",""
"91c031aac7d7048563f3ce929d411493","High",0.620173672946042,0.001,0.0132823529411765,"Firmicutes","Clostridia","Oscillospirales","Hungateiclostridiaceae",""
"e8a84e2feb3f55a4c39c7740d679053f","High",0.610822107289922,0.001,0.0132823529411765,"Proteobacteria","Alphaproteobacteria","Rhodospirillales","Magnetospirillaceae","Magnetospirillum"
"b943f6d8803e5b8d954ff7cf992d3ad5","Low",0.61062884314109,0.002,0.02062100456621,"Actinobacteriota","Actinobacteria","","",""
"bb85e0fb4773e54a111c7fcf7fae7714","Low",0.609205525911266,0.001,0.0132823529411765,"Proteobacteria","Gammaproteobacteria","Burkholderiales","Burkholderiaceae","Candidatus_Glomeribacter"
"89553e23c3f7b03e568e451cc5e4dc50","High",0.605308962542386,0.001,0.0132823529411765,"Planctomycetota","Phycisphaerae","Tepidisphaerales","WD2101_soil_group","WD2101_soil_group"
"67b46a64012f33268bc65528c58ec6e2","High",0.604927870481731,0.001,0.0132823529411765,"Verrucomicrobiota","Verrucomicrobiae","Opitutales","Opitutaceae","Alterococcus"
"0a0fb822a862796a3c317d7a32773988","High",0.604470524826989,0.001,0.0132823529411765,"Firmicutes","Clostridia","Clostridia","Gracilibacteraceae",""
"954d2d8cd72e2ea5484c8e58079df26d","High",0.604470524826989,0.001,0.0132823529411765,"Firmicutes","Negativicutes","Veillonellales-Selenomonadales","Sporomusaceae","Sporomusa"
"e1629ed88a5251cc47e191cffbe728a7","High",0.604470524826989,0.001,0.0132823529411765,"Firmicutes","Clostridia","Clostridia","Gracilibacteraceae","Lutispora"
"0abcc93a26d9dc92163ed57dd5780a5a","High",0.604470524826989,0.001,0.0132823529411765,"Spirochaetota","Leptospirae","Leptospirales","Leptospiraceae","RBG-16-49-21"
"94f0651b754046d2be000135b86afbba","High",0.597301239674667,0.001,0.0132823529411765,"Myxococcota","Myxococcia","Myxococcales","Anaeromyxobacteraceae","Anaeromyxobacter"
"3e9135265ed0b72f51f7bb228dbbc086","Low",0.594381978299011,0.001,0.0132823529411765,"Actinobacteriota","Actinobacteria","Glycomycetales","Glycomycetaceae","Glycomyces"
"75e5f94995167c261be9ba54f4cd0b2f","High",0.59372801326674,0.001,0.0132823529411765,"Proteobacteria","Alphaproteobacteria","Rhizobiales","Devosiaceae","Devosia"
"d1b92d23a3a7dfbf9487e34da8ff4208","High",0.588348405414552,0.001,0.0132823529411765,"Bacteroidota","Bacteroidia","Bacteroidales","Bacteroidetes_vadinHA17","Bacteroidetes_vadinHA17"
"d6349c54691105ea728c48ec42d5ee36","High",0.588348405414552,0.001,0.0132823529411765,"Spirochaetota","Spirochaetia","Spirochaetales","Spirochaetaceae",""
"f562069983333fcf96864b172c0762dc","Low",0.586858677673767,0.001,0.0132823529411765,"Actinobacteriota","Actinobacteria","Frankiales","",""
"9be983534ee39950d7a534bfae34cb43","High",0.584617129691658,0.002,0.02062100456621,"Actinobacteriota","Acidimicrobiia","Microtrichales","",""
"55d0dc768a0cb333fca6adc0eaea7e63","Low",0.583230872880405,0.001,0.0132823529411765,"Proteobacteria","Alphaproteobacteria","Sphingomonadales","Sphingomonadaceae",""
"3d91e012a0f5d4b217d51707e7d8d792","High",0.582896884012573,0.002,0.02062100456621,"Proteobacteria","Alphaproteobacteria","Caulobacterales","Caulobacteraceae",""
"38fa508f6938b0396e03f5e081888a49","High",0.582765838439285,0.001,0.0132823529411765,"Patescibacteria","Parcubacteria","Candidatus_Moranbacteria","Candidatus_Moranbacteria","Candidatus_Moranbacteria"
"81bc66d284d2438563de87f55cea06d9","Low",0.582685632583384,0.002,0.02062100456621,"Proteobacteria","Alphaproteobacteria","Azospirillales","Inquilinaceae","Inquilinus"
"c875e3ef50781dde5a72aa6160222407","Low",0.582337230085103,0.002,0.02062100456621,"Actinobacteriota","Actinobacteria","Micromonosporales","Micromonosporaceae","Dactylosporangium"
"9ab10dfc051133e224adbf87e5d884a4","Low",0.582069241396915,0.001,0.0132823529411765,"Actinobacteriota","Actinobacteria","Propionibacteriales","Nocardioidaceae","Nocardioides"
"f1c22c2c7dd9aed6841c7025c9affb10","Low",0.578434396688927,0.001,0.0132823529411765,"Proteobacteria","Alphaproteobacteria","Rhizobiales","Xanthobacteraceae",""
"85f22b027305bc76bd8dc63642d30a81","Low",0.5779405466868,0.002,0.02062100456621,"Actinobacteriota","Actinobacteria","Micromonosporales","Micromonosporaceae",""
"8a3760f915444742d992eac291ed0e55","High",0.577496214766748,0.002,0.02062100456621,"Desulfobacterota","Desulfovibrionia","Desulfovibrionales","Desulfovibrionaceae","Desulfovibrio"
"3358427b408d0c91dc8fcbb2a9817c96","Low",0.577350269189626,0.001,0.0132823529411765,"Proteobacteria","Alphaproteobacteria","Sphingomonadales","Sphingomonadaceae","Sphingomonas"
"2b62a639a5ae63cbec7d40762edd85fb","High",0.576739236853254,0.002,0.02062100456621,"Actinobacteriota","Thermoleophilia","Solirubrobacterales","",""
"5826bee6e57cf2c28570dadd7bb54788","Low",0.576180358627415,0.001,0.0132823529411765,"Bacteroidota","Bacteroidia","Chitinophagales","Chitinophagaceae","Niastella"
"e49a7d1f8bc0148647ab29c8d208e5a1","High",0.575018735145391,0.003,0.0268809523809524,"Proteobacteria","Gammaproteobacteria","Burkholderiales","Comamonadaceae",""
"b0d8755a6d7adca0e6b489ded144b01b","Low",0.5735989286825,0.003,0.0268809523809524,"Actinobacteriota","Actinobacteria","Propionibacteriales","Nocardioidaceae","Nocardioides"
"55d420b24f7ce02a5079de16fbc7670f","High",0.572717308180497,0.001,0.0132823529411765,"Proteobacteria","Alphaproteobacteria","Rhizobiales","Rhizobiales_Incertae_Sedis","Phreatobacter"
"7d02404565a46b6b4c79ad06c6117e94","High",0.571771874896866,0.001,0.0132823529411765,"Bacteroidota","Bacteroidia","Bacteroidales","Bacteroidetes_vadinHA17","Bacteroidetes_vadinHA17"
"1a9cc57a5dc59925d8a8429701b59e7e","High",0.571771874896866,0.001,0.0132823529411765,"Firmicutes","Negativicutes","uncultured","uncultured","uncultured"
"c88c28347aa14aff792c52a24a8ca92c","High",0.571375565515439,0.001,0.0132823529411765,"Acidobacteriota","Vicinamibacteria","Vicinamibacterales","uncultured","uncultured"
"3f956dda71ecf45ba23da6480d2c95e1","Low",0.57003823533478,0.004,0.0328436363636364,"Verrucomicrobiota","Verrucomicrobiae","Verrucomicrobiales","Verrucomicrobiaceae","Roseimicrobium"
"8092f8fc2088173579d37e2b02bf9757","High",0.568905832413279,0.001,0.0132823529411765,"Proteobacteria","Alphaproteobacteria","Rhodospirillales","Magnetospirillaceae",""
"359489499cb641313d405826b61afd08","Low",0.568373183336596,0.002,0.02062100456621,"Proteobacteria","Alphaproteobacteria","Rhizobiales","Xanthobacteraceae",""
"3766392dc136aeaae38cf3d3d34316fe","High",0.568299041794879,0.001,0.0132823529411765,"Proteobacteria","Gammaproteobacteria","Burkholderiales","Rhodocyclaceae",""
"25e5da454b2da71a9949d2b43b6b2582","Low",0.567316568608656,0.005,0.0384013605442177,"Bacteroidota","Bacteroidia","Chitinophagales","Chitinophagaceae","Terrimonas"
"37426270d9e5421e80d0c2b10ed320e1","High",0.566689357385504,0.001,0.0132823529411765,"Proteobacteria","Gammaproteobacteria","Burkholderiales","Rhodocyclaceae","Dechloromonas"
"5e09a7cf77aa51c0df1ba5e885b52d92","Low",0.565409682585816,0.001,0.0132823529411765,"Verrucomicrobiota","Verrucomicrobiae","Opitutales","Opitutaceae",""
"7f059b825ee5f933bf0be53ea9581e52","High",0.564350332402124,0.001,0.0132823529411765,"Planctomycetota","Phycisphaerae","Phycisphaerales","Phycisphaeraceae","SM1A02"
"73175aae9f1ea95ccf3f1b79cc59ab3d","Low",0.563051600239201,0.001,0.0132823529411765,"Actinobacteriota","Acidimicrobiia","Microtrichales","Ilumatobacteraceae","uncultured"
"0d4289f886f22b01a518de929da75c78","High",0.562267269138649,0.001,0.0132823529411765,"Desulfobacterota","Desulfovibrionia","Desulfovibrionales","Desulfovibrionaceae",""
"6d7b36130cf5bedd7313d49879335f6b","Low",0.560090995354258,0.002,0.02062100456621,"Chloroflexi","KD4-96","KD4-96","KD4-96","KD4-96"
"66191d0194b2771747f16cba61d30bde","High",0.555580272030459,0.005,0.0384013605442177,"Proteobacteria","Alphaproteobacteria","Sphingomonadales","Sphingomonadaceae","Qipengyuania"
"ec3b87f9f17915c38cf92a2fbc4c9ecc","High",0.554700196225229,0.001,0.0132823529411765,"Firmicutes","Clostridia","Clostridiales","Oxobacteraceae","Oxobacter"
"fdfff2a5cdc607cb996daf84b152d833","High",0.554700196225229,0.001,0.0132823529411765,"Spirochaetota","Spirochaetia","Spirochaetales","Spirochaetaceae",""
"b480a9a0544c768109bca133c2420924","High",0.554700196225229,0.001,0.0132823529411765,"Fibrobacterota","Fibrobacteria","Fibrobacterales","Fibrobacterales","BBMC-4"
"f2be0dc72dd743c30bd78a45e97eec30","High",0.554298385092294,0.001,0.0132823529411765,"Firmicutes","Clostridia","","",""
"7d9b5ec8ada2557ac2e30623c910ca5f","Low",0.553673108616514,0.006,0.042873417721519,"Actinobacteriota","Actinobacteria","Streptomycetales","Streptomycetaceae","Streptomyces"
"29a97d3042cc714eeaf2428ef8538ce3","High",0.551208335851119,0.001,0.0132823529411765,"Bacteroidota","Bacteroidia","Flavobacteriales","NS9_marine_group","NS9_marine_group"
"0b79e2c5308c9ebbaa8af5242e97d58a","High",0.549169647365276,0.001,0.0132823529411765,"Planctomycetota","Planctomycetes","Gemmatales","Gemmataceae","Gemmata"
"a2163b3c453ceeefabe7fe5d2e31853b","High",0.546869794552895,0.001,0.0132823529411765,"Proteobacteria","Gammaproteobacteria","Burkholderiales","Rhodocyclaceae",""
"a8378fc8c0358cf0cd0d4bc3f3b269ad","Low",0.543020989347369,0.001,0.0132823529411765,"Actinobacteriota","Actinobacteria","Propionibacteriales","Nocardioidaceae",""
"fc1aef83f9a98e562f21f7846b7cf8e8","High",0.54172295656715,0.001,0.0132823529411765,"Bacteroidota","Bacteroidia","Bacteroidales","Prolixibacteraceae","WCHB1-32"
"17c8110fc7acfc754605548fd2aed37d","Low",0.5414140171812,0.005,0.0384013605442177,"Verrucomicrobiota","Verrucomicrobiae","Opitutales","Opitutaceae","Opitutus"
"b6736b52c4d212c4c24ce731e898eb18","High",0.537683914374047,0.001,0.0132823529411765,"Desulfobacterota","Desulfuromonadia","Geobacterales","Geobacteraceae","Citrifermentans"
"bd13fda2485acf20f76a97c401aa431e","High",0.537655650307323,0.001,0.0132823529411765,"Firmicutes","Negativicutes","Veillonellales-Selenomonadales","Sporomusaceae","uncultured"
"f3636c0d08dae13be4966a81c7a99e2e","High",0.533534878529877,0.002,0.02062100456621,"Bacteroidota","Bacteroidia","","",""
"e1d86cad1ebfed088c46aa72de761ec8","High",0.531828368047532,0.002,0.02062100456621,"Chloroflexi","Chloroflexia","Chloroflexales","Herpetosiphonaceae","Herpetosiphon"
"b61905f3c360865981e89f6c2a91cfd3","Low",0.531010261737915,0.001,0.0132823529411765,"Actinobacteriota","Acidimicrobiia","Microtrichales","Iamiaceae","Iamia"
"4bdbbd69656c6692dd852a6f7cc70544","Low",0.530038530611662,0.001,0.0132823529411765,"Chloroflexi","Anaerolineae","SBR1031","A4b","A4b"
"8c8a3b20732832040e93204d9b6fae9a","High",0.529778520388738,0.006,0.042873417721519,"Proteobacteria","Alphaproteobacteria","Rhizobiales","A0839","A0839"
"36e2b9f650e77df06a3ba8aa7eb99c92","Low",0.5290265277877,0.004,0.0328436363636364,"Proteobacteria","Alphaproteobacteria","Rhizobiales","Rhizobiaceae",""
"5190bee4f8815531b8d01b16784da180","High",0.527408134805807,0.001,0.0132823529411765,"Verrucomicrobiota","Chlamydiae","Chlamydiales","cvE6","cvE6"
"e1b514ed7a7831fff64d4f44d5ad989c","Low",0.525433234863634,0.001,0.0132823529411765,"Myxococcota","Polyangia","","",""
"6ba0e63f200db648ec307516a2b02b24","Low",0.523520277686971,0.002,0.02062100456621,"Actinobacteriota","MB-A2-108","MB-A2-108","MB-A2-108","MB-A2-108"
"bad5b251e660a944b604afccda5afb90","Low",0.522422066243087,0.001,0.0132823529411765,"Proteobacteria","Alphaproteobacteria","Rhodobacterales","Rhodobacteraceae",""
"573c33409046d6f7c551ffcf1d97d3f4","Low",0.52032079019291,0.001,0.0132823529411765,"Patescibacteria","Saccharimonadia","Saccharimonadales","",""
"6cfcd91a39629c6c6f13028cd1b1290f","Low",0.519357103317441,0.001,0.0132823529411765,"Actinobacteriota","Actinobacteria","Micromonosporales","Micromonosporaceae","uncultured"
"2f364d1685a59acf42676d489fb2bebd","High",0.518874521662771,0.001,0.0132823529411765,"Firmicutes","Desulfotomaculia","Desulfotomaculales","Desulfurisporaceae","Desulfurispora"
"22e68d6309cc7a11b9f953993b69319a","High",0.518874521662771,0.001,0.0132823529411765,"Proteobacteria","Gammaproteobacteria","","",""
"e626ad110d36d0ff503f1b4155a33e68","High",0.518874521662771,0.001,0.0132823529411765,"Bacteroidota","Bacteroidia","Bacteroidales","Bacteroidetes_vadinHA17","Bacteroidetes_vadinHA17"
"b49e7e618058fe45cfa5d2b18b4e2c8b","High",0.518874521662771,0.001,0.0132823529411765,"Firmicutes","Clostridia","Oscillospirales","Oscillospiraceae","Sporobacter"
"3dfe14e2224aa221a15da3cfd31f373c","High",0.518874521662771,0.001,0.0132823529411765,"Chloroflexi","Anaerolineae","Anaerolineales","Anaerolineaceae","Anaerolinea"
"cdc5e885a3e1220321effee0b60366f4","High",0.517344967814261,0.001,0.0132823529411765,"Firmicutes","Clostridia","Clostridia","Gracilibacteraceae","Lutispora"
"040dc9d4171ea9216ea773dd175644b0","High",0.513974746933962,0.001,0.0132823529411765,"Patescibacteria","Microgenomatia","Candidatus_Woykebacteria","Candidatus_Woykebacteria","Candidatus_Woykebacteria"
"a66fcd8c50b3996d6e9c871aa045faca","Low",0.513530018761101,0.005,0.0384013605442177,"Actinobacteriota","Thermoleophilia","Solirubrobacterales","67-14","67-14"
"9daca56444c0b7c40ae348a5d9ce3cba","High",0.513518150977446,0.001,0.0132823529411765,"","","","",""
"a91c3eb9958ac415cb1aff596974e0f6","High",0.51244460139221,0.003,0.0268809523809524,"Spirochaetota","Spirochaetia","Spirochaetales","Spirochaetaceae","uncultured"
"7422c31afeebca499d08154481dc0263","Low",0.512425141593795,0.004,0.0328436363636364,"Chloroflexi","Chloroflexia","Thermomicrobiales","JG30-KF-CM45","JG30-KF-CM45"
"b5f16c0f81399f3e7887ff04922e1833","Low",0.511766315719159,0.005,0.0384013605442177,"Proteobacteria","Alphaproteobacteria","Rhizobiales","uncultured","uncultured"
"9ef2f3423a340b03bfdd0c3c0d84e892","Low",0.511761435533948,0.004,0.0328436363636364,"Proteobacteria","Gammaproteobacteria","Burkholderiales","Rhodocyclaceae","Dechloromonas"
"5737c4307d6e77cf38caaf49e807f9fc","High",0.508828117308222,0.001,0.0132823529411765,"Proteobacteria","Alphaproteobacteria","Rhizobiales","Rhizobiales_Incertae_Sedis","Bauldia"
"596e053418f9a1336679950de8179f70","Low",0.508568951230286,0.002,0.02062100456621,"Bacteroidota","Bacteroidia","Cytophagales","Microscillaceae",""
"a921ba4ff0d0e053b46032aefd698205","High",0.508360036035628,0.004,0.0328436363636364,"Proteobacteria","Alphaproteobacteria","Rhodospirillales","Magnetospirillaceae","Magnetospirillaceae"
"40844c3e7172a9953ac0f884ddf9e350","High",0.507046767766109,0.001,0.0132823529411765,"Proteobacteria","Gammaproteobacteria","Pseudomonadales","Spongiibacteraceae","BD1-7_clade"
"779b9542f4e51df63099fecba5f30517","Low",0.506556501361708,0.007,0.0481890243902439,"Proteobacteria","Alphaproteobacteria","","",""
"c4072bc57917ce58c7fbda2219b0b958","Low",0.506369683541833,0.001,0.0132823529411765,"Myxococcota","Polyangia","Nannocystales","Nannocystaceae","Nannocystis"
"48acc38533b70cfa872c7a3613529d8f","Low",0.506218955845819,0.001,0.0132823529411765,"Planctomycetota","Planctomycetes","Planctomycetales","Rubinisphaeraceae","SH-PL14"
"a7223f6bf839f174220714884d7c710d","High",0.502794192838204,0.003,0.0268809523809524,"Verrucomicrobiota","Verrucomicrobiae","Opitutales","Opitutaceae","Opitutus"
"f6939b5a0c16bfae8e446ca636ca6849","High",0.500500178760298,0.001,0.0132823529411765,"Proteobacteria","Alphaproteobacteria","Rhizobiales","Rhizobiales_Incertae_Sedis","uncultured"
"6e7c332ef07003f4d4a3ba35ff48463c","Low",0.500340020440522,0.004,0.0328436363636364,"Proteobacteria","Alphaproteobacteria","Rhizobiales","Xanthobacteraceae","uncultured"
"cb1da896da157a954acbcd702873b662","High",0.5,0.001,0.0132823529411765,"Firmicutes","Incertae_Sedis","DTU014","DTU014","DTU014"
"b197c8ca0b9cbef8319890c0104c7d04","High",0.5,0.001,0.0132823529411765,"Firmicutes","Desulfitobacteriia","Desulfitobacteriales","Desulfitobacteriaceae","Desulfosporosinus"
"3e97e4f7a99fc8cb2b07a11abe702f3b","High",0.5,0.001,0.0132823529411765,"Firmicutes","Clostridia","Christensenellales","Christensenellaceae","uncultured"
"abb14664ae764d73cfbc6caa6db64e51","Low",0.499918850928622,0.004,0.0328436363636364,"Proteobacteria","Alphaproteobacteria","Rhizobiales","Rhizobiales_Incertae_Sedis","Phreatobacter"
"8623e5254d0b3aa394bee4c45caf09b8","High",0.498389689859451,0.001,0.0132823529411765,"Firmicutes","Limnochordia","Limnochordia","Limnochordia","Hydrogenispora"
"dd814076c34e623773fca176f76144fa","High",0.495740071460589,0.001,0.0132823529411765,"Firmicutes","Clostridia","Clostridia","Gracilibacteraceae","Lutispora"
"5b2a2478ba8fa9b9ae3769414ba6109d","High",0.49435966162508,0.001,0.0132823529411765,"Proteobacteria","Alphaproteobacteria","Rhizobiales","Xanthobacteraceae",""
"5903900a6392cb91b0b69ce566b9e51e","Low",0.491994853721852,0.005,0.0384013605442177,"Bacteroidota","Bacteroidia","Chitinophagales","Chitinophagaceae","Niastella"
"65d7afb4831e66dc56b7aa4bbd1d4c31","High",0.488887501385532,0.001,0.0132823529411765,"Firmicutes","Clostridia","Peptostreptococcales-Tissierellales","Anaerovoracaceae","Anaerovorax"
"a0a80ae10a0c1d86e8b742bd909d9d0c","Low",0.488386290505504,0.005,0.0384013605442177,"Chloroflexi","Chloroflexia","Chloroflexales","Roseiflexaceae","uncultured"
"493cb9355f5f27a87d53ed85debb304d","Low",0.488084604198968,0.006,0.042873417721519,"","","","",""
"d6186e168666b070ca40ccba2b225f44","Low",0.485716482413164,0.001,0.0132823529411765,"Gemmatimonadota","Gemmatimonadetes","Gemmatimonadales","Gemmatimonadaceae","Gemmatimonas"
"a124e71a14906bb0f4e87ca625b777d3","High",0.480384461415261,0.001,0.0132823529411765,"Firmicutes","Clostridia","Oscillospirales","Hungateiclostridiaceae",""
"38f04980439d4484aefb7c48d0ddb8be","High",0.480384461415261,0.001,0.0132823529411765,"Desulfobacterota","Syntrophobacteria","Syntrophobacterales","Syntrophobacteraceae","Desulfovirga"
"e1aabd3d9a9b9eafa8bba88f1afa4481","High",0.480384461415261,0.001,0.0132823529411765,"Desulfobacterota","Syntrophobacteria","Syntrophobacterales","Syntrophobacteraceae","Desulfovirga"
"754f169d7960db4aad0a2db1c46e3d5e","High",0.480384461415261,0.001,0.0132823529411765,"Bacteroidota","Ignavibacteria","Ignavibacteriales","BSV40","BSV40"
"d42a39ad8b89ed2186af44ba7d5559d3","High",0.480384461415261,0.001,0.0132823529411765,"","","","",""
"35bed71b08fc157cc266e46bef0d4ca7","High",0.480384461415261,0.001,0.0132823529411765,"Bacteroidota","Bacteroidia","Bacteroidales","Prolixibacteraceae","WCHB1-32"
"b63d6e111521d98d29fdb44d2777915a","High",0.480384461415261,0.001,0.0132823529411765,"Firmicutes","Negativicutes","Veillonellales-Selenomonadales","Sporomusaceae","Sporomusa"
"a141431be304ebeefdb09c31f224cd86","High",0.478370261930228,0.001,0.0132823529411765,"Firmicutes","Clostridia","Christensenellales","Christensenellaceae","Christensenellaceae_R-7_group"
"1fd8c7e643977248d5a8c5950d30f06d","High",0.475293187893358,0.001,0.0132823529411765,"Bacteroidota","Bacteroidia","Chitinophagales","",""
"3715d106d9447b94b4377d90e80adef7","Low",0.475228128254714,0.002,0.02062100456621,"Verrucomicrobiota","Verrucomicrobiae","Opitutales","Opitutaceae","Lacunisphaera"
"ae50e44a1701dcddcf5c93878d9046ab","High",0.46736763996381,0.004,0.0328436363636364,"Cyanobacteria","Vampirivibrionia","Obscuribacterales","Obscuribacteraceae","Obscuribacteraceae"
"ec33e3a0b12a36bbecbab978e5c3d285","High",0.464210483340489,0.004,0.0328436363636364,"Myxococcota","Myxococcia","Myxococcales","Myxococcaceae",""
"da112376ddecaea9a77759bab7d73043","High",0.463122970209336,0.001,0.0132823529411765,"Proteobacteria","Gammaproteobacteria","Pseudomonadales","Moraxellaceae","Permianibacter"
"e2b74722b9865d7b4c5a80829070ebdd","High",0.462532626219868,0.003,0.0268809523809524,"Firmicutes","Bacilli","Bacillales","Bacillaceae",""
"90e75b0cd4f1e84502a5a843d7d7d9c3","Low",0.462103256947488,0.005,0.0384013605442177,"Acidobacteriota","Vicinamibacteria","Vicinamibacterales","uncultured","uncultured"
"2b9d9b65885feb49b2880a4c6c77e053","High",0.460425275902081,0.002,0.02062100456621,"Proteobacteria","Alphaproteobacteria","Sphingomonadales","Sphingomonadaceae","Sphingobium"
"c15222b78126b0f330b0a92f79d8b9e0","High",0.4599331055039,0.001,0.0132823529411765,"Proteobacteria","Gammaproteobacteria","Burkholderiales","Nitrosomonadaceae","DSSD61"
"3a3cd1b6c3fddc08d3d8bfaf7446f0f5","High",0.4599331055039,0.001,0.0132823529411765,"Firmicutes","Desulfitobacteriia","Desulfitobacteriales","Desulfitobacteriaceae","Desulfosporosinus"
"8d5563318bac230e54fba669c2c0ea7a","High",0.4599331055039,0.001,0.0132823529411765,"Fibrobacterota","Fibrobacteria","Fibrobacterales","Fibrobacterales","BBMC-4"
"13ed17995c61299e0ee0021fbb4efbb6","High",0.4599331055039,0.001,0.0132823529411765,"Firmicutes","Clostridia","Clostridia","Gracilibacteraceae",""
"2ea17175be09395354d5cafc63a22a34","High",0.4599331055039,0.001,0.0132823529411765,"Bacteroidota","Bacteroidia","Bacteroidales","Bacteroidetes_vadinHA17","Bacteroidetes_vadinHA17"
"078cdbc288edeac9b14375fd53e917e0","High",0.4599331055039,0.001,0.0132823529411765,"Firmicutes","Desulfotomaculia","Desulfotomaculales","Desulfurisporaceae","Desulfurispora"
"371830217f472c02fda0ccff0203a247","High",0.4599331055039,0.001,0.0132823529411765,"Firmicutes","Negativicutes","Veillonellales-Selenomonadales","Sporomusaceae","uncultured"
"41591c77ebff2054c8c29891fa145c7f","High",0.4599331055039,0.001,0.0132823529411765,"Firmicutes","Negativicutes","Veillonellales-Selenomonadales","Sporomusaceae","Pelosinus"
"ed6cfddb90910a405df9be619806b9d9","High",0.4599331055039,0.001,0.0132823529411765,"Proteobacteria","Gammaproteobacteria","","",""
"b496cc8d0283282ca37a242bb216f1ee","High",0.4599331055039,0.002,0.02062100456621,"Firmicutes","Clostridia","","",""
"e7a41cc25348abb10e099e950f97f0d7","Low",0.458028612414344,0.003,0.0268809523809524,"Acidobacteriota","Acidobacteriae","Bryobacterales","Bryobacteraceae","Bryobacter"
"5102be82d10fc4855796d8d3d035236f","High",0.457604315322429,0.006,0.042873417721519,"Verrucomicrobiota","Verrucomicrobiae","Pedosphaerales","Pedosphaeraceae",""
"5ff5d008fd0493cc6dfb46322c4d5ee5","Low",0.457592091515738,0.002,0.02062100456621,"Actinobacteriota","Actinobacteria","Micromonosporales","Micromonosporaceae",""
"2243be08598e81901d95e0aac15cab66","High",0.456621808981436,0.001,0.0132823529411765,"Firmicutes","Negativicutes","Veillonellales-Selenomonadales","",""
"6bbee234a3c5b028ee5718e56d893fbb","Low",0.454502000774464,0.005,0.0384013605442177,"Bacteroidota","Bacteroidia","Chitinophagales","Chitinophagaceae","Puia"
"08dde7e2f62e04c90438bef5d712be02","High",0.453824825002011,0.002,0.02062100456621,"Proteobacteria","Gammaproteobacteria","Diplorickettsiales","Diplorickettsiaceae","uncultured"
"ff90c86337d274c47aea7d6c122d6d1b","High",0.451592293207531,0.002,0.02062100456621,"","","","",""
"1f91b067908d0d79b52bcee0db3aa5b6","High",0.449817249195687,0.001,0.0132823529411765,"Planctomycetota","Planctomycetes","Pirellulales","Pirellulaceae","uncultured"
"642285855a659489cd7f4bf11fa94e85","High",0.449260350337442,0.001,0.0132823529411765,"Planctomycetota","Planctomycetes","Gemmatales","Gemmataceae","Fimbriiglobus"
"e3b9441c73e2f11f9e561238df6c8c84","High",0.449088713139072,0.003,0.0268809523809524,"Chloroflexi","Chloroflexia","Chloroflexales","Roseiflexaceae","uncultured"
"2fa8cf026eb2dd3d5f269a4952e38c62","Low",0.447326003091403,0.001,0.0132823529411765,"Actinobacteriota","Actinobacteria","Pseudonocardiales","Pseudonocardiaceae","Actinophytocola"
"860acae195312cc1466460c012e8474c","Low",0.445852031323824,0.003,0.0268809523809524,"Proteobacteria","Alphaproteobacteria","Rhizobiales","Xanthobacteraceae","Starkeya"
"556bb211b3b67a54b2fc6a0633b00c77","High",0.445820020280788,0.006,0.042873417721519,"Actinobacteriota","Acidimicrobiia","","",""
"8620bd821e0d4ca44dc9e2b4028cb33d","High",0.442205385650956,0.001,0.0132823529411765,"Bacteroidota","Bacteroidia","Chitinophagales","Chitinophagaceae","Flavisolibacter"
"4b74164af38aec0a4b59d40a49b2a66d","Low",0.441907288106964,0.004,0.0328436363636364,"Proteobacteria","Alphaproteobacteria","Reyranellales","Reyranellaceae","uncultured"
"702d71709b48ab9a662d616000afe561","High",0.439768378143648,0.002,0.02062100456621,"Acidobacteriota","Acidobacteriae","Elev-16S-1166","Elev-16S-1166","Elev-16S-1166"
"1ae7c7a0ec0f2e14b1eee7eea745f858","High",0.439364200011609,0.001,0.0132823529411765,"Bacteroidota","Bacteroidia","","",""
"49d1e3995d0506058f28ce7842f369f3","High",0.438981945628179,0.007,0.0481890243902439,"Chloroflexi","Anaerolineae","Anaerolineales","Anaerolineaceae","Anaerolinea"
"cfecbf2662933d0dff3360bd85bba6f9","High",0.43857259884001,0.003,0.0268809523809524,"Proteobacteria","Alphaproteobacteria","Rhizobiales","Pleomorphomonadaceae","Prosthecomicrobium"
"fe21a04869b76d16b9f2be6d364c3ee0","High",0.438529009653515,0.001,0.0132823529411765,"Proteobacteria","Gammaproteobacteria","Burkholderiales","Comamonadaceae",""
"544e1ca9db7d8e0363b8b1af2bf0984d","High",0.438529009653515,0.001,0.0132823529411765,"Firmicutes","Desulfitobacteriia","Desulfitobacteriales","Desulfitobacteriaceae","Desulfosporosinus"
"5dec07fe75bdaef5d01010de6e67e724","High",0.438529009653515,0.001,0.0132823529411765,"Firmicutes","Clostridia","","",""
"5f7ef4ebe760fbf19c65bc4c2078bbc9","Low",0.438529009653515,0.001,0.0132823529411765,"Proteobacteria","Alphaproteobacteria","Sphingomonadales","Sphingomonadaceae",""
"52819fbdd8e010a0043d3d42be1d5a5c","High",0.438529009653515,0.001,0.0132823529411765,"Firmicutes","Negativicutes","Veillonellales-Selenomonadales","Sporomusaceae","Sporomusa"
"ee941888498672e29e8d61952c3c2de3","High",0.438529009653515,0.001,0.0132823529411765,"Bacteroidota","Bacteroidia","Bacteroidales","",""
"f684f6d65bb70844e129d4bf793fb361","High",0.438529009653515,0.001,0.0132823529411765,"Chloroflexi","Anaerolineae","Anaerolineales","Anaerolineaceae","Anaerolinea"
"43d863ee59be40f35a1087a51c8c6f52","High",0.438529009653515,0.001,0.0132823529411765,"Bacteroidota","Ignavibacteria","Ignavibacteriales","BSV40","BSV40"
"92b7ced4884d695dd7d7dcbdb297c331","High",0.438529009653515,0.002,0.02062100456621,"Firmicutes","Negativicutes","Veillonellales-Selenomonadales","Sporomusaceae","uncultured"
"6e14f3b73a7b23f80af1b20da1879073","High",0.438529009653515,0.002,0.02062100456621,"Proteobacteria","Alphaproteobacteria","Rhodobacterales","Rhodobacteraceae",""
"af583125ed48992bde9614fbc81a146e","Low",0.438529009653515,0.003,0.0268809523809524,"Myxococcota","Polyangia","Polyangiales","Polyangiaceae","Sorangium"
"54b5c454b7be13ee537a9f4265fc3a66","High",0.432031924411157,0.006,0.042873417721519,"Actinobacteriota","Thermoleophilia","","",""
"454a37b972cf32c84e1da63187228913","High",0.431582826655251,0.003,0.0268809523809524,"Proteobacteria","Gammaproteobacteria","Coxiellales","Coxiellaceae","Coxiella"
"5132d29bb773910d14ebb3883d620d46","High",0.431553552267523,0.002,0.02062100456621,"Desulfobacterota","Desulfovibrionia","Desulfovibrionales","Desulfovibrionaceae","Desulfovibrio"
"77ec8782ccf2a786867978bf3237841d","High",0.426904357127746,0.001,0.0132823529411765,"Actinobacteriota","Acidimicrobiia","Microtrichales","",""
"38a42147f85bdd7a6ed301d1afae0879","High",0.42581531362632,0.004,0.0328436363636364,"Proteobacteria","Alphaproteobacteria","Rickettsiales","Rickettsiaceae","uncultured"
"113d300b4f80b66fc1722003d41fdd0a","High",0.42437917019769,0.002,0.02062100456621,"Dependentiae","Babeliae","Babeliales","Vermiphilaceae","Vermiphilaceae"
"c93259c672eb2a5cce57364103e97b61","Low",0.423825511553338,0.003,0.0268809523809524,"Patescibacteria","Parcubacteria","Parcubacteria","Parcubacteria","Parcubacteria"
"f75daf92ac496da15c68bbc6fd537846","High",0.423659272868162,0.002,0.02062100456621,"Proteobacteria","Alphaproteobacteria","","",""
"fd98d75497ed66f56b4c564b9fb216d4","Low",0.423659272868162,0.002,0.02062100456621,"Actinobacteriota","Actinobacteria","Streptosporangiales","Streptosporangiaceae","Nonomuraea"
"e2f125324e196bcbd5e016fb1b180aad","Low",0.423508316414815,0.006,0.042873417721519,"Proteobacteria","Alphaproteobacteria","Sphingomonadales","Sphingomonadaceae","Sphingomonas"
"05587a2773cada77cf77c368a56ff40d","High",0.421902685666503,0.006,0.042873417721519,"Chloroflexi","KD4-96","KD4-96","KD4-96","KD4-96"
"516178b20d06d691b093f711632cdfc9","High",0.421405688324722,0.001,0.0132823529411765,"Myxococcota","Polyangia","Polyangiales","BIrii41","BIrii41"
"1644f08f2baa6849958e101aa69a23d5","Low",0.419437924815578,0.002,0.02062100456621,"Proteobacteria","Gammaproteobacteria","Gammaproteobacteria_Incertae_Sedis","Unknown_Family","Acidibacter"
"c23ad842fb4c6901b96591dc62fec7bf","High",0.416025147168922,0.001,0.0132823529411765,"Firmicutes","Clostridia","Oscillospirales","Hungateiclostridiaceae","uncultured"
"808ab2f5a5381b48d0bc13cf08f42558","High",0.416025147168922,0.001,0.0132823529411765,"Myxococcota","Myxococcia","Myxococcales","Anaeromyxobacteraceae","Anaeromyxobacter"
"3dc1e0ff74227df4878d705fdd220aa0","High",0.416025147168922,0.001,0.0132823529411765,"Planctomycetota","Planctomycetes","uncultured","uncultured","uncultured"
"873145bf12da631695f0831b681eabec","High",0.416025147168922,0.001,0.0132823529411765,"Planctomycetota","Phycisphaerae","Tepidisphaerales","WD2101_soil_group","WD2101_soil_group"
"43b98283b9febf5aeb95b851fb8ebae8","High",0.416025147168922,0.002,0.02062100456621,"Firmicutes","Clostridia","Lachnospirales","Lachnospiraceae",""
"a8f9ba3232540aef0db8738c404b28b4","High",0.416025147168922,0.003,0.0268809523809524,"Chloroflexi","Anaerolineae","Anaerolineales","Anaerolineaceae","Anaerolinea"
"aa9b994c3af40aba408e806485f49bda","High",0.415121725587685,0.002,0.02062100456621,"Proteobacteria","Gammaproteobacteria","Burkholderiales","Rhodocyclaceae","Candidatus_Accumulibacter"
"f6c757fcbb09d03c054cecce73b00ed1","High",0.414458191894218,0.003,0.0268809523809524,"Myxococcota","Polyangia","Haliangiales","Haliangiaceae","Haliangium"
"ba6f15a558c301d3f1fc07ef58a40eeb","High",0.414146920207879,0.004,0.0328436363636364,"Desulfobacterota","uncultured","uncultured","uncultured","uncultured"
"cdd57efd6046c3c9b414fc7932e3e34b","High",0.410982231744889,0.001,0.0132823529411765,"Patescibacteria","Parcubacteria","Candidatus_Moranbacteria","Candidatus_Moranbacteria","Candidatus_Moranbacteria"
"6a33c2c42b3254ac32e96d8c5717c964","Low",0.410087997507825,0.006,0.042873417721519,"Chloroflexi","Chloroflexia","Thermomicrobiales","JG30-KF-CM45","JG30-KF-CM45"
"b1451f4bd75d4b1264197489fd2e0c1b","High",0.408789375248,0.001,0.0132823529411765,"Bdellovibrionota","Bdellovibrionia","Bdellovibrionales","Bdellovibrionaceae","Bdellovibrio"
"fffea5433c4de26a8b7e01dd4938b74c","Low",0.408731138995087,0.005,0.0384013605442177,"Actinobacteriota","Thermoleophilia","Gaiellales","uncultured","uncultured"
"5ca7e864693ac51bef1c4b6a708accbc","Low",0.408248290463863,0.001,0.0132823529411765,"Proteobacteria","Alphaproteobacteria","Dongiales","Dongiaceae","Dongia"
"411ac274d98356409238626e017387e7","Low",0.408248290463863,0.006,0.042873417721519,"Proteobacteria","Alphaproteobacteria","","",""
"15cbf30d513287500a993ac302120cce","High",0.408100132850396,0.002,0.02062100456621,"Planctomycetota","","","",""
"e81cc3361a8f1bae1f173124adedd671","High",0.407753443869307,0.002,0.02062100456621,"Firmicutes","Clostridia","Christensenellales","Christensenellaceae","uncultured"
"177afed478e8700896f2a7283dbb90b1","High",0.407553302684811,0.007,0.0481890243902439,"Proteobacteria","Alphaproteobacteria","Rhizobiales","",""
"bf9cddcc44677c62d6b4f0415726048b","High",0.40693769866933,0.001,0.0132823529411765,"Chloroflexi","Anaerolineae","Anaerolineales","Anaerolineaceae","uncultured"
"024d1530bde785a3d09c57992d1c32d9","High",0.40686370922241,0.006,0.042873417721519,"Proteobacteria","Gammaproteobacteria","Burkholderiales","Rhodocyclaceae",""
"aead0b66b21d50e668783890aa88da2e","High",0.405257420218724,0.003,0.0268809523809524,"Verrucomicrobiota","Chlamydiae","Chlamydiales","Parachlamydiaceae",""
"7a8e465fa74d7d725813735913212afb","High",0.400079517833563,0.003,0.0268809523809524,"Patescibacteria","Saccharimonadia","Saccharimonadales","Saccharimonadales","Saccharimonadales"
"89af71dfc934e483e6d301f00a1d1017","High",0.399037303056706,0.002,0.02062100456621,"Proteobacteria","Alphaproteobacteria","Micavibrionales","uncultured","uncultured"
"18f7e0d6b50e4ac8bf32c497b0cecad7","High",0.396327829806086,0.006,0.042873417721519,"Proteobacteria","Gammaproteobacteria","Burkholderiales","Comamonadaceae",""
"3b6b910f6de24c3dcf1276057c817c51","High",0.395487365677156,0.006,0.042873417721519,"Planctomycetota","Planctomycetes","Pirellulales","Pirellulaceae",""
"258261b7763605b2d2a02d5abc12eaf4","High",0.393331382091675,0.003,0.0268809523809524,"Proteobacteria","Gammaproteobacteria","Diplorickettsiales","Diplorickettsiaceae","uncultured"
"a178fe1e046f8fb2de0e890d7cd48f22","High",0.393166825497467,0.004,0.0328436363636364,"Patescibacteria","Parcubacteria","Candidatus_Kaiserbacteria","Candidatus_Kaiserbacteria","Candidatus_Kaiserbacteria"
"8fe3ddc747661bf4b6ac112d5279b969","High",0.392232270276368,0.001,0.0132823529411765,"Verrucomicrobiota","Verrucomicrobiae","Opitutales","Opitutaceae","Opitutus"
"83ca934611726af50182f1d148891ea6","High",0.392232270276368,0.001,0.0132823529411765,"Proteobacteria","Gammaproteobacteria","Burkholderiales","Oxalobacteraceae","Janthinobacterium"
"532820f9bd7e0ad81cdefadd288e7ec1","High",0.392232270276368,0.001,0.0132823529411765,"Firmicutes","Clostridia","Oscillospirales","Hungateiclostridiaceae","Anaerobacterium"
"8904bcb9f2fe074f01be88def947d8bd","High",0.392232270276368,0.001,0.0132823529411765,"Actinobacteriota","Actinobacteria","Micrococcales","Cellulomonadaceae","Actinotalea"
"4120d726348603c68541ff5570d53d37","High",0.392232270276368,0.001,0.0132823529411765,"Firmicutes","Clostridia","Oscillospirales","Hungateiclostridiaceae",""
"c6b504e68f150864aed57f78a23d0255","High",0.392232270276368,0.001,0.0132823529411765,"Bacteroidota","Bacteroidia","Chitinophagales","Chitinophagaceae",""
"1bda0a36eb05889965752745ade45125","High",0.392232270276368,0.002,0.02062100456621,"Firmicutes","Clostridia","","",""
"366e2c1bd0396bbb3f5bade1b23cfe09","High",0.392232270276368,0.002,0.02062100456621,"Bacteroidota","Bacteroidia","Cytophagales","Cyclobacteriaceae","Imperialibacter"
"753746802c651cae6efc6e3d2d777c34","High",0.392232270276368,0.002,0.02062100456621,"Desulfobacterota","Desulfovibrionia","Desulfovibrionales","Desulfovibrionaceae","Desulfovibrio"
"dfdccd45087326658e514cb544e4357e","Low",0.392232270276368,0.007,0.0481890243902439,"Proteobacteria","Alphaproteobacteria","Rhizobiales","uncultured","uncultured"
"13f52da37145b5a1c708470759707f2d","High",0.391743768015484,0.007,0.0481890243902439,"Proteobacteria","Alphaproteobacteria","Caulobacterales","Hyphomonadaceae","Hirschia"
"5cae759790a4a292fab9dcad1b373a42","High",0.389583300372326,0.002,0.02062100456621,"Verrucomicrobiota","Verrucomicrobiae","Chthoniobacterales","Chthoniobacteraceae","Chthoniobacter"
"67f93d9f0c51318acdcde63046058b84","High",0.389563992564094,0.003,0.0268809523809524,"Firmicutes","Clostridia","Peptococcales","Peptococcaceae","Peptococcaceae"
"a0e02d4894f4972c769f249833283455","High",0.384380791495288,0.004,0.0328436363636364,"Proteobacteria","Gammaproteobacteria","","",""
"5ee329738a506cad6390706b938618b4","High",0.383767431733679,0.001,0.0132823529411765,"Firmicutes","Clostridia","Peptostreptococcales-Tissierellales","Anaerovoracaceae","Anaerovorax"
"0e7d77870673c9ccadaf165d92665b9d","High",0.379410741165819,0.005,0.0384013605442177,"Firmicutes","Clostridia","Oscillospirales","Hungateiclostridiaceae","Ruminiclostridium"
"8147841e1bd5a5bfcbb4e6157493b3cb","Low",0.375533808099405,0.006,0.042873417721519,"Firmicutes","Bacilli","Entomoplasmatales","type_III","type_III"
"2c9cde4eb541e99f5b2d15892df0eebb","Low",0.375533808099405,0.007,0.0481890243902439,"Actinobacteriota","Actinobacteria","Micromonosporales","Micromonosporaceae","Phytomonospora"
"0f9ca4cef888bb6cd4fc20e8ad84d7ab","High",0.373536297080091,0.004,0.0328436363636364,"Proteobacteria","Alphaproteobacteria","Rhizobiales","Rhizobiaceae",""
"5a0df92d30ed6e7434b5d72fae586d9e","High",0.369916255841135,0.003,0.0268809523809524,"Verrucomicrobiota","Verrucomicrobiae","Pedosphaerales","Pedosphaeraceae","Pedosphaeraceae"
"5a1b10baae328be30d054245b37541c7","High",0.366899692852671,0.001,0.0132823529411765,"Sumerlaeota","Sumerlaeia","uncultured","uncultured","uncultured"
"a3cbf5abc56b46964e5241ddca925815","High",0.366899692852671,0.001,0.0132823529411765,"Proteobacteria","Alphaproteobacteria","Rickettsiales","SM2D12","SM2D12"
"c833c9d2382c052e49f2c5e4706a6fd4","High",0.366899692852671,0.001,0.0132823529411765,"Dependentiae","Babeliae","Babeliales","",""
"39fc320a828e37da5eaa641765f186ae","High",0.366899692852671,0.002,0.02062100456621,"Myxococcota","Myxococcia","Myxococcales","Anaeromyxobacteraceae","Anaeromyxobacter"
"04a89eeb4915a2ed121069831736394c","High",0.366899692852671,0.002,0.02062100456621,"Verrucomicrobiota","Chlamydiae","Chlamydiales","cvE6","cvE6"
"ff62a54478a1f6b314763df7b82ead50","High",0.366899692852671,0.002,0.02062100456621,"Myxococcota","Myxococcia","Myxococcales","Anaeromyxobacteraceae","Anaeromyxobacter"
"1796236ca1c638041bf34d339ddece81","High",0.366899692852671,0.002,0.02062100456621,"Myxococcota","Polyangia","Haliangiales","Haliangiaceae","Haliangium"
"72514f23f696f07c75ae7d345231e7e9","High",0.366899692852671,0.002,0.02062100456621,"Proteobacteria","Gammaproteobacteria","Burkholderiales","Gallionellaceae","Sideroxydans"
"7818be6e31b99a7eb8c771acd8c045ff","High",0.366899692852671,0.003,0.0268809523809524,"Chloroflexi","Anaerolineae","Anaerolineales","Anaerolineaceae","Anaerolinea"
"d90f5a9a2d2a391f4687ee3c29c8e00c","High",0.366899692852671,0.003,0.0268809523809524,"Acidobacteriota","Acidobacteriae","","",""
"ede70b50b113f453d0228f0ef0889661","High",0.366899692852671,0.003,0.0268809523809524,"Firmicutes","Clostridia","Christensenellales","Christensenellaceae","Christensenellaceae_R-7_group"
"d1b25d0c04fcb08b07e59a767396b036","High",0.366899692852671,0.004,0.0328436363636364,"Desulfobacterota","Desulfovibrionia","Desulfovibrionales","Desulfomicrobiaceae","Desulfomicrobium"
"ed47803d02847a30b5f4ca0118f14e8a","High",0.366899692852671,0.004,0.0328436363636364,"Spirochaetota","Spirochaetia","Spirochaetales","Spirochaetaceae",""
"2ffd60e68a8ac497aa938021e16cd84d","High",0.366264368232544,0.007,0.0481890243902439,"Planctomycetota","Planctomycetes","Pirellulales","Pirellulaceae","Pir4_lineage"
"26e5d61e523a657a67c87c8ad70c167f","High",0.365697725026683,0.004,0.0328436363636364,"Firmicutes","Negativicutes","uncultured","uncultured","uncultured"
"48faaec89384caf85c9c01f8155b170e","High",0.36480907929445,0.007,0.0481890243902439,"Bacteroidota","Rhodothermia","Rhodothermales","Rhodothermaceae","uncultured"
"8094227ae019c705e4daf0882cec9c87","High",0.359633632916313,0.003,0.0268809523809524,"Proteobacteria","Gammaproteobacteria","Pseudomonadales","Pseudohongiellaceae","BIyi10"
"32a1afee2d6e1bd3598df1c509070db7","High",0.359486813709167,0.001,0.0132823529411765,"Proteobacteria","Gammaproteobacteria","Burkholderiales","Hydrogenophilaceae","uncultured"
"6341b8309071a82ad2c8b26201c680fd","High",0.357113937522004,0.002,0.02062100456621,"Proteobacteria","Gammaproteobacteria","","",""
"2b17b04134afce0352f1671b1cd7cc30","High",0.356884944912678,0.002,0.02062100456621,"Planctomycetota","Planctomycetes","Pirellulales","Pirellulaceae","uncultured"
"ae4378457cc4076c333a6485fd8b3d53","High",0.353368751330654,0.006,0.042873417721519,"Myxococcota","Polyangia","Polyangiales","BIrii41","BIrii41"
"a0540517ee958af0423427095344b3b6","High",0.346917141118501,0.002,0.02062100456621,"Proteobacteria","Alphaproteobacteria","Acetobacterales","Acetobacteraceae","Rhodovastum"
"3397642025e64c4e1b9650d24653409d","High",0.339683110243379,0.002,0.02062100456621,"Planctomycetota","Phycisphaerae","Phycisphaerales","Phycisphaeraceae","SM1A02"
"f3ed3e79c5f6390085ba9ab863f958a6","High",0.339683110243379,0.003,0.0268809523809524,"Firmicutes","Desulfotomaculia","Desulfotomaculales","Desulfotomaculaceae","Desulfotomaculum"
"fb5fa58716f77adc701cabc74ba7a0ea","High",0.339683110243379,0.003,0.0268809523809524,"Spirochaetota","Leptospirae","Leptospirales","Leptospiraceae","RBG-16-49-21"
"62742422f346e232fc1b79a06baba84a","High",0.339683110243379,0.003,0.0268809523809524,"Proteobacteria","Alphaproteobacteria","Caulobacterales","Hyphomonadaceae","SWB02"
"fb933b15aae3915c1e36ad521e9f7dfc","High",0.339683110243379,0.003,0.0268809523809524,"Firmicutes","Clostridia","Christensenellales","Christensenellaceae","uncultured"
"7cb3416b1239f9c163a1b21911f77424","High",0.339683110243379,0.003,0.0268809523809524,"Firmicutes","Incertae_Sedis","DTU014","DTU014","DTU014"
"24e4613ce32a000004b996bb7216a2ce","High",0.339683110243379,0.003,0.0268809523809524,"Verrucomicrobiota","Verrucomicrobiae","Pedosphaerales","Pedosphaeraceae","Pedosphaeraceae"
"62dff38e0ba2890bdc70d1457063b192","High",0.339683110243379,0.003,0.0268809523809524,"Cyanobacteria","Vampirivibrionia","Gastranaerophilales","Gastranaerophilales","Gastranaerophilales"
"6a4af6ec29dccaa4b494c4e3686dee1f","High",0.339683110243379,0.004,0.0328436363636364,"Firmicutes","Limnochordia","Limnochordia","Limnochordia","Hydrogenispora"
"71e7ff2d58c62224630ebd934fe88935","High",0.339683110243379,0.004,0.0328436363636364,"Firmicutes","Clostridia","Christensenellales","Christensenellaceae","uncultured"
"3fc3b14c32deba355f2e7c72fd62bfae","High",0.339683110243379,0.004,0.0328436363636364,"Firmicutes","Limnochordia","Limnochordia","Limnochordia","Hydrogenispora"
"599901893c8f7b1788802abba9b4ab2e","High",0.339683110243379,0.004,0.0328436363636364,"Patescibacteria","Parcubacteria","Candidatus_Wolfebacteria","Candidatus_Wolfebacteria","Candidatus_Wolfebacteria"
"8f233f95f6f4b4ba312a5646643c3966","High",0.339683110243379,0.005,0.0384013605442177,"Bacteroidota","Bacteroidia","Chitinophagales","Chitinophagaceae","Pseudoflavitalea"
"361d21df8e16c231e6835801f0645552","High",0.339683110243379,0.005,0.0384013605442177,"Firmicutes","Clostridia","Oscillospirales","Hungateiclostridiaceae",""
"dee086e8a201afd1a7c3ebb0b2bba56a","High",0.339683110243379,0.005,0.0384013605442177,"Verrucomicrobiota","Verrucomicrobiae","Pedosphaerales","Pedosphaeraceae",""
"27054c3adc5bb1027163e1d7764d303b","High",0.339683110243379,0.005,0.0384013605442177,"Fibrobacterota","Fibrobacteria","Fibrobacterales","Fibrobacterales","BBMC-4"
"f08b1ac65bb72f427e7496291c49a495","High",0.339683110243379,0.005,0.0384013605442177,"Firmicutes","Clostridia","Christensenellales","Christensenellaceae","uncultured"
"8a2c92219c21eb6bc6171b8132316c78","High",0.339683110243379,0.005,0.0384013605442177,"Firmicutes","Clostridia","Oscillospirales","Hungateiclostridiaceae",""
"66484ec8eff596db8dd6f7de2f57edd7","High",0.339683110243379,0.005,0.0384013605442177,"Verrucomicrobiota","Verrucomicrobiae","Pedosphaerales","Pedosphaeraceae","ADurb.Bin063-1"
"60e1e2a6c6c598bbb2a79c77d6019066","High",0.339683110243379,0.005,0.0384013605442177,"Firmicutes","Clostridia","Oscillospirales","Hungateiclostridiaceae",""
"72c018284ae3c2003c01d5a804d2762f","High",0.339683110243379,0.006,0.042873417721519,"Actinobacteriota","Thermoleophilia","","",""
"38a3a71b2f951c88925dcb83306f46ea","High",0.339683110243379,0.006,0.042873417721519,"Actinobacteriota","Coriobacteriia","OPB41","OPB41","OPB41"
"62aad96fc18c36bff55e827c03185914","High",0.339683110243379,0.007,0.0481890243902439,"Proteobacteria","Alphaproteobacteria","Rickettsiales","AB1","AB1"
"f6ebea96a0b4d0a924c1f0b57aa729f7","High",0.332377243130795,0.004,0.0328436363636364,"Proteobacteria","Gammaproteobacteria","Legionellales","Legionellaceae","Legionella"
"49131892791de98b90d78d3df470334c","High",0.331663411985972,0.006,0.042873417721519,"Desulfobacterota","Desulfovibrionia","Desulfovibrionales","Desulfovibrionaceae","Desulfovibrio"
"37063428493b7faaa42a0fe954de736d","High",0.331594256782625,0.003,0.0268809523809524,"Cyanobacteria","Vampirivibrionia","Vampirovibrionales","Vampirovibrionaceae","Vampirovibrio"
"7263cae0fa9d44a9904ef8bafe598a51","High",0.330342953237367,0.003,0.0268809523809524,"Proteobacteria","Alphaproteobacteria","Rhizobiales","Xanthobacteraceae","Pseudolabrys"
"b428f3f6609b528156cf5ebe705b1aa8","High",0.310086836473021,0.006,0.042873417721519,"SAR324_clade(Marine_group_B)","SAR324_clade(Marine_group_B)","SAR324_clade(Marine_group_B)","SAR324_clade(Marine_group_B)","SAR324_clade(Marine_group_B)"
"835f0ee519a4720f7b4a5a4556084de0","High",0.310086836473021,0.006,0.042873417721519,"Proteobacteria","Gammaproteobacteria","Xanthomonadales","Rhodanobacteraceae","Ahniella"
"b6921bfd7261f0dc84c443b5057d3d8c","High",0.310086836473021,0.006,0.042873417721519,"Patescibacteria","Microgenomatia","Candidatus_Collierbacteria","Candidatus_Collierbacteria","Candidatus_Collierbacteria"
"2a935f852276a0fa465afad4aef1526d","High",0.310086836473021,0.006,0.042873417721519,"Desulfobacterota","uncultured","uncultured","uncultured","uncultured"
"2cf68464b9b9ac160deee08ffd8321da","High",0.310086836473021,0.007,0.0481890243902439,"Proteobacteria","Gammaproteobacteria","","",""
"182da8f590736d5f3652ae0ae70d3c8c","High",0.310086836473021,0.007,0.0481890243902439,"Bacteroidota","Bacteroidia","Bacteroidales","Prolixibacteraceae","WCHB1-32"
"a6abd3643e8d80b37938533a256c4cab","High",0.310086836473021,0.007,0.0481890243902439,"Proteobacteria","Gammaproteobacteria","Burkholderiales","Hydrogenophilaceae","Thiobacillus"
