"ASV","rho","Kingdom","Phylum","Class","Order","Family","Genus","Species"
"64c4c7745e7b17652dfc185a61d02df3",-0.0635594570860024,"Fungi","Ascomycota","Pezizomycotina_cls_Incertae_sedis","Pezizomycotina_ord_Incertae_sedis","Pezizomycotina_fam_Incertae_sedis","Tricellula","Tricellula_sp"
"a454bc7fbf4df385001f5648685701b7",-0.0429474548062469,"Fungi","Glomeromycota","Glomeromycetes","Glomerales","Glomeraceae","Glomus","Glomus_sp"
"5a8e0f18e7d6dca292cc44c99abc07c0",-0.195337114413355,"Fungi","Ascomycota","Sordariomycetes","Hypocreales","Stachybotryaceae","Stachybotryaceae_gen_Incertae_sedis","Stachybotryaceae_sp"
"7ee7f26f1afb97219f3362d5cdc11285",-0.0868086852466693,"Fungi","Ascomycota","Dothideomycetes","Pleosporales","Sporormiaceae","Preussia","Preussia_funiculata"
"88c50c2510e16178ce7229b40bcaf5ce",0.0226625063579092,"Fungi","","","","","",""
"4a2b73aa59663378f8fa68e1919809ad",-0.045477910408579,"Fungi","Ascomycota","Dothideomycetes","Pleosporales","Pleosporales_fam_Incertae_sedis","Pleosporales_gen_Incertae_sedis","Pleosporales_sp"
"3bd99dc056ed5bbaee884b763b12bde3",0.0435097782734318,"Fungi","Ascomycota","Sordariomycetes","Hypocreales","Stachybotryaceae","",""
"6d837318cd75c2b9e8f5d0a1cc91c5f3",-0.44329321846656,"Fungi","Chytridiomycota","Chytridiomycetes","Chytridiomycetes_ord_Incertae_sedis","Chytridiomycetes_fam_Incertae_sedis","Olpidiaster","Olpidiaster_brassicae"
"b38af7f1359407cce495f891352be1c0",0.20213798852192,"Fungi","Ascomycota","Pezizomycetes","Pezizales","Pezizales_fam_Incertae_sedis","Pezizales_gen_Incertae_sedis","Pezizales_sp"
"2d783fc0a24c9350fd6e4c008ade61f1",0.225755911975938,"Fungi","Ascomycota","Eurotiomycetes","Eurotiales","Aspergillaceae","Penicillium","Penicillium_raistrickii"
"6a96695bd5f30d731a7a7496af3ab47e",-0.233732886016067,"Fungi","Basidiomycota","Agaricomycetes","","","",""
"ac1ceae3d25b326d8a2674141b904822",-0.100864263009925,"Fungi","Ascomycota","Sordariomycetes","Hypocreales","Nectriaceae","Ilyonectria","Ilyonectria_robusta"
"10cd0dd5b27c5c530de08904bde367ac",-0.162150885272638,"Fungi","Ascomycota","Dothideomycetes","Pleosporales","Pleosporaceae","Alternaria","Alternaria_embellisia"
"ad2fdd3a85b0f868191173d0b0695c73",-0.231906143867447,"Fungi","Ascomycota","Leotiomycetes","Helotiales","Helotiales_fam_Incertae_sedis","Cistella","Cistella_sp"
"c06dca33c44e80a63c82e75b5be8cd86",0.386688896042849,"Fungi","Glomeromycota","Glomeromycetes","Glomerales","Glomeraceae","Rhizophagus","Rhizophagus_sp"
"a9b54be2960f57595914b1efee00b138",-0.281027763920752,"Fungi","Ascomycota","Orbiliomycetes","Orbiliales","Orbiliaceae","Arthrobotrys","Arthrobotrys_koreensis"
"72c6b23e6e129982fa5ccb88e7ba3a8a",-0.0410496131044979,"Fungi","Ascomycota","Eurotiomycetes","Chaetothyriales","Cyphellophoraceae","Cyphellophora",""
"ef46ec73099347722cf91ff1bee30049",0.302672355568327,"Fungi","Ascomycota","Orbiliomycetes","Orbiliales","Orbiliaceae","Dactylella","Dactylella_sp"
"cd3620da2110e5d964907734ce6f9e5e",-0.0730442168331401,"Fungi","Ascomycota","Leotiomycetes","Helotiales","Helotiales_fam_Incertae_sedis","",""
"c77d168d454c013c802a4ada5ebe5d79",-0.0996015441251258,"Fungi","Ascomycota","Dothideomycetes","Pleosporales","Cucurbitariaceae","Pyrenochaeta","Pyrenochaeta_sp"
"8b2aa9ea4055195a327daa90f1c07c5f",-0.331736532407924,"Fungi","Ascomycota","Leotiomycetes","Helotiales","","",""
"a92bcb622bb266d15498da179ff4c743",-0.0482895277445035,"Fungi","Ascomycota","Dothideomycetes","","","",""
"5973b73885a45ec80b9c9714b4435431",0.258830138771919,"Fungi","Ascomycota","Sordariomycetes","Hypocreales","Ophiocordycipitaceae","Harposporium",""
"82118b570006060cacb06b33a0751781",0.0884280344717904,"Fungi","Ascomycota","Sordariomycetes","Hypocreales","Nectriaceae","Fusarium",""
"8ce08f5a63c413f35a5b3759cf6f2992",-0.181102427970434,"Fungi","Ascomycota","Dothideomycetes","Pleosporales","Phaeosphaeriaceae","Neosetophoma","Neosetophoma_buxi"
"9f557d40df35f0c0978091b17fcdc777",-0.192182052681334,"Fungi","Ascomycota","Pezizomycotina_cls_Incertae_sedis","Pezizomycotina_ord_Incertae_sedis","Pezizomycotina_fam_Incertae_sedis","Spermospora","Spermospora_zeae"
"7eae6ed747bedc6a47572a190aa5770f",0.111601279730873,"Fungi","Ascomycota","","","","",""
"1cbd4a8a7e037e6ea3baacc10ac6e08e",-0.153795468275071,"Fungi","Basidiomycota","Tremellomycetes","Filobasidiales","Filobasidiaceae","Filobasidium","Filobasidium_chernovii"
"2a19ee960c01e8eb74e7670853109519",-0.107397553966066,"Fungi","Ascomycota","Dothideomycetes","Pleosporales","Lentitheciaceae","Lentitheciaceae_gen_Incertae_sedis","Lentitheciaceae_sp"
"354e5fc49cc596c5273cf06ab393994c",-0.237260772032819,"Fungi","Basidiomycota","Agaricomycetes","","","",""
"e3ba9a52c9e63ed40148a3757005031e",0.184608240023788,"Fungi","Basidiomycota","Agaricomycetes","Agaricales","Mycenaceae","Hemimycena","Hemimycena_subimmaculata"
"1f13d9ba378e414ce2708e7cab16dd53",-0.246719421227376,"Fungi","Basidiomycota","Agaricomycetes","Sebacinales","Serendipitaceae","Serendipita","Serendipita_sp"
"aa52e53101323b1d05f8c4c6834dd1e2",0.0860729958093732,"Fungi","Ascomycota","Sordariomycetes","Hypocreales","Nectriaceae","Fusarium",""
"ae93ea83ac38a66335d56cee3b7ac634",0.120407512410967,"Fungi","Glomeromycota","Glomeromycetes","Glomerales","Glomeraceae","Funneliformis","Funneliformis_mosseae"
"db54a1e37e9d413560690921568662ba",-0.150070075304971,"Fungi","Basidiomycota","Agaricomycetes","Agaricales","Agaricales_fam_Incertae_sedis","Calyptella","Calyptella_sp"
"05103bd02bf280ace3334412ea9d5e45",0.0121383750547015,"Fungi","Ascomycota","Sordariomycetes","Hypocreales","Stachybotryaceae","Achroiostachys",""
"211ab004af877395e2d7d1048dd4fa67",-0.173475613377016,"Fungi","Ascomycota","Sordariomycetes","Savoryellales","Savoryellaceae","Savoryella","Savoryella_sp"
"b7e7581148b58c10a03bf40ebda79641",-0.220301881410084,"Fungi","Ascomycota","Leotiomycetes","Helotiales","","",""
"29a8dbf33dd842382f811771519c2e71",-0.160836078395061,"Fungi","Mortierellomycota","Mortierellomycetes","Mortierellales","Mortierellaceae","Linnemannia","Linnemannia_nimbosa"
"6a0e3aee96bfc2772cd53575935a9820",-0.279891914683006,"Fungi","Ascomycota","Dothideomycetes","Pleosporales","Pleosporaceae","Alternaria",""
"2b03aae15f42b53ba1384634d08cb6cb",-0.634422422040223,"Fungi","Ascomycota","Dothideomycetes","Pleosporales","Lophiostomataceae","Biappendiculispora","Biappendiculispora_sp"
"dd53217d6ff6f4c5eef8dd17874c8999",-0.153299548212709,"Fungi","Ascomycota","Dothideomycetes","Mycosphaerellales","Mycosphaerellaceae","Cercospora","Cercospora_sp"
"7d727a428792fb6a09e8f220cbaca0aa",-0.0278181063315443,"Fungi","Ascomycota","Dothideomycetes","Pleosporales","Testudinaceae","Testudinaceae_gen_Incertae_sedis","Testudinaceae_sp"
"84f6998f9b93aef37ee9f2ca8995f0cd",-0.246093838192866,"Fungi","Mortierellomycota","Mortierellomycetes","Mortierellales","Mortierellaceae","Mortierella","Mortierella_lapis"
"34752cd6e43ebc50e7dcf3a6ee83722e",-0.398878907698908,"Fungi","Ascomycota","Sordariomycetes","Glomerellales","Plectosphaerellaceae","Plectosphaerella","Plectosphaerella_plurivora"
"9a13cde63c6bf8c523f4f6898b7ce61b",-0.0964384746222107,"Fungi","Basidiomycota","Tremellomycetes","Tremellales","Bulleribasidiaceae","Vishniacozyma","Vishniacozyma_heimaeyensis"
"b2a05089fbfba1cd8284d72886e80ce3",-0.0601686109887845,"Fungi","Basidiomycota","Agaricomycetes","Sebacinales","Serendipitaceae","Serendipita","Serendipita_sp"
"919c4c9bffb11939b73c5738951d4428",0.0624130389171416,"Fungi","Ascomycota","Leotiomycetes","Helotiales","","",""
"3494bf92fca823401051bcff92fd1bed",-0.179802928632373,"Fungi","Ascomycota","Dothideomycetes","Mycosphaerellales","Dissoconiaceae","Dissoconium",""
"420f4b9d5d4c17478df07d728e3e9188",0.132613134757237,"Fungi","Basidiomycota","Agaricomycetes","Agaricales","Mycenaceae","Hemimycena","Hemimycena_subimmaculata"
"177eb91c8a0b93f4ccb1cf1b60c75c71",-0.313390781252975,"Fungi","Ascomycota","Sordariomycetes","Sordariales","","",""
"2a6b98415a5e77c9d0ec58b723c69843",0.0962649624569884,"Fungi","Ascomycota","Sordariomycetes","Hypocreales","Hypocreales_fam_Incertae_sedis","Hypocreales_gen_Incertae_sedis","Hypocreales_sp"
"694afa72da35208b93d6307d0afcc1d8",0.0173628111071732,"Fungi","Ascomycota","Dothideomycetes","Pleosporales","Testudinaceae","Testudinaceae_gen_Incertae_sedis","Testudinaceae_sp"
"22fa5b7d50ebda43e46f0dd9ac56e656",0.183421408034136,"Fungi","Ascomycota","Dothideomycetes","Pleosporales","Sporormiaceae","Sporormiaceae_gen_Incertae_sedis","Sporormiaceae_sp"
"4fdabc2187e40177e9d481e58e6f8e65",-0.0626287761577185,"Fungi","Ascomycota","Eurotiomycetes","Eurotiales","Aspergillaceae","Penicillium","Penicillium_roseopurpureum"
"94f2cd3c6f34e577e081654cee2f2c96",-0.291372585046494,"Fungi","Ascomycota","Dothideomycetes","Pleosporales","Didymellaceae","",""
"3ba4a04814377facbfa819d2e5175463",-0.275505358078373,"Fungi","Ascomycota","Leotiomycetes","Helotiales","","",""
"dfb6d38195f44945c16106c58268d49d",0.148608066373539,"Fungi","Ascomycota","Dothideomycetes","Pleosporales","Phaeosphaeriaceae","Paraphoma","Paraphoma_radicina"
"41f99f95cd2352dcba43e38f3681cc47",0.0229031692987783,"Fungi","Ascomycota","Leotiomycetes","Helotiales","Helotiales_fam_Incertae_sedis","Leohumicola","Leohumicola_sp"
"a9dbbcc83ad2537b4872125055400f7d",0.0258927967964531,"Fungi","Glomeromycota","Glomeromycetes","Glomerales","Glomeraceae","Rhizophagus",""
"ef0ec794d389586326dd3f1da875035f",-0.0721921261424565,"Fungi","Ascomycota","Eurotiomycetes","Chaetothyriales","","",""
"f3f2771cd358d2e061667c8b206c444b",-0.395658257327938,"Fungi","Ascomycota","Sordariomycetes","Hypocreales","Stachybotryaceae","Stachybotryaceae_gen_Incertae_sedis","Stachybotryaceae_sp"
"363897ce7311b1ec4d318aa94bd02293",0.194436829325229,"Fungi","Ascomycota","Dothideomycetes","Pleosporales","Sporormiaceae","Preussia","Preussia_terricola"
"fdb0d4aa1d2c914f92d1d933d0d07664",0.0140991970017957,"Fungi","Ascomycota","Sordariomycetes","Sordariales","Lasiosphaeriaceae","Apiosordaria","Apiosordaria_sp"
"42551b4639aff66a99540d847c077369",-0.124627528068504,"Fungi","Ascomycota","Sordariomycetes","Hypocreales","Ophiocordycipitaceae","Purpureocillium",""
"8efd5c16c20117e065b270a2c671b98f",-0.357830925319459,"Fungi","Ascomycota","Leotiomycetes","Helotiales","Helotiales_fam_Incertae_sedis","Tetracladium","Tetracladium_sp"
"6a68c24698211d69cd420e0aa0c773c7",-0.175294553619357,"Fungi","Basidiomycota","Tremellomycetes","Filobasidiales","Filobasidiaceae","Filobasidium","Filobasidium_floriforme"
"80ae0d452c3649b08e308c50d2981319",-0.117385023774848,"Fungi","Basidiomycota","Tremellomycetes","Tremellales","Bulleribasidiaceae","Vishniacozyma","Vishniacozyma_psychrotolerans"
"0e0371d2cdeb6bd83ef2e4ab0e7d59c3",-0.127577136617575,"Fungi","Basidiomycota","Agaricomycetes","Agaricales","Marasmiaceae","Tetrapyrgos","Tetrapyrgos_atrocyanea"
"4082ec400fad6283685b299998e9d1d2",-0.119692081559165,"Fungi","Ascomycota","Sordariomycetes","Hypocreales","Nectriaceae","Fusarium","Fusarium_andiyazi"
"2c22b6e8097a4ba8b7bb5a3689479cad",-0.14755832726565,"Fungi","Ascomycota","Dothideomycetes","Minutisphaerales","Minutisphaeraceae","Minutisphaera","Minutisphaera_sp"
"04762bb6f9639b431bd6bfbe4bf58fd9",-0.0546156667503336,"Fungi","Ascomycota","Sordariomycetes","Hypocreales","Stachybotryaceae","Striaticonidium","Striaticonidium_brachysporum"
"a3b0c8c314608689716b58e3fb7d9e6f",-0.0394329331363413,"Fungi","Basidiomycota","Agaricomycetes","Sebacinales","Serendipitaceae","",""
"5dcaad4f3d7ea69acaa5440c14f251c9",0.197249609903584,"Fungi","Ascomycota","Dothideomycetes","Pleosporales","Pseudomassarinaceae","Pseudomassarina","Pseudomassarina_clematidis"
"0b55ac614e7abb5e10a30f3fa71e3861",0.0334582462975017,"Fungi","Ascomycota","Ascomycota_cls_Incertae_sedis","Ascomycota_ord_Incertae_sedis","Ascomycota_fam_Incertae_sedis","Mirandina","Mirandina_sp"
"d1af6280453d7af3784d43dde46c43ba",-0.126945412469313,"Fungi","Ascomycota","Sordariomycetes","Myrmecridiales","Myrmecridiaceae","Myrmecridium","Myrmecridium_schulzeri"
"d35d1562311d4cf450a642426b963521",0.339262430881827,"Fungi","","","","","",""
"4c99c1540f81dc41325414a95354c52e",0.20932491065958,"Fungi","Ascomycota","Archaeorhizomycetes","Archaeorhizomycetales","Archaeorhizomycetaceae","Archaeorhizomyces","Archaeorhizomyces_sp"
"7a9bae337c635dd97866b383d7dc3f7c",0.00439492889911605,"Fungi","Ascomycota","Sordariomycetes","Magnaporthales","Ophioceraceae","Ophioceraceae_gen_Incertae_sedis","Ophioceraceae_sp"
"50f1ff27bf28e7532003cb8782b7e861",0.244694358862689,"Fungi","Glomeromycota","Glomeromycetes","Glomerales","Glomeraceae","Rhizophagus","Rhizophagus_sp"
"99c48194bd1d3f83a14381666fcc6a4f",-0.00242271782890789,"Fungi","Ascomycota","Leotiomycetes","Helotiales","Calloriaceae","Calloriaceae_gen_Incertae_sedis","Calloriaceae_sp"
"f44c621fc913e47f97b8cd4891675cd2",0.155130986509635,"Fungi","Ascomycota","Eurotiomycetes","Chaetothyriales","","",""
"cfcfd995dbc89e2ad840edea9d442509",0.557942030169753,"Fungi","Ascomycota","Dothideomycetes","Pleosporales","Lentitheciaceae","Darksidea",""
"7eb7c65cdcaa34253131e1c6f51731b4",0.00850158343188567,"Fungi","Ascomycota","Pezizomycotina_cls_Incertae_sedis","Pezizomycotina_ord_Incertae_sedis","Pezizomycotina_fam_Incertae_sedis","Pezizomycotina_gen_Incertae_sedis","Pezizomycotina_sp"
"c3de67326a457822e25335604b0b075e",0.196180599614133,"Fungi","Glomeromycota","Glomeromycetes","Glomerales","Glomeraceae","Rhizophagus","Rhizophagus_irregularis"
"7e80bddac576bf30fd27a7656cbae8f6",-0.121842517478826,"Fungi","Ascomycota","Sordariomycetes","Sordariales","Podosporaceae","Cladorrhinum",""
"a860ecea51ff1490fe8cf78debe72024",-0.0438857547831714,"Fungi","Ascomycota","Sordariomycetes","Hypocreales","Hypocreales_fam_Incertae_sedis","Hypocreales_gen_Incertae_sedis","Hypocreales_sp"
"4bc96df48218aebc48495f59a04dcacf",-0.414127803437214,"Fungi","Ascomycota","Sordariomycetes","Hypocreales","Bionectriaceae","Nectriella","Nectriella_adonidis"
"ab0b0303e96938cc94e1dc911dc65716",-0.178186248664216,"Fungi","","","","","",""
"7495fc5a3169530c804978de5872659c",0.122318700397539,"Fungi","Glomeromycota","Glomeromycetes","Glomerales","Glomeraceae","Funneliformis","Funneliformis_mosseae"
"51775ae3f7b8c6ea66bc3d0ff50a4f1f",0.0785962713192695,"Fungi","Ascomycota","","","","",""
"5f5ef71f101f26c10d983dc64d0853ec",-0.0499062077126601,"Fungi","","","","","",""
"b2dac3812ae2705b153196c4edbcdb32",0.115956971298849,"Fungi","Ascomycota","Dothideomycetes","Mycosphaerellales","Mycosphaerellaceae","Cercospora","Cercospora_sp"
"8ca021d1c882001daf600535628b87b2",-0.0913072729841485,"Fungi","Ascomycota","Dothideomycetes","Pleosporales","Didymosphaeriaceae","Paraphaeosphaeria","Paraphaeosphaeria_michotii"
"e8ac4868e541e58427971b675398cf9b",-0.165231454863247,"Fungi","Ascomycota","Sordariomycetes","Sordariales","Chaetomiaceae","Humicola","Humicola_repens"
"0d7737e2f216713fd84751b3b0001959",0.078662296231015,"Fungi","Ascomycota","Sordariomycetes","Hypocreales","Nectriaceae","Fusarium","Fusarium_merkxianum"
"4541010e26b024df3baa0706f3960fca",-0.304958159430838,"Fungi","Ascomycota","","","","",""
"27168fab1401bc08f00687edc97af6f6",0.506891096917888,"Fungi","Ascomycota","Sordariomycetes","Branch06","Branch06_fam_Incertae_sedis","Branch06_gen_Incertae_sedis","Branch06_sp"
"efd5f02b7b192652a165ba3bc9add897",-0.196196239264524,"Fungi","Ascomycota","Eurotiomycetes","Chaetothyriales","Herpotrichiellaceae","Rhinocladiella","Rhinocladiella_sp"
"1429334b3b776c0c366ccbad5493cb22",-0.00375920355831679,"Fungi","Ascomycota","Sordariomycetes","Hypocreales","Nectriaceae","Fusarium",""
"e7e684bab7ca885aa148684435e45adc",-0.1504608718328,"Fungi","Ascomycota","Dothideomycetes","Pleosporales","Didymosphaeriaceae","Pseudopithomyces","Pseudopithomyces_rosae"
"9a6ce9d42b5a84b6f8f74c135756d904",-0.0533571402705761,"Fungi","Ascomycota","Sordariomycetes","Hypocreales","Stachybotryaceae","Stachybotryaceae_gen_Incertae_sedis","Stachybotryaceae_sp"
"6cd8cf96fe0efab6f4e3a808ff686f84",-0.00709933377320939,"Fungi","Glomeromycota","Glomeromycetes","Glomerales","Glomeraceae","Microdominikia","Microdominikia_sp"
"8f049a222de79fe454fe6bbcded3ad0c",0.277544890405574,"Fungi","Ascomycota","Pezizomycetes","Pezizales","Pyronemataceae","Smardaea","Smardaea_planchonis"
"1fcfd25c0a7b43caad71cf843fe4b99c",0.382006221259179,"Fungi","Ascomycota","Sordariomycetes","Microascales","Microascaceae","Cephalotrichum","Cephalotrichum_telluricum"
"1e54178dadb23ac69e4195e4f8f58cda",-0.176404141917356,"Fungi","Ascomycota","Sordariomycetes","Myrmecridiales","Myrmecridiaceae","Myrmecridium","Myrmecridium_schulzeri"
"475c34239eb859e06537ad825a3ce602",0.255105336857467,"Fungi","Ascomycota","","","","",""
"358b61b74b6df35f7fc13cd617d3fc86",-0.227489891111388,"Fungi","Basidiomycota","Tremellomycetes","Tremellales","Bulleribasidiaceae","Vishniacozyma","Vishniacozyma_tephrensis"
"23a750d3653ac80aa9d79861543c296b",0.130791005170541,"Fungi","Basidiomycota","Agaricomycetes","Auriculariales","","",""
"fad7d241c19f462782ecf1328c0fbae1",0.247516488260192,"Fungi","Ascomycota","Leotiomycetes","Helotiales","","",""
"97c2f73cc5fe7cb679b43cffb2643d6e",-0.34920491792343,"Fungi","Ascomycota","Sordariomycetes","Hypocreales","Stachybotryaceae","Stachybotryaceae_gen_Incertae_sedis","Stachybotryaceae_sp"
"f48bbb0069d04b7b3124114d060b3a43",-0.0154416515395474,"Fungi","Basidiomycota","Agaricomycetes","Agaricales","Mycenaceae","Hemimycena","Hemimycena_subimmaculata"
"f2a3cda61613aa4fcbfeb7c1d10d1381",-0.107281886164272,"Fungi","Ascomycota","Archaeorhizomycetes","Archaeorhizomycetales","Archaeorhizomycetaceae","Archaeorhizomyces","Archaeorhizomyces_sp"
"e3ed015d0685f45464ef9adabd7f0ef0",0.176780439996254,"Fungi","Ascomycota","Dothideomycetes","Dothideomycetes_ord_Incertae_sedis","Dothideomycetes_fam_Incertae_sedis","Oncopodiella","Oncopodiella_sp"
"e86480095aefb655f6e13084eeb1ca57",-0.0539268512709794,"Fungi","Ascomycota","Dothideomycetes","Mycosphaerellales","Teratosphaeriaceae","Teratosphaeriaceae_gen_Incertae_sedis","Teratosphaeriaceae_sp"
"99f427ae78765ce0f352ac13d6306da9",0.0782983295625083,"Fungi","Basidiomycota","Agaricomycetes","Auriculariales","Oliveoniaceae","Oliveonia","Oliveonia_sp"
"36bb0aa45605bf6b5623535aee861b16",0.391556857316579,"Fungi","Ascomycota","Sordariomycetes","","","",""
"d15539e7d1f5dcada02f3e189d7e0353",0.0866930174448749,"Fungi","Ascomycota","Dothideomycetes","Pleosporales","Didymosphaeriaceae","Laburnicola","Laburnicola_sp"
"4ffee3875ab15a38f19699e2be1ce9e3",0.406620311292582,"Fungi","Ascomycota","Dothideomycetes","Pleosporales","Phaeosphaeriaceae","Paraphoma",""
"f33782bbac6465aeba1b70812d4d552a",0.187666591843609,"Fungi","Ascomycota","Sordariomycetes","Sordariales","Lasiosphaeriaceae","Apiosordaria","Apiosordaria_sp"
"80f469bec54d66d0d62438ce8818c6b8",-0.317266149707765,"Fungi","","","","","",""
"cbf068b0d7b0efb86ac59b0b067ed47f",-0.150763711561414,"Fungi","Ascomycota","Eurotiomycetes","Chaetothyriales","Herpotrichiellaceae","",""
"ecf77452f203c97d6d4810039694d49e",-0.117244442908052,"Fungi","Ascomycota","Dothideomycetes","Mycosphaerellales","Mycosphaerellaceae","Ramularia",""
"0d3b5198193d30302f32e1ee29c21fb9",-0.0142401959053254,"Fungi","Ascomycota","Dothideomycetes","Pleosporales","Phaeosphaeriaceae","Ophiosphaerella","Ophiosphaerella_narmari"
"161ae4b635f9294f23b4de5cd064ec0a",-0.228434580321531,"Fungi","Ascomycota","Sordariomycetes","Hypocreales","Nectriaceae","Fusarium","Fusarium_humuli"
"b9eba8d78548d902f6bedb67ba27d20f",0.195487769808778,"Fungi","Ascomycota","Sordariomycetes","Sordariales","Lasiosphaeriaceae","Apiosordaria","Apiosordaria_sp"
"86bbac70556f3fdf43718a7a8609da19",0.0011246469343698,"Fungi","Mortierellomycota","Mortierellomycetes","Mortierellales","Mortierellaceae","Mortierella",""
"a82ba8177d25949d9029e590b43e616a",-0.141635223297197,"Fungi","","","","","",""
"f73dc0aea640c40a0647f844cd595e5f",0.147189257096452,"Fungi","Ascomycota","Sordariomycetes","Sordariales","Lasiosphaeriaceae","Apiosordaria","Apiosordaria_sp"
"a83ab6d14959f15b7efed5020e0624f3",0.166627850409303,"Fungi","Ascomycota","Sordariomycetes","Hypocreales","Hypocreales_fam_Incertae_sedis","Hypocreales_gen_Incertae_sedis","Hypocreales_sp"
"8a4b06514300a4895d07fc0c517418fa",-0.210457565364843,"Fungi","Ascomycota","Archaeorhizomycetes","Archaeorhizomycetales","Archaeorhizomycetaceae","Archaeorhizomyces","Archaeorhizomyces_sp"
"8d4425d7b020fb3813f0170fd762dd8b",-0.132525000763487,"Fungi","Basidiomycota","Agaricomycetes","Sebacinales","Sebacinaceae","Paulisebacina","Paulisebacina_allantoidea"
"4b4db96b5fccaf944a14c2033e3dc969",0.390832865365567,"Fungi","Ascomycota","Pezizomycetes","Pezizales","Pezizales_fam_Incertae_sedis","Pezizales_gen_Incertae_sedis","Pezizales_sp"
"c9dba5963ac27ab6116672e414209c20",-0.172538389110026,"Fungi","Ascomycota","Leotiomycetes","Helotiales","","",""
"8b590c3a35e1275aa14cccbc609788f0",0.0115276310772905,"Fungi","Ascomycota","Dothideomycetes","Pleosporales","Pleosporaceae","Curvularia","Curvularia_inaequalis"
"6de6ab0aa50f9333302615248a1f56dc",0.131465888463026,"Fungi","Ascomycota","Dothideomycetes","Botryosphaeriales","Botryosphaeriaceae","Macrophomina","Macrophomina_sp"
"02529e51c3960e94cebebd7167de9091",0.251808497686497,"Fungi","Glomeromycota","Glomeromycetes","Glomerales","Glomeraceae","Rhizophagus","Rhizophagus_sp"
"cf49190863c67052e294bc560608f15d",-0.697312491210976,"Fungi","Ascomycota","","","","",""
"9d573ea34130eb348ecbea9ae4d49c23",-0.373201684568383,"Fungi","Basidiomycota","Agaricomycetes","Sebacinales","Serendipitaceae","Serendipita","Serendipita_sp"
"b063b88fc62067e649e6465093e6289b",-0.140510576362827,"Fungi","Ascomycota","Sordariomycetes","Sordariales","Chaetomiaceae","",""
"3d5dd4af0b00d9b82c1431e26dd15c75",-0.319912862722025,"Fungi","Ascomycota","Sordariomycetes","Sordariales","Podosporaceae","Podospora","Podospora_sp"
"09f9cdc61da57b8c1d4a8f9a8e530bc7",-0.0946109233538598,"Fungi","Ascomycota","Sordariomycetes","Hypocreales","Ophiocordycipitaceae","Hirsutella","Hirsutella_minnesotensis"
"5a7a6b54f4b1ab0925908b58e4c3d010",0.0132146014788452,"Fungi","Basidiomycota","Agaricomycetes","Agaricales","Psathyrellaceae","Psathyrella","Psathyrella_panaeoloides"
"1ac3d165e7e99a7d1086ff6cd5a6eedf",-0.00916841001832435,"Fungi","Ascomycota","Dothideomycetes","Pleosporales","Didymosphaeriaceae","Laburnicola","Laburnicola_sp"
"53aced87037f5379b8e5f100fb886abd",-0.234095110218225,"Fungi","Ascomycota","Sordariomycetes","Hypocreales","Bionectriaceae","Protocreopsis","Protocreopsis_rutila"
"e9d861af223ec70c9c687f0fc06619d1",0.0279166121107395,"Fungi","Ascomycota","Sordariomycetes","Hypocreales","Nectriaceae","Fusarium",""
"93864067512cb1b7186f2d08e9e65a6e",0.0381578058052993,"Fungi","","","","","",""
"60c4503cc5091926c0fe5039f5800884",-0.185069004720897,"Fungi","Ascomycota","Dothideomycetes","Pleosporales","Phaeosphaeriaceae","Paraphoma","Paraphoma_pye"
"5a2ad356091ececd145655fe34e0e6ec",-0.324290876056942,"Fungi","Ascomycota","Sordariomycetes","Sordariales","Podosporaceae","Podospora","Podospora_sp"
"6bc40377b677d5bc91fea6f642534f1b",0.0366436071622318,"Fungi","","","","","",""
"4fbb4e956abe057c23855dc3aff42015",0.133855160047161,"Fungi","Ascomycota","","","","",""
"7e1bed3754564ad4be7b5af3034713ec",-0.127061080271108,"Fungi","Ascomycota","Dothideomycetes","Pleosporales","Phaeosphaeriaceae","Paraphoma","Paraphoma_radicina"
"6378111ada62b59a2f7cc40c8a9cf978",0.0571461223526657,"Fungi","Ascomycota","Sordariomycetes","Hypocreales","Niessliaceae","Niesslia","Niesslia_ligustica"
"5dcfdd17bf635f9074c2bc3ab9ec3e22",0.162652062883233,"Fungi","Ascomycota","Sordariomycetes","","","",""
"b84d6f9f10d59c7eac755c86ac44b80f",-0.384398229890294,"Fungi","Basidiomycota","Tremellomycetes","Filobasidiales","Piskurozymaceae","Solicoccozyma","Solicoccozyma_terrea"
"2f69afff0fd14c97dc23ea9b0410d8aa",-0.10352071389771,"Fungi","Ascomycota","Dothideomycetes","Pleosporales","Corynesporascaceae","Corynespora","Corynespora_sp"
"2099161ade7d0964a44675be6a3f0670",-0.179802928632373,"Fungi","Basidiomycota","Agaricomycetes","Agaricales","Psathyrellaceae","Psathyrella","Psathyrella_panaeoloides"
"066857f0993123c92e8003e89f0d5245",-0.0379568340349809,"Fungi","Ascomycota","Dothideomycetes","Pleosporales","Phaeosphaeriaceae","Paraphoma","Paraphoma_chlamydocopiosa"
"60ddcfe81120f7e792329572cf7ac536",0.0541906501482068,"Fungi","Ascomycota","Dothideomycetes","Pleosporales","Didymosphaeriaceae","",""
"5aec569cbee893a4d1449e36912424f7",0.451536892919223,"Fungi","Glomeromycota","Glomeromycetes","Glomerales","Glomeraceae","Kamienskia","Kamienskia_sp"
"614523b2b947f178713286c752985848",-0.0890573052855233,"Fungi","Ascomycota","Dothideomycetes","Mycosphaerellales","Teratosphaeriaceae","Teratosphaeriaceae_gen_Incertae_sedis","Teratosphaeriaceae_sp"
"c00b35fba5a0fc4006205d6130babe7f",-0.328545855388658,"Fungi","Ascomycota","Sordariomycetes","Magnaporthales","Magnaporthaceae","Slopeiomyces","Slopeiomyces_cylindrosporus"
"b52ad1048b2bde9452e1cb57ad175d02",-0.261089008191147,"Fungi","Ascomycota","Dothideomycetes","Mycosphaerellales","Neodevriesiaceae","Neodevriesia",""
"090c1374753ab9590e3c0c41b3a934fa",-0.0776709289049146,"Fungi","Ascomycota","Dothideomycetes","Pleosporales","Lentitheciaceae","Lentitheciaceae_gen_Incertae_sedis","Lentitheciaceae_sp"
"5382809cd1770322d5b9f2bad89e9ffc",-0.0612461010501151,"Fungi","Ascomycota","Leotiomycetes","Helotiales","Dermateaceae","Pezicula",""
"5b68f075fda5c2094b49248055b1989d",-0.053912562772558,"Fungi","Basidiomycota","Agaricomycetes","Sebacinales","Serendipitaceae","Serendipita","Serendipita_sp"
"67685e53add4cf07ba3e22f5decef899",-0.108458365855919,"Fungi","Basidiomycota","Agaricomycetes","Auriculariales","Oliveoniaceae","Oliveonia","Oliveonia_sp"
"e399dc7c0823811b06f9eea10fa4ea6c",-0.0668534567219544,"Fungi","Ascomycota","Dothideomycetes","Cladosporiales","Cladosporiaceae","Cladosporium","Cladosporium_cladosporioides"
"0684981802791d3f2a83682811595e50",0.255970442403879,"Fungi","Glomeromycota","Glomeromycetes","Glomerales","Glomeraceae","Rhizophagus","Rhizophagus_sp"
"67b7cba9ec78b33b6e85d2e2eb577eee",-0.178186248664216,"Fungi","","","","","",""
"feb1f0d07662c56d349c16dd3d1ccd36",-0.598129613576044,"Fungi","Ascomycota","Sordariomycetes","Hypocreales","Stachybotryaceae","Stachybotryaceae_gen_Incertae_sedis","Stachybotryaceae_sp"
"1e4911df12a62159e3c9977139b88f2e",-0.0586243763022981,"Fungi","Ascomycota","Sordariomycetes","Hypocreales","Nectriaceae","Fusarium","Fusarium_acuminatum"
"5d03fef35191ba77df0603173eea9a5d",-0.172538389110026,"Fungi","Ascomycota","Sordariomycetes","Sordariales","Lasiosphaeriaceae","Zopfiella","Zopfiella_sp"
"4e3da7d45b285d4c594b426a326ec3c2",-0.260004313139619,"Fungi","","","","","",""
"64f7a8e07a9d3b31dbb4bda5ecb5d0c5",0.342872161991037,"Fungi","Glomeromycota","Glomeromycetes","Glomerales","Glomeraceae","Rhizophagus","Rhizophagus_sp"
"e7f8fac1e0d99bf4a88927abe8d31497",-0.293956429907491,"Fungi","Ascomycota","Leotiomycetes","Helotiales","","",""
"4ff65324323fb91d05cb8e01e47e521c",-0.102975484928235,"Fungi","Ascomycota","Dothideomycetes","Pleosporales","Didymellaceae","",""
"128b67721af4dc3a9616b735737e3a59",0.274607767425966,"Fungi","Ascomycota","","","","",""
"36f6480fc4cf9530034ed25cc4bd106b",-0.122681300983897,"Fungi","Ascomycota","Eurotiomycetes","Chaetothyriales","Trichomeriaceae","Bradymyces","Bradymyces_sp"
"a8bb7d5a46fc8c81c6eafffc0cf9b969",-0.1374711824326,"Fungi","Ascomycota","Dothideomycetes","Pleosporales","Cucurbitariaceae","Cucurbitariaceae_gen_Incertae_sedis","Cucurbitariaceae_sp"
"b1c17a14ce89d6b9cd467d905c97f034",-0.139861481331328,"Fungi","Basidiomycota","Tremellomycetes","Tremellales","Bulleribasidiaceae","Vishniacozyma","Vishniacozyma_victoriae"
"8a38ebb90c11ab13ffced9af9c587060",-0.114331029744674,"Fungi","Ascomycota","Dothideomycetes","Pleosporales","Pleosporaceae","Alternaria","Alternaria_oregonensis"
"e7abce2939f89d563e2d7f3c6d386619",-0.221485155637453,"Fungi","Ascomycota","Sordariomycetes","","","",""
"370cc30afd0dc5e065b424b7b37778ac",-0.112822154125146,"Fungi","Ascomycota","Leotiomycetes","Helotiales","Helotiales_fam_Incertae_sedis","Polyphilus","Polyphilus_sp"
"9d8f4333012e91d1868aaf82ffb06cb7",0.0456278524444319,"Fungi","Ascomycota","","","","",""
"bde822c0b2735de137aaf34f9ecf3070",-0.0600280301219883,"Fungi","Ascomycota","Pezizomycetes","Pezizales","Ascodesmidaceae","Cephaliophora","Cephaliophora_sp"
"04c9118863faacd045a52c630d86f7c2",-0.390413479995878,"Fungi","Ascomycota","Leotiomycetes","Helotiales","Helotiales_fam_Incertae_sedis","Cistella","Cistella_grevillei"
"46058c679b4321db316a68e56b9eb377",0.369983046295539,"Fungi","Ascomycota","Sordariomycetes","Hypocreales","Bionectriaceae","Ijuhya","Ijuhya_sp"
"e3ac9f3a8e9420c5646705867fdd9409",-0.761807345906707,"Fungi","Ascomycota","Sordariomycetes","Sordariales","Podosporaceae","Podospora",""
"2a30e8728dfab126ba7a20e5bdfca1e3",0.117768704597321,"Fungi","Ascomycota","Dothideomycetes","Pleosporales","Didymosphaeriaceae","Laburnicola","Laburnicola_nematophila"
"5531ff0740f2a66f234804d1e8344ecc",0.247466026659019,"Fungi","Ascomycota","Sordariomycetes","Hypocreales","Bionectriaceae","Verruciconidia",""
"48312cd7faeaa5cea909f5edd3cc0642",-0.0960167320218221,"Fungi","Ascomycota","Sordariomycetes","Magnaporthales","Magnaporthaceae","Gaeumannomyces","Gaeumannomyces_graminicola"
"150ec7aec130f31413bf7fe1f09648dc",-0.185742533733947,"Fungi","Basidiomycota","Agaricomycetes","Agaricales","Mycenaceae","Hemimycena","Hemimycena_subimmaculata"
"1ea94fbd14b49c19f066dcde504e249a",0.0728128812295514,"Fungi","Ascomycota","Dothideomycetes","Pleosporales","Periconiaceae","Periconia",""
"d15d18d842e9048eb7c3b25d0c01ff45",0.422134612065155,"Fungi","Ascomycota","Eurotiomycetes","Chaetothyriales","Chaetothyriales_fam_Incertae_sedis","Chaetothyriales_gen_Incertae_sedis","Chaetothyriales_sp"
"29accfdd05fabce0f414542cd24846a4",-0.443792714117628,"Fungi","Chytridiomycota","Chytridiomycetes","Chytridiomycetes_ord_Incertae_sedis","Chytridiomycetes_fam_Incertae_sedis","Olpidiaster","Olpidiaster_brassicae"
"f9f6c496c6e4c8172335d6e8cf6e3a2a",-0.0794631422279593,"Fungi","Ascomycota","Sordariomycetes","Xylariales","Microdochiaceae","Microdochium","Microdochium_trichocladiopsis"
"4e0797345d4149d7bc31cdce9749b6ba",-0.0402764183371186,"Fungi","Ascomycota","Sordariomycetes","Hypocreales","Hypocreales_fam_Incertae_sedis","Hypocreales_gen_Incertae_sedis","Hypocreales_sp"
"567c8b56b0a2bd49920f7a0977057ed2",0.0362902941455161,"Fungi","Ascomycota","Dothideomycetes","Pleosporales","Lophiostomataceae","Lophiostoma",""
"f15e28028fe7cf965e7f290f5aef5f0e",-0.197584037762007,"Fungi","Ascomycota","Leotiomycetes","Helotiales","Helotiales_fam_Incertae_sedis","Tetracladium","Tetracladium_sp"
"f3abf52d233baa58746965fd0402c9f9",-0.111344073553558,"Fungi","Ascomycota","Dothideomycetes","Pleosporales","Astrosphaeriellaceae","Pteridiospora","Pteridiospora_sp"
"5c8fa8a2695806a9a21fb156c4f763e6",-0.331402636360676,"Fungi","Ascomycota","Sordariomycetes","Magnaporthales","Magnaporthaceae","Slopeiomyces","Slopeiomyces_cylindrosporus"
"a1cb0ccfe74f6d2223f074713c860b2b",-0.118087928108829,"Fungi","Ascomycota","Eurotiomycetes","Onygenales","Onygenaceae","Castanedomyces","Castanedomyces_australiensis"
"b9c60407645068e86dfa20788517ae7c",-0.101961167281731,"Fungi","Basidiomycota","Agaricomycetes","Agaricales","","",""
"1518e9e2c7cae57cc9116b837b3e9189",0.0601071030076554,"Fungi","Ascomycota","Dothideomycetes","Pleosporales","Didymellaceae","",""
"cb5909d3b052b49418699d3ef67f2829",-0.355622074700608,"Fungi","Ascomycota","Pezizomycotina_cls_Incertae_sedis","Pezizomycotina_ord_Incertae_sedis","Pezizomycotina_fam_Incertae_sedis","Pezizomycotina_gen_Incertae_sedis","Pezizomycotina_sp"
"0ae06152a4a3559d0571fe2a74af6c5c",0.00921057871512884,"Fungi","Ascomycota","","","","",""
"543b4268552d394a172d4077a77866fa",-0.016100978904617,"Fungi","Ascomycota","Dothideomycetes","Pleosporales","Lentitheciaceae","Darksidea","Darksidea_sp"
"28cba26fe9ec48581384edf8a84b5657",0.34350611191607,"Fungi","Ascomycota","Eurotiomycetes","Chaetothyriales","","",""
"93486aaa09b89ad75bae758c2bad7156",-0.269274992025492,"Fungi","Basidiomycota","Agaricomycetes","Sebacinales","","",""
"3917bd0718e9b613dfc1484fe56d60c5",-0.104776904696372,"Fungi","Ascomycota","Leotiomycetes","Helotiales","Helotiales_fam_Incertae_sedis","Tetracladium","Tetracladium_sp"
"8a028ac5b709601cedaa63cc2fbd61f6",-0.151924012789424,"Fungi","Ascomycota","Eurotiomycetes","Chaetothyriales","Herpotrichiellaceae","Exophiala","Exophiala_sp"
"60e7a7709e2d2fb0d8f1f55339330305",0.0886593700753791,"Fungi","Ascomycota","Sordariomycetes","Hypocreales","Stachybotryaceae","Stachybotryaceae_gen_Incertae_sedis","Stachybotryaceae_sp"
"8a93e1c00a5f231411d62b8c82d6ffaf",-0.122650090088462,"Fungi","Ascomycota","Dothideomycetes","Pleosporales","Melanommataceae","Herpotrichia","Herpotrichia_australis"
"80da68e2c48536a6f261ec1ba7fcab0b",0.231747558913578,"Fungi","Ascomycota","Eurotiomycetes","Chaetothyriales","Trichomeriaceae","Knufia","Knufia_sp"
"31784079a9e3f8c80ba971c0374d2a57",-0.374581904998525,"Fungi","Ascomycota","Dothideomycetes","Pleosporales","Amniculicolaceae","Pseudomassariosphaeria","Pseudomassariosphaeria_bromicola"
"bb3629dd0a057fc7f681fbd9b37c539b",-0.0643157465592732,"Fungi","Ascomycota","Eurotiomycetes","Chaetothyriales","Cyphellophoraceae","Cyphellophora","Cyphellophora_livistonae"
"f0e7a828de05f103e1d9a98f56a3003b",-0.119915197424563,"Fungi","Ascomycota","Dothideomycetes","Pleosporales","Neopyrenochaetaceae","Neopyrenochaeta","Neopyrenochaeta_acicola"
"ee71c73e5fbdc070fcc0552b11bc96d6",0.195281151667596,"Fungi","Ascomycota","Eurotiomycetes","Chaetothyriales","","",""
"67843647ce735f988eca5a2e51f94f18",-0.134676470390784,"Fungi","Ascomycota","Leotiomycetes","Helotiales","Helotiales_fam_Incertae_sedis","",""
"5bc8cc40acb097968bfdab22d8c2b14b",0.693465557013925,"Fungi","Ascomycota","Dothideomycetes","Pleosporales","Lentitheciaceae","Darksidea","Darksidea_alpha"
"694d99ce5dfa2f477767dcc695f256a8",0.181922485665764,"Fungi","","","","","",""
"5d467d7dc7b52d62bc39d7098d5b5d23",0.213007553977158,"Fungi","Glomeromycota","Glomeromycetes","Glomerales","Glomeraceae","Kamienskia","Kamienskia_sp"
"cc7c53d8593c32757ae2ca15b00aeead",-0.152389659607109,"Fungi","Ascomycota","Dothideomycetes","Mycosphaerellales","Extremaceae","Extremus","Extremus_caricis"
"1f88d6a18f5c1e57993bae437d41b6b6",-0.0776613878926215,"Fungi","Basidiomycota","Agaricomycetes","Agaricales","Agaricales_fam_Incertae_sedis","Calyptella","Calyptella_sp"
"9076c57396fac6a40176be8654e171f6",0.0478677851441148,"Fungi","Ascomycota","Leotiomycetes","Helotiales","","",""
"442da221701c863ba363e0bce2ac09e8",0.191394708483723,"Fungi","Ascomycota","Eurotiomycetes","Chaetothyriales","Trichomeriaceae","Knufia","Knufia_sp"
"82c4a82e870a5888b4aca8cc81da59f8",-0.0743165626528781,"Fungi","Basidiomycota","Agaricomycetes","Agaricales","Agaricales_fam_Incertae_sedis","Calyptella","Calyptella_sp"
"9054c044674b543a5572eb5031ec8073",-0.129374436306995,"Fungi","Ascomycota","Sordariomycetes","Hypocreales","Nectriaceae","Thelonectria","Thelonectria_olida"
"e955e3c0c4a2fdff5f5d3e440582fc96",0.118386571575718,"Fungi","Ascomycota","Sordariomycetes","Sordariales","Lasiosphaeriaceae","Apiosordaria","Apiosordaria_sp"
"80961bed4a38c83d1e5b14229eac080f",0.0587246213853317,"Fungi","Ascomycota","Dothideomycetes","Pleosporales","Delitschiaceae","Delitschiaceae_gen_Incertae_sedis","Delitschiaceae_sp"
"35e6eb6d0b32c0510632d6cdc3b558f7",0.47931720097197,"Fungi","Ascomycota","","","","",""
"172ba2bbd024b601190b462304496ca7",-0.105778204740945,"Fungi","Ascomycota","Dothideomycetes","Mycosphaerellales","Neodevriesiaceae","Neodevriesia",""
"e0acdd1e1fe86981ec25a23758c5e034",-0.0752410828716913,"Fungi","Ascomycota","Eurotiomycetes","Sclerococcales","Dactylosporaceae","Sclerococcum","Sclerococcum_sp"
"bed2cf695e0745a2d243987352d4c931",-0.00868970421059796,"Fungi","Ascomycota","Dothideomycetes","Pleosporales","Pseudomassarinaceae","Pseudomassarina","Pseudomassarina_clematidis"
"7c59a5be2e518ccd827b41a2d5582a5d",0.0932754051192957,"Fungi","","","","","",""
"17c49a8c00d942245599751cf95aa656",0.0990158887043862,"Fungi","Ascomycota","Sordariomycetes","Sordariales","Podosporaceae","Podospora","Podospora_sp"
"cc43d397d9d283877ce0412931052671",0.0469906312231926,"Fungi","Ascomycota","Sordariomycetes","Sordariales","Bombardiaceae","Ramophialophora","Ramophialophora_sp"
"170b5433ef73662707469378a7a80aa5",-0.165205677154727,"Fungi","Ascomycota","Dothideomycetes","Pleosporales","Periconiaceae","Periconia","Periconia_macrospinosa"
"d818af2cec5e8c1dd2dac6568b0ed0a0",-0.372747364384445,"Fungi","Ascomycota","Leotiomycetes","Helotiales","Helotiaceae","Glarea",""
"603073fe2c222278c2ae324440a0225a",0.214505938427646,"Fungi","Ascomycota","","","","",""
"a51f7ede57bcceca5dba8eb05aaa33ca",-0.067765617977799,"Fungi","Ascomycota","Pezizomycotina_cls_Incertae_sedis","Pezizomycotina_ord_Incertae_sedis","Pezizomycotina_fam_Incertae_sedis","Pezizomycotina_gen_Incertae_sedis","Pezizomycotina_sp"
"a7373c2f8232e31781266ce7653b781a",-0.130891513161729,"Fungi","Basidiomycota","Agaricomycetes","Agaricales","Mycenaceae","Hemimycena","Hemimycena_subimmaculata"
"c11062005149aebcfc362fe52b95931a",0.035714229347222,"Fungi","Ascomycota","Sordariomycetes","Myrmecridiales","Myrmecridiaceae","Myrmecridium","Myrmecridium_schulzeri"
"95443b8cf3d248c438ab15b284953f2e",0.287145317954506,"Fungi","Glomeromycota","Glomeromycetes","Glomerales","Glomeraceae","Microdominikia","Microdominikia_sp"
"933d61fa927fc349e6a5b098802c4029",-0.155631027314315,"Fungi","Ascomycota","Dothideomycetes","Pleosporales","Amniculicolaceae","Pseudomassariosphaeria","Pseudomassariosphaeria_bromicola"
"74b057e1fc0e7fd1a45efa6f21774c38",-0.362017314835231,"Fungi","Ascomycota","Dothideomycetes","Pleosporales","Melanommataceae","Petrakia","Petrakia_sp"
"00d0de59276249f2f484eb9ffb7ffdf4",0.154094388279033,"Fungi","Basidiomycota","Agaricomycetes","Auriculariales","","",""
"77e203c5a9527cd5ce1ea61f7030a9a4",-0.0901123356163806,"Fungi","Ascomycota","Archaeorhizomycetes","Archaeorhizomycetales","Archaeorhizomycetaceae","Archaeorhizomyces","Archaeorhizomyces_sp"
"7935a2ffada1a3592b072c3c0a89f370",0.0844188105111335,"Fungi","Ascomycota","Sordariomycetes","Magnaporthales","Ophioceraceae","Ophioceraceae_gen_Incertae_sedis","Ophioceraceae_sp"
"7c7ec146b25b96f5df301cc83c40e54b",-0.0362698636334262,"Fungi","Ascomycota","Dothideomycetes","Pleosporales","","",""
"e4fb85adbfa178844940462708845ff8",-0.208606880536133,"Fungi","Basidiomycota","Agaricomycetes","Sebacinales","","",""
"5900b064e3344e744df249f49619e9e5",-0.0822127692209971,"Fungi","Ascomycota","Sordariomycetes","Sordariales","","",""
"9aef4a99bb6dee2029fe87faf2a29f6b",-0.0292989717356648,"Fungi","Basidiomycota","Agaricomycetes","Agaricales","Agaricales_fam_Incertae_sedis","Calyptella","Calyptella_sp"
"ee68369cb38a3a0cf72304258cc86964",-0.122977078578569,"Fungi","Ascomycota","Leotiomycetes","Helotiales","Ploettnerulaceae","",""
"a3251050e6d0e3f1e9d71940eb42ed9b",0.0460927498959959,"Fungi","Ascomycota","Sordariomycetes","Hypocreales","Nectriaceae","Fusarium","Fusarium_asiaticum"
"daf417f25433cd9a3ba03c059b6c50ed",0.264833342672494,"Fungi","Glomeromycota","Glomeromycetes","Glomerales","Glomeraceae","Rhizophagus","Rhizophagus_sp"
"7521b7926ec0c8fb84fb4ab2e9b4bc36",-0.205325335999944,"Fungi","Ascomycota","Dothideomycetes","Pleosporales","Didymellaceae","",""
"c495f1565f25368fea001ef041c3f5e7",-0.123359710613688,"Fungi","Ascomycota","Sordariomycetes","Hypocreales","Cordycipitaceae","Beauveria","Beauveria_sp"
"04bd1df4d343052035ad57fb9076834c",-0.134254727790395,"Fungi","Basidiomycota","Agaricomycetes","Trechisporales","Hydnodontaceae","Subulicystidium","Subulicystidium_sp"
"8acbcb67744ea054976bb3e8c4dc8593",-0.20820026372521,"Fungi","Ascomycota","Pezizomycetes","Pezizales","Pyronemataceae","Octospora","Octospora_excipulata"
"3a71f3f5d62492c4956b235ed665909a",0.524804573259789,"Fungi","Ascomycota","Sordariomycetes","Sordariales","Lasiosphaeriaceae","Apiosordaria","Apiosordaria_sp"
"3a3bbd046ceeda0609d2b218d4c0bf8e",-0.239460840303266,"Fungi","Ascomycota","Eurotiomycetes","Chaetothyriales","Cyphellophoraceae","Cyphellophora","Cyphellophora_endoradicis"
"48b0a3e0ae380490b59cf57499072065",0.128911765099817,"Fungi","Glomeromycota","Glomeromycetes","Glomerales","Glomeraceae","Rhizophagus",""
"f0dda0dc0db01c26c94bf07561f49bf9",-0.26231447057867,"Fungi","Basidiomycota","Tremellomycetes","Tremellales","Bulleribasidiaceae","Vishniacozyma","Vishniacozyma_victoriae"
"d419a71d7ceb26e3f0229615f140b13e",0.253548280448494,"Fungi","Glomeromycota","Glomeromycetes","Glomerales","Glomeraceae","Kamienskia","Kamienskia_sp"
"29bd8f570e76e6cd33d9ce8ac59973a6",-0.175093946674167,"Fungi","Ascomycota","Sordariomycetes","Ophiostomatales","Ophiostomataceae","Sporothrix","Sporothrix_sclerotialis"
"3cbb28c433bf902f5895178d5f408448",-0.137008511225423,"Fungi","Basidiomycota","Tremellomycetes","Tremellales","Bulleribasidiaceae","Vishniacozyma","Vishniacozyma_tephrensis"
"8ae5412c6c9c7c841c1b8eaba6adc32a",-0.34609915541762,"Fungi","Ascomycota","Sordariomycetes","Hypocreales","Nectriaceae","Fusarium","Fusarium_steppicola"
"a86f625956713e6642021f198178d505",0.220270256138787,"Fungi","Ascomycota","Sordariomycetes","Phomatosporales","Phomatosporaceae","Phomatospora","Phomatospora_sp"
"3ebad4f5401bb3c6b6971580714c0653",-0.0892377090843509,"Fungi","Ascomycota","Dothideomycetes","Pleosporales","Sporormiaceae","Preussia","Preussia_terricola"
"233f04006d413801859dd16dea0d0101",-0.336505411777686,"Fungi","Basidiomycota","Agaricomycetes","Sebacinales","Serendipitaceae","Serendipita","Serendipita_sp"
"251d115942192161fb4ef2948c61fbca",0.196180599614133,"Fungi","Glomeromycota","Glomeromycetes","Glomerales","Glomeraceae","Rhizophagus","Rhizophagus_irregularis"
"55882885a67c97612d07b797ba8f732d",-0.0539127624163525,"Fungi","Basidiomycota","Agaricomycetes","Sebacinales","Serendipitaceae","Serendipita","Serendipita_sp"
"5dca8cb0150bb472aa8acf417116c9da",-0.38810931720192,"Fungi","Ascomycota","Dothideomycetes","Mycosphaerellales","Neodevriesiaceae","Neodevriesia",""
"bf15c418aef747c5c3cd5d83dd15757f",0.177723577457038,"Fungi","Ascomycota","Sordariomycetes","Phomatosporales","Phomatosporaceae","Phomatospora","Phomatospora_sp"
"6561c5ab4df5d87e60d1f133b9fa2ffa",0.0349439374232256,"Fungi","Glomeromycota","Glomeromycetes","Glomerales","Glomeraceae","Rhizophagus","Rhizophagus_sp"
"b9a01a9f66fb3bdb3a5a8c2ad6d707ef",-0.253733895108967,"Fungi","Ascomycota","Leotiomycetes","Helotiales","","",""
"e744a2c3eccd5918c2b59907d5616197",-0.0856246224982389,"Fungi","Ascomycota","Eurotiomycetes","Onygenales","Gymnoascaceae","Arachniotus","Arachniotus_hebridensis"
"ddc4d1f86166bf6f108a16549f3abee6",-0.1110274063111,"Fungi","Ascomycota","Sordariomycetes","Hypocreales","Stachybotryaceae","Stachybotrys","Stachybotrys_chartarum"
"d97927577054486f77a513070c060b06",0.146957392769367,"Fungi","Ascomycota","Sordariomycetes","Hypocreales","Bionectriaceae","",""
"bb530de53ee70121f3b52d66e7d13b3a",-0.165195371668488,"Fungi","Ascomycota","Sordariomycetes","Hypocreales","Stachybotryaceae","Stachybotryaceae_gen_Incertae_sedis","Stachybotryaceae_sp"
"5d82f5502903b391032c26e62c29229d",-0.355281801743109,"Fungi","","","","","",""
"4375f11b7454291f6d6af6755e5e2d6f",0.00688223420676459,"Fungi","Ascomycota","","","","",""
"c279fc2bbeb868b5e86ace161cc6a995",0.14753428118871,"Fungi","Ascomycota","Sordariomycetes","Microascales","Microascales_fam_Incertae_sedis","Microascales_gen_Incertae_sedis","Microascales_sp"
"7c798d409e729c8700dda208448d074b",-0.0677234979505994,"Fungi","Glomeromycota","Glomeromycetes","Glomerales","Glomeraceae","Kamienskia","Kamienskia_sp"
"8cdeb6bd30b78c458d2ccea25627efb2",-0.0159690375807324,"Fungi","Ascomycota","Pezizomycotina_cls_Incertae_sedis","Pezizomycotina_ord_Incertae_sedis","Pezizomycotina_fam_Incertae_sedis","Pezizomycotina_gen_Incertae_sedis","Pezizomycotina_sp"
"df6d63563a4fc5aba2b23bb8aee26d75",-0.296514409899849,"Fungi","","","","","",""
"aaf8177452ac02643fe6dcea8ea0b50e",-0.157019040935848,"Fungi","Ascomycota","Sordariomycetes","Sordariales","Lasiosphaeriaceae","Apiosordaria","Apiosordaria_sp"
"b329a1c657f420a0321bbf993cc85d90",-0.489689106117833,"Fungi","Basidiomycota","Agaricomycetes","","","",""
"24791019b7c30c273a530354d364c3f9",0.119423446343394,"Fungi","Ascomycota","Leotiomycetes","Helotiales","Helotiales_fam_Incertae_sedis","",""
"7e0b766d9af9089592cec50dac0c22cd",-0.0340205697646866,"Fungi","Ascomycota","Leotiomycetes","Helotiales","Helotiales_fam_Incertae_sedis","Cistella","Cistella_sp"
"b2c91493d55f5f469198bfdfe1769d27",-0.0947250081628449,"Fungi","","","","","",""
"977a994e42e12fa068d8afd94ab95b75",0.058354406005256,"Fungi","Ascomycota","Dothideomycetes","Pleosporales","Didymellaceae","",""
"d3b28c6a4f733c6d6a589b68deb98aa3",0.42603666562841,"Fungi","Ascomycota","Sordariomycetes","Sordariales","Podosporaceae","Podospora",""
"432aecead33da94f257615f8dca56020",0.021687712836443,"Fungi","Basidiomycota","","","","",""
"176943bbe52a23780ee2d9c4d8c286fa",-0.1621084242148,"Fungi","Basidiomycota","Agaricomycetes","Tremellodendropsidales","Tremellodendropsidales_fam_Incertae_sedis","Tremellodendropsidales_gen_Incertae_sedis","Tremellodendropsidales_sp"
"3c14a8a1e28daa79d99e106ecb289442",0.625901200280299,"Fungi","Ascomycota","Orbiliomycetes","Orbiliales","Orbiliaceae","Dactylella","Dactylella_sp"
"9da910fe87b7d2bafe616753a3ec50f0",0.177764409852818,"Fungi","Glomeromycota","Glomeromycetes","Glomerales","Glomeraceae","Rhizophagus","Rhizophagus_sp"
"152bbbdc7636b4c63ab60e2a81b978cd",-0.231466397179985,"Fungi","Ascomycota","Leotiomycetes","Helotiales","Helotiales_fam_Incertae_sedis","Tetracladium","Tetracladium_sp"
"f5b295bef456d116d7f373585c1ce2db",-0.136714892959329,"Fungi","Ascomycota","Saccharomycetes","Saccharomycetales","Debaryomycetaceae","Debaryomyces","Debaryomyces_hansenii"
"64a6aa76b036f6b41f4762ec544d0c12",-0.0885803879478231,"Fungi","Ascomycota","Sordariomycetes","Hypocreales","Myrotheciomycetaceae","Emericellopsis","Emericellopsis_glabra"
"1dc2d83736af83336a8a59bc5e364d19",0.0638782665211123,"Fungi","Ascomycota","Leotiomycetes","Helotiales","Helotiales_fam_Incertae_sedis","",""
"b9b6c71602c58a57d8ef6b839e770730",-0.143251903265354,"Fungi","Ascomycota","Dothideomycetes","Pleosporales","Lentitheciaceae","Pseudomurilentithecium",""
"7857491224d6bb35d89fca8d08a6ff4f",0.0426295960488497,"Fungi","Ascomycota","","","","",""
"1f9ff87257b6e1cde9d81d339eb845c6",-0.288580072292266,"Fungi","","","","","",""
"f1d5025e645498cdd9689c39088ba7ce",0.195376746014368,"Fungi","Ascomycota","Leotiomycetes","Helotiales","","",""
"6992e4a3f1a37640b34e1b15d18d8dd5",0.0178308543906994,"Fungi","Ascomycota","Leotiomycetes","Helotiales","Helotiaceae","Scytalidium","Scytalidium_circinatum"
"9815323791c79fcc08cfdda32af84541",0.519008948294345,"Fungi","Ascomycota","Eurotiomycetes","Chaetothyriales","Cyphellophoraceae","Cyphellophora",""
"2da96fa8e2b00d62868bea1c39567a5b",0.142970741531761,"Fungi","Ascomycota","Eurotiomycetes","Eurotiales","Aspergillaceae","Penicillium","Penicillium_anatolicum"
"3f1b79a73a1b616cfb4740a4cd957e69",-0.225469984186611,"Fungi","Ascomycota","Pezizomycetes","Pezizales","","",""
"a65084819d6500206b4ae6c48d85896c",0.0504889954832394,"Fungi","Ascomycota","Dothideomycetes","Pleosporales","Sporormiaceae","Sporormiaceae_gen_Incertae_sedis","Sporormiaceae_sp"
"1d74a07d1fb7c5a0ded9f318acf73068",0.133166304839896,"Fungi","Ascomycota","Eurotiomycetes","","","",""
"52249ba3f8451f09cae609d83cf678ca",0.286396272281226,"Fungi","Glomeromycota","Glomeromycetes","Glomerales","Glomeraceae","Kamienskia","Kamienskia_sp"
"c53263afb3997ba6928ad5b667b3965f",0.716234170709245,"Fungi","Ascomycota","Dothideomycetes","Pleosporales","Lentitheciaceae","Darksidea","Darksidea_sp"
"cbf0dea86f3806fe30893fabbf752d9f",-0.155833890843616,"Fungi","Ascomycota","Sordariomycetes","Hypocreales","Sarocladiaceae","Sarocladium","Sarocladium_sp"
"617606271c5e816fe9b87424f2a378dd",-0.326894713328698,"Fungi","Ascomycota","","","","",""
"d2a116fbbccd28eebf905857abcedd2e",-0.248552713152388,"Fungi","Ascomycota","","","","",""
"897458c8a9232fe02aac9ed939711c37",0.166027506502101,"Fungi","Basidiomycota","Agaricomycetes","Agaricales","Pluteaceae","Volvariella","Volvariella_neoparvula"
"89162567a5d2b62d3273c4431a503e81",0.0765158081827848,"Fungi","Ascomycota","Eurotiomycetes","Eurotiales","Trichocomaceae","Talaromyces",""
"879d8e13a34e0df07cba7cb97d591253",-0.279433765052369,"Fungi","Ascomycota","Dothideomycetes","Pleosporales","Pleosporaceae","Alternaria",""
"9da82406b70fa33268e9a982cbd0130b",-0.131891934279956,"Fungi","Ascomycota","Eurotiomycetes","Chaetothyriales","Herpotrichiellaceae","Exophiala",""
"da0c6c66535364430c9fafb61fac3152",0.268860907747781,"Fungi","","","","","",""
"ff39fcdfc257ddf2dc0bdd3275ed26aa",-0.104043187714029,"Fungi","Basidiomycota","Agaricomycetes","Agaricales","Radulomycetaceae","Radulomycetaceae_gen_Incertae_sedis","Radulomycetaceae_sp"
"237d9bcb27a447af05a32b1b1f0215b6",0.138964186828069,"Fungi","Ascomycota","Sordariomycetes","Hypocreales","Bionectriaceae","Gliomastix",""
"bb1fbd15fe27212f6726f4ef76568bf4",0.235894694484067,"Fungi","","","","","",""
"5974357b2174ce0cbfdf66541e89ba75",-0.206385275050091,"Fungi","Basidiomycota","Agaricomycetes","Sebacinales","Serendipitaceae","Serendipita","Serendipita_sp"
"7e4287a0160cbd7b5d96e4dea4218f42",-0.252097974010814,"Fungi","","","","","",""
"3260d403a8bb679cfc70d54f7edf72a7",-0.066590390271639,"Fungi","Ascomycota","Leotiomycetes","Helotiales","Helotiales_fam_Incertae_sedis","Tetracladium","Tetracladium_sp"
"53f059ab8f933ba29fdba510913c2cef",-0.00325544130396276,"Fungi","Basidiomycota","Agaricomycetes","Agaricales","Psathyrellaceae","Coprinopsis","Coprinopsis_pachyderma"
"b7bb0e1c41917f68850a170add9afc6f",0.176296355057943,"Fungi","Glomeromycota","Glomeromycetes","Glomerales","Glomeraceae","Rhizophagus","Rhizophagus_sp"
"cfe5d58a6d45f4b2cddd8efafa97b164",-0.219306436804266,"Fungi","Ascomycota","Sordariomycetes","Glomerellales","Plectosphaerellaceae","Plectosphaerella","Plectosphaerella_sp"
"09696193536e6ed5010bee5e95cb317f",-0.12474772423522,"Fungi","Basidiomycota","Tremellomycetes","Tremellales","Bulleribasidiaceae","Vishniacozyma","Vishniacozyma_tephrensis"
"d179c3fe82d889192d7cf7c3f334a3e1",-0.311301386590214,"Fungi","Ascomycota","Sordariomycetes","Hypocreales","Stachybotryaceae","Paramyrothecium","Paramyrothecium_humicola"
"0107acbdf7a43c67ff5a135dfee12c1c",-0.179943509499169,"Fungi","","","","","",""
"0bc38a7aa150a2b1d51ace6bcf389985",0.203124517376594,"Fungi","Ascomycota","Eurotiomycetes","Onygenales","Gymnoascaceae","Arachniotus","Arachniotus_hebridensis"
"82dfb7e43dc038ea4d1943a457f316f4",0.215240788588162,"Fungi","Ascomycota","Leotiomycetes","Helotiales","Porodiplodiaceae","Endoradiciella","Endoradiciella_communis"
"5b4cb3fb34058068ae57e4d92045b505",0.367946080204757,"Fungi","Ascomycota","Sordariomycetes","Hypocreales","Bionectriaceae","Ijuhya","Ijuhya_sp"
"0c65b939a49ba33ebb8441f5cc1027c9",-0.322641181251619,"Fungi","Ascomycota","Leotiomycetes","Helotiales","Helotiales_fam_Incertae_sedis","Tetracladium",""
"2004411eb1d39ff5bbc4da9c9966c98c",-0.119349521770968,"Fungi","Ascomycota","Sordariomycetes","Hypocreales","Nectriaceae","Dactylonectria","Dactylonectria_macrodidyma"
"08edd4f868427e7d8c6c698e93b2fbde",-0.133075805964414,"Fungi","Ascomycota","Dothideomycetes","Pleosporales","Delitschiaceae","Delitschiaceae_gen_Incertae_sedis","Delitschiaceae_sp"
"0cc0db8fd5c6cc28cf465d7641c0079e",-0.165587867852735,"Fungi","Ascomycota","Dothideomycetes","Pleosporales","Lentitheciaceae","Darksidea",""
"38651f76b0bfedb761a89f4725961b9d",-0.0634722613584958,"Fungi","Ascomycota","Sordariomycetes","Sordariales","Podosporaceae","Podospora",""
"15223fbc6feadb89b974719a52b36ba9",-0.227196895851447,"Fungi","Ascomycota","Sordariomycetes","Hypocreales","Stachybotryaceae","Striatibotrys","Striatibotrys_asturiensis"
"3da2ed13c5e0126f407f5729c935607e",-0.082872420976375,"Fungi","Ascomycota","Sordariomycetes","Hypocreales","Stachybotryaceae","Stachybotryaceae_gen_Incertae_sedis","Stachybotryaceae_sp"
"7ed7fe01d1f8a9cb09af1525d4dbdceb",0.0224929386873961,"Fungi","Ascomycota","","","","",""
"a06627cf0e2419cb6d89f92269f891ac",0.255364890242775,"Fungi","Ascomycota","Dothideomycetes","Pleosporales","Didymellaceae","Didymellaceae_gen_Incertae_sedis","Didymellaceae_sp"
"ec850d9ba70c5a2e32535fd4db81b300",-0.15300574128625,"Fungi","Ascomycota","Dothideomycetes","Pleosporales","Sporormiaceae","Preussia","Preussia_terricola"
"a023149be4e722ae6a7489eb0cf48910",-0.207497359391229,"Fungi","","","","","",""
"3722f0f18653c4d36b8f7663346489ef",0.134000955438119,"Fungi","Glomeromycota","Glomeromycetes","Glomerales","Glomeraceae","Kamienskia",""
"6a12343bd1981e867d6a1c342eeafa2b",-0.303129593917374,"Fungi","Ascomycota","Dothideomycetes","Pleosporales","Amniculicolaceae","Pseudomassariosphaeria","Pseudomassariosphaeria_bromicola"
"67f1e71bbe0c9ae3da01e3301569a506",-0.19657742914952,"Fungi","Ascomycota","Dothideomycetes","Pleosporales","Sporormiaceae","Preussia","Preussia_persica"
"7daf2e70e21fcf0aa485609130c4d6f9",0.0171455608969205,"Fungi","Ascomycota","Dothideomycetes","Pleosporales","Phaeosphaeriaceae","Paraphoma",""
"82a7c3b875ba65c0c1f9830df31f5431",0.0837856582497312,"Fungi","Ascomycota","Sordariomycetes","Magnaporthales","Ophioceraceae","Ophioceraceae_gen_Incertae_sedis","Ophioceraceae_sp"
"7377387c20274b129ba75e081e090f49",-0.159227717632913,"Fungi","Ascomycota","Leotiomycetes","Helotiales","","",""
"5695812af347221c98099d051f99c582",-0.0393490121770051,"Fungi","Ascomycota","Dothideomycetes","Mycosphaerellales","Teratosphaeriaceae","Teratosphaeriaceae_gen_Incertae_sedis","Teratosphaeriaceae_sp"
"41c30f61aca417d3229aec390de0405c",-0.0452886958937483,"Fungi","Glomeromycota","Glomeromycetes","Glomerales","Glomeraceae","Rhizophagus",""
"ad84742de6ed553e5e91cffb6cb73089",-0.0354594433493849,"Fungi","Ascomycota","Dothideomycetes","Pleosporales","","",""
"fac066547051b114c95ecec92ece9fb4",-0.0510673344922112,"Fungi","Mortierellomycota","Mortierellomycetes","Mortierellales","Mortierellaceae","Mortierella","Mortierella_lapis"
"dd1dd081c766a53f8fc8c7e174594a12",0.0846999722447259,"Fungi","","","","","",""
"512d08e1f74245c3f6d0b924c3390021",-0.11361582812361,"Fungi","Basidiomycota","Agaricomycetes","","","",""
"0e12dce005a25bf3f725a46160051ee2",0.111391891971314,"Fungi","Ascomycota","Eurotiomycetes","Chaetothyriales","Trichomeriaceae","Knufia","Knufia_sp"
"533cc3227ad42167794f738a70c9324a",-0.0969874518045732,"Fungi","Ascomycota","Dothideomycetes","Pleosporales","Testudinaceae","Testudinaceae_gen_Incertae_sedis","Testudinaceae_sp"
"e7fa186ad0fde41fcfebbd36508ceb3f",-0.162933224616825,"Fungi","","","","","",""
"85dc0fc3b3a7a0103f5ad1896eebd0cf",-0.0803534746587783,"Fungi","","","","","",""
"a5f199a2d7fea618cf70d26175854700",-0.250909522101821,"Fungi","Ascomycota","Eurotiomycetes","Chaetothyriales","Herpotrichiellaceae","Exophiala","Exophiala_opportunistica"
"ebd01d05343cb2817410bfa1f08836da",0.24545419342621,"Fungi","Ascomycota","Pezizomycetes","Pezizales","Pyronemataceae","Smardaea","Smardaea_planchonis"
"b1d29088bc0bed1c82b681f81016e642",-0.19738710376208,"Fungi","Basidiomycota","Agaricomycetes","Agaricales","Psathyrellaceae","Parasola","Parasola_conopilea"
"4f5c9961df1cb021d329fd4f22f581fe",0.159091804098285,"Fungi","","","","","",""
"6375e9a87cd3ddc4684702de2a2d320f",-0.524295558953961,"Fungi","Ascomycota","Sordariomycetes","Hypocreales","Stachybotryaceae","Stachybotrys","Stachybotrys_chartarum"
"7d96cbdc0b67cf8940231f435b4567f4",0.267550524555179,"Fungi","Ascomycota","Dothideomycetes","Pleosporales","Cucurbitariaceae","Pyrenochaeta","Pyrenochaeta_sp"
"3a1f4324efad3223aab5f745b33cb8de",0.289715537946676,"Fungi","Ascomycota","Sordariomycetes","Sordariales","Lasiosphaeriaceae","Schizothecium","Schizothecium_sp"
"5ed017c6082070a3e21ad25e9246c711",0.256641997130801,"Fungi","","","","","",""
"86a2d52a5659a60323cd78e1ca415a83",0.47902615834404,"Fungi","Ascomycota","Orbiliomycetes","Orbiliales","Orbiliaceae","Dactylella","Dactylella_sp"
"96affe6245574905eddbcb0720bc1437",0.236996099257824,"Fungi","Ascomycota","Dothideomycetes","Pleosporales","Lentitheciaceae","Darksidea",""
"53cd743a1d07f511e3f22aa9728e3e31",-0.515221770179903,"Fungi","Basidiomycota","Agaricomycetes","Sebacinales","Serendipitaceae","Serendipita","Serendipita_sp"
"350aa3a0a55b5de2cbb6b444e9b311c8",0.443484864769459,"Fungi","Ascomycota","Sordariomycetes","Xylariales","Xylariales_fam_Incertae_sedis","Fusidium","Fusidium_sp"
"7f82625af8c2b65c4a1bb7b20368750d",0.455898244396345,"Fungi","Ascomycota","Dothideomycetes","Pleosporales","Lentitheciaceae","Darksidea","Darksidea_sp"
"8505b59f415c21f6b75b1a2eaa71d9fc",0.539503544991363,"Fungi","Ascomycota","","","","",""
"497b400422df911c1be11cbad3618aaf",0.00227129796460115,"Fungi","Ascomycota","Dothideomycetes","Pleosporales","Phaeosphaeriaceae","Paraphoma","Paraphoma_radicina"
"efa49c42bc006e58761b8831fe664e15",-0.207637940258025,"Fungi","Basidiomycota","Agaricostilbomycetes","Agaricostilbales","Chionosphaeraceae","Kurtzmanomyces","Kurtzmanomyces_sp"
"c3d839bf490cc82fb19523029488d975",0.141890256807545,"Fungi","Ascomycota","Sordariomycetes","Hypocreales","Ophiocordycipitaceae","Harposporium",""
"f5b6cac53862d023d2953affc378d0be",0.187516966362285,"Fungi","","","","","",""
"f7871371743df2c15d8378eff093363f",-0.188517731061895,"Fungi","Ascomycota","","","","",""
"cd154f6b02f42bf92bd322d5549ceb37",0.0534207293825657,"Fungi","Mortierellomycota","Mortierellomycetes","Mortierellales","Mortierellaceae","Mortierella",""
"5cbef482e1818c79808e49928d36c33d",0.0706118576457979,"Fungi","Mortierellomycota","Mortierellomycetes","Mortierellales","Mortierellaceae","Mortierella",""
"d87609bf9504b1ef296b933ae66ac978",0.153373725674682,"Fungi","Glomeromycota","Glomeromycetes","Glomerales","Glomeraceae","Microdominikia","Microdominikia_sp"
"665e52ba4bc50b39ac426931c2a8ba8e",0.310012002474247,"Fungi","Glomeromycota","Glomeromycetes","Glomerales","Glomeraceae","Kamienskia","Kamienskia_sp"
"01f1426a51dba879c64db182d8a22768",0.139983976070399,"Fungi","Ascomycota","Sordariomycetes","Hypocreales","Niessliaceae","Niesslia","Niesslia_exigua"
"c86d71b08cdf5ceb143447b86fb2c5ed",-0.304088806310771,"Fungi","Ascomycota","Leotiomycetes","Helotiales","Helotiales_fam_Incertae_sedis","Cistella",""
"8d99d00cad391723c2a17dc0fcdb2798",-0.045673157370104,"Fungi","Ascomycota","Leotiomycetes","Helotiales","Ploettnerulaceae","Collembolispora","Collembolispora_sp"
"4175158eb91f8cdfbf582a3641cb8d7d",0.069563129518347,"Fungi","Glomeromycota","Glomeromycetes","Glomerales","Glomeraceae","Kamienskia","Kamienskia_perpusilla"
"6d0ef49be352b9fbb2c05fed4dc30190",-0.150310308431774,"Fungi","Ascomycota","Sordariomycetes","Sordariales","Lasiosphaeriaceae","Schizothecium","Schizothecium_sp"
"d3053c188a0cdaf54e01b30177fcb2a2",-0.278208764019589,"Fungi","Basidiomycota","Agaricomycetes","Agaricales","Psathyrellaceae","Parasola","Parasola_conopilea"
"4bf72e59e8ea182d8e7c8db1a6d2eeca",0.0443161389302815,"Fungi","Ascomycota","Sordariomycetes","Hypocreales","Nectriaceae","Fusarium","Fusarium_redolens"
"dc029043f3cea88457f2845fdda24a54",0.408825596439314,"Fungi","Ascomycota","Sordariomycetes","Hypocreales","Bionectriaceae","Paracylindrocarpon","Paracylindrocarpon_sp"
"979d7451c35a197f37de68d1bc3ad446",0.153373725674682,"Fungi","Glomeromycota","Glomeromycetes","Glomerales","Glomeraceae","Microdominikia","Microdominikia_sp"
"d9d5ea12bd8167fc277c2378acfa47d3",-0.0111058884769018,"Fungi","Basidiomycota","Agaricomycetes","Agaricales","Psathyrellaceae","Coprinopsis","Coprinopsis_udicola"
"a2bc2dac743d0b79ba18d58ec45613d0",0.110285690001639,"Fungi","Ascomycota","Leotiomycetes","Helotiales","Helotiales_fam_Incertae_sedis","Tetracladium","Tetracladium_sp"
"a93b0a609b45cedaeaf1dc75099fae5c",-0.163332802445462,"Fungi","Ascomycota","Dothideomycetes","Pleosporales","Corynesporascaceae","Corynespora","Corynespora_sp"
"8b453f61a2ab952edbbfd8b8a59e3801",-0.0446344252078016,"Fungi","Ascomycota","Dothideomycetes","Acrospermales","Acrospermaceae","Gonatophragmium","Gonatophragmium_epilobii"
"b2f1e5f97b0bc27679a07336e25d2863",-0.0797913004838466,"Fungi","Glomeromycota","Glomeromycetes","Glomerales","Glomeraceae","Kamienskia","Kamienskia_perpusilla"
"207a8b55e4ffbd31927f851e7471b288",-0.191953751727107,"Fungi","Ascomycota","Leotiomycetes","Helotiales","Calloriaceae","Calloriaceae_gen_Incertae_sedis","Calloriaceae_sp"
"b399c969f16c8ce48723dce4ab34224a",0.23765543976711,"Fungi","","","","","",""
"7cd565ec6bd9dd9495bb4ff5abe61c5a",0.254328269462668,"Fungi","Ascomycota","Sordariomycetes","Sordariales","Lasiosphaeriaceae","Apiosordaria","Apiosordaria_sp"
"8587d2d7f65d4820c9401626612eb5ca",-0.270017772198423,"Fungi","Ascomycota","Sordariomycetes","Hypocreales","Nectriaceae","Fusarium","Fusarium_mori"
"aaa94c290ed07e8c2be9d64522f4b5b2",0.151686755273127,"Fungi","Ascomycota","Dothideomycetes","Pleosporales","Cucurbitariaceae","Cucurbitariaceae_gen_Incertae_sedis","Cucurbitariaceae_sp"
"76117fabbfb856287d1e1f3144737457",0.144959283429655,"Fungi","Ascomycota","Orbiliomycetes","Orbiliales","Orbiliaceae","",""
"55b55d6cee9b0f24137e493505f98747",0.0628684114902125,"Fungi","Ascomycota","Leotiomycetes","Helotiales","Helotiales_fam_Incertae_sedis","Cistella","Cistella_sp"
"2411fdefd3af8b51bfd88bde69b6a710",-0.0755622159029713,"Fungi","Basidiomycota","Tremellomycetes","Tremellales","Bulleribasidiaceae","Vishniacozyma","Vishniacozyma_tephrensis"
"0dab6a75ddac5ce5285f41b18f6cb3b1",0.51550829905702,"Fungi","Ascomycota","Dothideomycetes","Pleosporales","","",""
"81cc3e5b1e651156bc99811034a1e6a5",-0.158076210071557,"Fungi","Ascomycota","Sordariomycetes","Hypocreales","Hypocreales_fam_Incertae_sedis","Hypocreales_gen_Incertae_sedis","Hypocreales_sp"
"be412b9d9a8f93858d1cf6a34620c768",0.363100281275477,"Fungi","Glomeromycota","Glomeromycetes","Glomerales","Glomeraceae","Rhizophagus","Rhizophagus_sp"
"b2dd1c40b823af719b9c58ad3f8ca4ca",-0.0963481168804125,"Fungi","Ascomycota","Eurotiomycetes","Chaetothyriales","Herpotrichiellaceae","Exophiala",""
"b5efbeb22b591619db54da05f0a73885",0.130810496553888,"Fungi","Ascomycota","Sordariomycetes","Hypocreales","Hypocreales_fam_Incertae_sedis","Hypocreales_gen_Incertae_sedis","Hypocreales_sp"
"8e2cc0de20db88ff2df74851bf3a0b21",0.331723101387128,"Fungi","","","","","",""
"c6e196108abe324fbe4d840f41c9f400",-0.235894694484067,"Fungi","Basidiomycota","Agaricomycetes","Agaricales","Hygrophoraceae","Hygrocybe","Hygrocybe_conica"
"9a2dbfa8ebcb5feb5b873594c2280ea7",0.535126828616246,"Fungi","Ascomycota","","","","",""
"ebe4016d1da236f1eb62dc28f51fb8df",-0.251288299398253,"Fungi","Mortierellomycota","Mortierellomycetes","Mortierellales","Mortierellaceae","Podila","Podila_humilis"
"f55c2a66d9759bbc3e8c0307e81d4ec0",0.380670391824284,"Fungi","Glomeromycota","Glomeromycetes","Glomerales","Glomeraceae","Rhizophagus","Rhizophagus_sp"
"7f629d89fb4bd7b021c02443b5ac0885",0.478760062266746,"Fungi","Ascomycota","Sordariomycetes","Hypocreales","Bionectriaceae","Verruciconidia",""
"afa8e8759757a1543e7901d1ba6f5cc5",0.039719898478743,"Fungi","Glomeromycota","Glomeromycetes","Glomerales","Glomeraceae","Kamienskia","Kamienskia_perpusilla"
"7f5e5d8818dbab823cb559553466c5ee",-0.103349180903263,"Fungi","Basidiomycota","Agaricomycetes","Agaricales","Psathyrellaceae","Psathyrella","Psathyrella_panaeoloides"
"be3440cb4936761a8e4d97afe5cf8f60",0.125108975994837,"Fungi","Ascomycota","","","","",""
"9a0e083586e8ca5b8c44979e14ec7d15",0.139983976070399,"Fungi","Ascomycota","Sordariomycetes","Hypocreales","Bionectriaceae","Alloacremonium","Alloacremonium_humicola"
"3534f76d1ae593cc80170f2c74c0d4aa",-0.161992756413005,"Fungi","","","","","",""
"a8023f664000763b810ca6035539bb26",-0.146360096573265,"Fungi","Ascomycota","Leotiomycetes","Leotiales","Leotiales_fam_Incertae_sedis","Alatospora","Alatospora_sp"
"74c8acb8b3f87b56e99b8de3b0950b7f",0.143499336048478,"Fungi","Ascomycota","Dothideomycetes","Pleosporales","Lentitheciaceae","Darksidea","Darksidea_alpha"
"a528f257a65153e3e6f2c61074f74908",-0.193452162336846,"Fungi","Ascomycota","Dothideomycetes","","","",""
"0190edb4b184becce4da00d3a878ae20",0.137437878806978,"Fungi","Ascomycota","Sordariomycetes","Hypocreales","Stachybotryaceae","Stachybotryaceae_gen_Incertae_sedis","Stachybotryaceae_sp"
"20b9b2b513bbaf56548a7fcc574cf5f8",0.196180599614133,"Fungi","Glomeromycota","Glomeromycetes","Glomerales","Glomeraceae","Rhizophagus",""
"352628c939a0bd64820b3a79ffa10ccc",-0.314342057451063,"Fungi","","","","","",""
"97f4a23af21f5240db268b7547bb9ee3",-0.153795468275071,"Fungi","Ascomycota","Dothideomycetes","Pleosporales","Didymellaceae","Neoascochyta","Neoascochyta_graminicola"
"9fc357a19eec7d5cee1b083b2d474bd0",-0.16500336973038,"Fungi","Ascomycota","Leotiomycetes","Helotiales","Helotiales_fam_Incertae_sedis","Cistella","Cistella_sp"
"b068b9640481f082cc60cc0438ec8aa2",-0.188719624214304,"Fungi","Ascomycota","","","","",""
"04994b9ab6b6c47f05a688696ade8dcc",0.194624998922267,"Fungi","Ascomycota","Dothideomycetes","Pleosporales","Sporormiaceae","Preussia","Preussia_terricola"
"4e783807c3133ec703f2f11606e51560",0.0296177876497344,"Fungi","Ascomycota","Sordariomycetes","Sordariales","Chaetomiaceae","Chaetomiaceae_gen_Incertae_sedis","Chaetomiaceae_sp"
"b8564c7cdb0fd5bc2f3cf1a1f2fb69df",-0.267718463815387,"Fungi","Basidiomycota","Agaricomycetes","Tremellodendropsidales","Tremellodendropsidales_fam_Incertae_sedis","Tremellodendropsidales_gen_Incertae_sedis","Tremellodendropsidales_sp"
"9c51d1fac9ac89c806db737a6cf9f84a",-0.186704900405943,"Fungi","Ascomycota","Dothideomycetes","Pleosporales","Didymosphaeriaceae","Laburnicola","Laburnicola_sp"
"bd3bca511aad96f649f80c1ddd4688a0",0.152755712987262,"Fungi","Ascomycota","Sordariomycetes","Hypocreales","Hypocreales_fam_Incertae_sedis","Hypocreales_gen_Incertae_sedis","Hypocreales_sp"
"519c91429c4d7e26a7c0db155c00cdba",-0.185590280351965,"Fungi","Ascomycota","Dothideomycetes","Pleosporales","Melanommataceae","Pleotrichocladium","Pleotrichocladium_opacum"
"fc6bd5d20b8b91572e844772e99bd841",-0.0540746973388646,"Fungi","Basidiomycota","Agaricomycetes","Sebacinales","Sebacinaceae","Paulisebacina","Paulisebacina_allantoidea"
"85e0a90560ccdb13e7e612701a77e340",-0.112956726470767,"Fungi","Ascomycota","Leotiomycetes","Helotiales","Calloriaceae","Calloriaceae_gen_Incertae_sedis","Calloriaceae_sp"
"158773de5d657bbe0c4f879b522c0b7d",0.019962483085064,"Fungi","Ascomycota","Dothideomycetes","Pleosporales","Amniculicolaceae","Murispora","Murispora_kazachstanica"
"c21e726a21f40012f879820c96d6a7a1",-0.202426975236308,"Fungi","Ascomycota","Leotiomycetes","Helotiales","","",""
"fad28e4f7500160e784a32bea7362bf0",0.104421180337657,"Fungi","Ascomycota","Leotiomycetes","Thelebolales","Pseudeurotiaceae","",""
"2485b960da2f4d05af5d0ccc27274958",0.667139878373634,"Fungi","Ascomycota","Sordariomycetes","Sordariales","Lasiosphaeriaceae","Apiosordaria","Apiosordaria_sp"
"d7847360a1e1bd5f463ff78f0e405f57",0.286835814010315,"Fungi","Ascomycota","Sordariomycetes","","","",""
"ecd2ac14cdafa97698fabc01d7db7f55",-0.166503800682985,"Fungi","","","","","",""
"0a8f96350991adc5f05f020a6f90d0a7",-0.0874649328684628,"Fungi","Ascomycota","Dothideomycetes","Pleosporales","Lentitheciaceae","Darksidea","Darksidea_sp"
"a562b68fe33b8107e8c04c5c5c3df07f",-0.058354406005256,"Fungi","Ascomycota","Dothideomycetes","Mycosphaerellales","Mycosphaerellaceae","Cercospora","Cercospora_sp"
"9297294c994c5f3a0f3be1c35fac1161",0.0140646528323109,"Fungi","Ascomycota","Dothideomycetes","Pleosporales","Cucurbitariaceae","Pyrenochaeta","Pyrenochaeta_sp"
"ae375bd839e1f894150dbcdef6617672",0.124063342155325,"Fungi","Ascomycota","Sordariomycetes","Sordariales","","",""
"4c8b4e24c8b0cec7b4f9a16562327517",0.281153964729955,"Fungi","Ascomycota","Leotiomycetes","Helotiales","Helotiaceae","Scytalidium","Scytalidium_circinatum"
"85efdbb5b9ee0dde3bd9115e381f9b9f",-0.305803132358999,"Fungi","Ascomycota","Sordariomycetes","Hypocreales","Nectriaceae","Fusarium",""
"e7956fe7fb61e71b4a34bfd1df92616c",0.257570985772456,"Fungi","Ascomycota","Dothideomycetes","Pleosporales","Pseudomassarinaceae","Pseudomassarina","Pseudomassarina_clematidis"
"c64498b502d16d1dc2e9be1374d4ae8a",-0.0539127624163525,"Fungi","Basidiomycota","Agaricomycetes","Sebacinales","Serendipitaceae","Serendipita","Serendipita_sp"
"339e55e20d9817fe5a8fe7eff9abdd83",0.108950171767075,"Fungi","Ascomycota","Eurotiomycetes","Eurotiales","Aspergillaceae","Penicillium",""
"09b4ba22234405ea406af7bc73a5ce1a",-0.216356623256356,"Fungi","Mortierellomycota","Mortierellomycetes","Mortierellales","Mortierellaceae","Podila","Podila_humilis"
"fb5c60706ec59527ffb14f389914ebf2",-0.382878814437368,"Fungi","Ascomycota","Sordariomycetes","Sordariales","","",""
"24c57981165603e860d68286f592efba",0.152249078740312,"Fungi","Ascomycota","Lecanoromycetes","Peltigerales","Pannariaceae","Pectenia","Pectenia_sp"
"cc9cc2cbce7b3bdbaa0298988ad21eb4",0.0944077978149201,"Fungi","Glomeromycota","Glomeromycetes","Glomerales","Glomeraceae","",""
"475225d8bbfeb2b6c90d35b50a83cc5f",0.194958079924399,"Fungi","Mortierellomycota","Mortierellomycetes","Mortierellales","Mortierellaceae","Mortierella","Mortierella_lapis"
"73540354d81a5128eac1aacf10ab514f",0.240507251945913,"Fungi","Ascomycota","Dothideomycetes","Pleosporales","Sporormiaceae","Preussia","Preussia_terricola"
"69d3db348ba46d475c4eff6bbf3f2ef3",0.0834543189946328,"Fungi","Ascomycota","Eurotiomycetes","Eurotiales","Aspergillaceae","Penicillium","Penicillium_philippinense"
"89c9795de8dba9777e723ea7e45759ae",0.134915099097308,"Fungi","Ascomycota","Leotiomycetes","Helotiales","Helotiales_fam_Incertae_sedis","Tetracladium","Tetracladium_ellipsoideum"
"c6c0cc5ae4076a1af62ca6090fa30a11",-0.252676313019786,"Fungi","Ascomycota","Sordariomycetes","Hypocreales","Nectriaceae","Ilyonectria","Ilyonectria_robusta"
"8606f4a7638ac5251a76a88ad0218986",-0.122318700397539,"Fungi","Glomeromycota","Glomeromycetes","Glomerales","Glomeraceae","Glomus","Glomus_sp"
"20a6803b30919590b8c6431edb6fe46f",0.0742462067984064,"Fungi","Glomeromycota","Glomeromycetes","Entrophosporales","Entrophosporaceae","Claroideoglomus",""
"677347c0ee6aaedf44cc49717385432a",0.0527178250485846,"Fungi","Ascomycota","Eurotiomycetes","Verrucariales","Verrucariaceae","Verrucaria",""
"c2ce2b052844b0e771496e05ab7cc76f",0.0553425021673669,"Fungi","Basidiomycota","Agaricomycetes","","","",""
"3ff354b83fc15ad318c2af4ccaadc622",0.213753207963661,"Fungi","Basidiomycota","Agaricomycetes","Agaricales","Pluteaceae","Volvariella","Volvariella_neoparvula"
"5696cdee60432fed44368301e15ed718",-0.0120407455610061,"Fungi","Ascomycota","Dothideomycetes","Pleosporales","Didymosphaeriaceae","Laburnicola","Laburnicola_sp"
"308b0180f730354f43dd2978b223d200",-0.259723151406027,"Fungi","Ascomycota","Orbiliomycetes","Orbiliales","Orbiliaceae","Orbilia","Orbilia_clavispora"
"f3e019a20c8580fc92b65c2bee434232",-0.0776006384715165,"Fungi","Ascomycota","Dothideomycetes","Pleosporales","Melanommataceae","Herpotrichia","Herpotrichia_australis"
"a2552c0cfa3dec32722e1b6e81d6b426",0.0824506783759863,"Fungi","Ascomycota","Dothideomycetes","Pleosporales","Lentitheciaceae","Lentitheciaceae_gen_Incertae_sedis","Lentitheciaceae_sp"
"8156b5b4a3d360ffbe1f469168dad033",-0.106024943886972,"Fungi","Ascomycota","Sordariomycetes","Hypocreales","Stachybotryaceae","Stachybotryaceae_gen_Incertae_sedis","Stachybotryaceae_sp"
"b7e4ac33aa0334996181a1ff336b2b43",-0.120699351172418,"Fungi","Ascomycota","Dothideomycetes","Pleosporales","Phaeosphaeriaceae","Didymocyrtis","Didymocyrtis_septata"
"77bdfd711149dc0866a9725b2858ca89",0.196180599614133,"Fungi","Glomeromycota","Glomeromycetes","Glomerales","Glomeraceae","Rhizophagus","Rhizophagus_irregularis"
"da4f618bfd49b0a005a5a39c993d24c0",-0.0138223023144264,"Fungi","Ascomycota","","","","",""
"92dfa9a60fec4e5e692d05b6c5514aeb",0.109826577803747,"Fungi","Ascomycota","Eurotiomycetes","Onygenales","Onygenaceae","Malbranchea","Malbranchea_albolutea"
"d168124ceb0c1abd878f48c20ab62460",-0.11306527625399,"Fungi","Glomeromycota","Glomeromycetes","Glomerales","Glomeraceae","Kamienskia","Kamienskia_perpusilla"
"1060d88060662ac034387982635694f2",0.115276310772905,"Fungi","Glomeromycota","Glomeromycetes","Entrophosporales","Entrophosporaceae","Claroideoglomus",""
"d54d4c03b68f68bb9f62deee1eb8fe64",-0.00998124154253201,"Fungi","Ascomycota","Sordariomycetes","Hypocreales","Bionectriaceae","Fusariella","Fusariella_sp"
"669f5851b6bd8518ffea17e6e35a42f3",-0.0962978937554145,"Fungi","Ascomycota","Eurotiomycetes","Chaetothyriales","","",""
"bf709cf4d5ae0e2daa475c3bb1e7b2e9",0.16557845826863,"Fungi","Ascomycota","Sordariomycetes","Hypocreales","Stachybotryaceae","Stachybotryaceae_gen_Incertae_sedis","Stachybotryaceae_sp"
"bbe7e27cbb39e25a57c103a9b32a578f",0.322375313108894,"Fungi","Glomeromycota","Glomeromycetes","Glomerales","Glomeraceae","Rhizophagus","Rhizophagus_sp"
"58c68f606f0d941fb0a7ebcf4b3ab2d0",-0.0473054616769299,"Fungi","","","","","",""
"7fcd13f614873295b8691d94b4589fd0",-0.0259371699239036,"Fungi","Ascomycota","Orbiliomycetes","Orbiliales","Orbiliaceae","Dactylella","Dactylella_sp"
"02627094545089e016f565854c138597",0.139716882526185,"Fungi","Ascomycota","Dothideomycetes","Pleosporales","Massarinaceae","Stagonospora","Stagonospora_bicolor"
"97f11ac59c3c9e4112e2028335daea83",0.22549437959811,"Fungi","Ascomycota","Dothideomycetes","Pleosporales","Teichosporaceae","Pseudocyclothyriella","Pseudocyclothyriella_sp"
"3b69566a20b2a0a23f8255b3c9ccb1c5",0.693797033719387,"Fungi","Ascomycota","Dothideomycetes","Pleosporales","Lentitheciaceae","Darksidea",""
"1842ecd778a045e6cae2eef8208c5279",-0.0170393281393846,"Fungi","Ascomycota","Pezizomycotina_cls_Incertae_sedis","Pezizomycotina_ord_Incertae_sedis","Pezizomycotina_fam_Incertae_sedis","Pezizomycotina_gen_Incertae_sedis","Pezizomycotina_sp"
"99ac1dc4c0e7c9bfb90a210581369cdd",0.13741779729331,"Fungi","Basidiomycota","Agaricomycetes","Sebacinales","","",""
"63fb59dc138448d0cad3000f1397fb62",0.355534468671367,"Fungi","Ascomycota","Sordariomycetes","Hypocreales","Ophiocordycipitaceae","Purpureocillium","Purpureocillium_lilacinum"
"8e41684d287f6edb38087890dd0a0fca",0.0219054070363755,"Fungi","Ascomycota","Dothideomycetes","Pleosporales","Lentitheciaceae","Darksidea","Darksidea_sp"
"3838be5f375e30011dcd8cffb703a02d",-0.163636128950807,"Fungi","Ascomycota","Sordariomycetes","Hypocreales","Stachybotryaceae","Stachybotryaceae_gen_Incertae_sedis","Stachybotryaceae_sp"
"38d20c39c52a47d10ffe6bfb2f4a6d0a",-0.0787252854058863,"Fungi","Ascomycota","Sordariomycetes","Hypocreales","Hypocreales_fam_Incertae_sedis","Hypocreales_gen_Incertae_sedis","Hypocreales_sp"
"7cfecbb98dd0f17b49dfc7e6c0f31799",-0.0720476942330656,"Fungi","Ascomycota","Sordariomycetes","Hypocreales","Nectriaceae","Fusarium",""
"20b633ec8edc9973d2944f04298cb3ef",0.0845593913779297,"Fungi","Ascomycota","Eurotiomycetes","Chaetothyriales","Trichomeriaceae","Knufia","Knufia_sp"
"d24ac483e8fbd5791d79375807783a52",-0.0615558628111991,"Fungi","Ascomycota","Sordariomycetes","Hypocreales","Stachybotryaceae","Alfaria","Alfaria_caricicola"
"317ab06e76386341df8ccc9e5264f7c4",-0.758694908399933,"Fungi","Ascomycota","Dothideomycetes","Pleosporales","Amniculicolaceae","Pseudomassariosphaeria","Pseudomassariosphaeria_bromicola"
"ccdaf74e277cc7e55e33b9ffec61d8bf",-0.238069056212592,"Fungi","Ascomycota","Dothideomycetes","Pleosporales","Amniculicolaceae","Murispora","Murispora_kazachstanica"
"d6f62f9a9f62ae49c42ac211013988a1",-0.68863455037096,"Fungi","Ascomycota","Leotiomycetes","Helotiales","Helotiales_fam_Incertae_sedis","Tetracladium","Tetracladium_sp"
"9a29eec01f9514abdc3e7b1800329fa1",-0.0360589923332319,"Fungi","Ascomycota","Eurotiomycetes","Chaetothyriales","Cyphellophoraceae","Cyphellophora",""
"1c2febc4e01850dc332582c0f6b29904",0.14555678043626,"Fungi","Ascomycota","Sordariomycetes","Hypocreales","Bionectriaceae","Gliomastix","Gliomastix_roseogrisea"
"5aa57ca5751f1c50f016343453a17217",-0.161968781520113,"Fungi","Ascomycota","Dothideomycetes","Pleosporales","Pleosporaceae","Alternaria","Alternaria_rosae"
"d989fa77bcaa44bb6a0dcc4fe9b829a0",-0.149362821588445,"Fungi","Ascomycota","Sordariomycetes","Phomatosporales","Phomatosporaceae","Phomatospora","Phomatospora_sp"
"8c609ce64ccc7798a5db3b9b820bc0f7",-0.192066384879539,"Fungi","Ascomycota","Dothideomycetes","Pleosporales","Phaeosphaeriaceae","Phaeosphaeria","Phaeosphaeria_tofieldiae"
"baa86891f09b6a60934028ad0edb9f03",0.140369995496031,"Fungi","Glomeromycota","Glomeromycetes","Glomerales","Glomeraceae","Glomus","Glomus_sp"
"fa904c80d10d9a01366f41f5e1ec14d6",-0.17194018736732,"Fungi","Basidiomycota","Agaricomycetes","Sebacinales","Serendipitaceae","",""
"1a5e680edbd219d9915f293e0f785cba",0.187308448151061,"Fungi","Chytridiomycota","Spizellomycetes","Spizellomycetales","","",""
"45ced4b240fc3da2842e03fcb5ff1412",-0.0846338656994423,"Fungi","Ascomycota","Sordariomycetes","Sordariales","Chaetomiaceae","Humicola","Humicola_nigrescens"
"7ea2111675e77abb7abb620c0c2406c3",0.19102537466339,"Fungi","Glomeromycota","Glomeromycetes","Glomerales","Glomeraceae","",""
"9cdb1b7b46c90837f575baea0f07e56d",-0.229960229997178,"Fungi","","","","","",""
"9563623354cc121145f2014f05adbc22",0.118648243745332,"Fungi","Basidiomycota","Agaricomycetes","Auriculariales","","",""
"a6aed6c4f982c5691724530ec547a54c",0.0139800595457596,"Fungi","Ascomycota","Eurotiomycetes","Chaetothyriales","Cyphellophoraceae","Cyphellophora","Cyphellophora_sp"
"9596f35444ce4138dca15a9106c5bdd7",0.203069062087148,"Fungi","Glomeromycota","Glomeromycetes","Glomerales","Glomeraceae","Microdominikia","Microdominikia_sp"
"f46c053357cb00dfa814680ac7fe3ba9",0.401758741973374,"Fungi","","","","","",""
"3ba2f24bcdc074f5560ad5422fd6cfbb",0.378340593515334,"Fungi","Ascomycota","","","","",""
"f6d15b4530b5b748ad231597b3cf6250",0.0113167597770962,"Fungi","Ascomycota","","","","",""
"3a333ad72aefb39fa4983f238bc331b0",-0.0670153628387999,"Fungi","Ascomycota","Leotiomycetes","Helotiales","","",""
"15b856682c5b1e9260f62882f4905936",-0.0736528774824141,"Fungi","Ascomycota","Dothideomycetes","Pleosporales","Phaeosphaeriaceae","Paraphoma","Paraphoma_radicina"
"1ee1b66f9e4866d071ed0b4c12852991",0.32381285967282,"Fungi","Glomeromycota","Glomeromycetes","Glomerales","Glomeraceae","Kamienskia","Kamienskia_sp"
"348712346bc043f17d2e909adfe6d985",-0.122220879861132,"Fungi","Ascomycota","Sordariomycetes","Hypocreales","Niessliaceae","Niesslia","Niesslia_curvisetosa"
"242e14e9744863e337440be6c0024cb4",0.204756032488703,"Fungi","Glomeromycota","Glomeromycetes","Glomerales","Glomeraceae","Rhizophagus",""
"1b4d1644184b78ae59f75282a1810c31",0.174385530048283,"Fungi","Ascomycota","Eurotiomycetes","Chaetothyriales","Trichomeriaceae","Knufia",""
"0dac448fd406c9ad7d23d415bf79cad4",0.150545713261092,"Fungi","Basidiomycota","Agaricomycetes","Auriculariales","Oliveoniaceae","Oliveonia",""
"46a97c7b4869ac65b67399687ef33da0",-0.14339248413215,"Fungi","Ascomycota","Dothideomycetes","Pleosporales","Cucurbitariaceae","Pyrenochaeta","Pyrenochaeta_sp"
"7efb73904f04356a19aa9d944455ff6c",0.146696134501861,"Fungi","Ascomycota","Sordariomycetes","Ophiostomatales","Ophiostomataceae","Sporothrix","Sporothrix_sclerotialis"
"f84dbc0d66210e3d7789ff412918f126",-0.128080785059954,"Fungi","Ascomycota","Archaeorhizomycetes","Archaeorhizomycetales","Archaeorhizomycetaceae","Archaeorhizomyces","Archaeorhizomyces_sp"
"fcc458cb8ab40f527a2478feae89f397",-0.214315531430846,"Fungi","Ascomycota","Dothideomycetes","Pleosporales","Pseudomassarinaceae","Pseudomassarina","Pseudomassarina_clematidis"
"75c675fcd817fb2341bc248ce05747b6",-0.207356778524433,"Fungi","","","","","",""
"0677107a527f40eb6c3c4dfcbd0fea54",0.0605757743761361,"Fungi","Ascomycota","Dothideomycetes","Pleosporales","Pyrenochaetopsidaceae","Pyrenochaetopsis","Pyrenochaetopsis_leptospora"
"1b3175e705cecb164f2ee67c99bef8ab",-0.184894981168289,"Fungi","","","","","",""
"759b6865bb13ba229b165408c52539b7",-0.0285851023977655,"Fungi","Ascomycota","Pezizomycotina_cls_Incertae_sedis","Pezizomycotina_ord_Incertae_sedis","Pezizomycotina_fam_Incertae_sedis","Pezizomycotina_gen_Incertae_sedis","Pezizomycotina_sp"
"b5aca4e41dbdbd91ce23c1a9ce01c9fd",-0.198890785185407,"Fungi","Ascomycota","Archaeorhizomycetes","Archaeorhizomycetales","","",""
"6ab2deeb7a6aa7ad9cb6e6c9689de1f2",0.103927519912235,"Fungi","Ascomycota","Eurotiomycetes","Chaetothyriales","Herpotrichiellaceae","Rhinocladiella","Rhinocladiella_sp"
"15aa14c5764394f31011bb28e6c05916",0.0499685552212252,"Fungi","Basidiomycota","Agaricomycetes","Sebacinales","","",""
"5d3b8c22c620b701184537f3c1b8f54a",0.00859926845722836,"Fungi","Basidiomycota","Agaricomycetes","Agaricales","Pluteaceae","Pluteus","Pluteus_multiformis"
"b97b34adced4b6055fdba7a58034017b",0.0952403034311196,"Fungi","","","","","",""
"8d717f501c5c78238d12a405e60aaf8a",0.429888478579481,"Fungi","Ascomycota","Eurotiomycetes","Eurotiales","Aspergillaceae","Penicillium","Penicillium_canescens"
"01405a40e376bff4790c45fb151f1b1d",-0.103823553626324,"Fungi","Ascomycota","Dothideomycetes","Pleosporales","Amniculicolaceae","Pseudomassariosphaeria","Pseudomassariosphaeria_bromicola"
"054cfdb349559dc171ce6a4218445b37",-0.194585680150406,"Fungi","Basidiomycota","Agaricomycetes","Sebacinales","Serendipitaceae","Serendipita","Serendipita_sp"
"e7dc57f99c96419c3962dfa275f0945b",-0.103756783187546,"Fungi","Ascomycota","Dothideomycetes","Pleosporales","Sporormiaceae","Preussia","Preussia_flanaganii"
"39a42f747fab242c99c5272f886dc176",-0.136987954859217,"Fungi","Ascomycota","Sordariomycetes","Hypocreales","Nectriaceae","Fusarium","Fusarium_mori"
"5bd197b95e20c844bdd1faf24d2e8831",0.108458138733288,"Fungi","Basidiomycota","Agaricomycetes","Agaricales","Radulomycetaceae","Radulomycetaceae_gen_Incertae_sedis","Radulomycetaceae_sp"
"88598c9dc60e5e7559fe6fde3fdb303c",-0.168198096683668,"Fungi","Basidiomycota","Cystobasidiomycetes","Cystobasidiomycetes_ord_Incertae_sedis","Symmetrosporaceae","Symmetrospora","Symmetrospora_symmetrica"
"b22e5fc7b61a579e83d357d6c76e269a",0.130163579824716,"Fungi","Ascomycota","Dothideomycetes","Pleosporales","Delitschiaceae","Delitschiaceae_gen_Incertae_sedis","Delitschiaceae_sp"
"71ba86f48dea943c415f5145fad1e29e",-0.127717717484371,"Fungi","Ascomycota","Eurotiomycetes","Chaetothyriales","Herpotrichiellaceae","Exophiala","Exophiala_sp"
"6240c1300098efb278544032acbdd794",0.0224929386873961,"Fungi","Ascomycota","Archaeorhizomycetes","Archaeorhizomycetales","Archaeorhizomycetaceae","Archaeorhizomyces","Archaeorhizomyces_sp"
"136ccc15f72e905188c05a28b265e134",0.028049441935133,"Fungi","Basidiomycota","Agaricomycetes","Agaricales","Psathyrellaceae","Parasola","Parasola_auricoma"
"315b4a53d020d398052e56ff9c7a8335",-0.323343753289816,"Fungi","Basidiomycota","Agaricomycetes","Tremellodendropsidales","Tremellodendropsidales_fam_Incertae_sedis","Tremellodendropsidales_gen_Incertae_sedis","Tremellodendropsidales_sp"
"ef2eda0787ad3473b1bc1e1e19e5e3de",0.407870147895344,"Fungi","Glomeromycota","Glomeromycetes","Glomerales","Glomeraceae","Kamienskia","Kamienskia_sp"
"318cabd4eec6d705fb1ef2962e1d435c",-0.329303158144897,"Fungi","","","","","",""
"7f1b5b326c27d4a03ee363b73d23d926",0.208059682858414,"Fungi","Glomeromycota","Glomeromycetes","Glomerales","Glomeraceae","Rhizophagus","Rhizophagus_sp"
"6f1573c1092eb844b4a01cd28fa46977",0.146923687920972,"Fungi","Ascomycota","Sordariomycetes","Hypocreales","Ophiocordycipitaceae","Purpureocillium","Purpureocillium_lilacinum"
"5b7c402bb41bfabf35eb453660e25ef6",-0.0208762587192395,"Fungi","Ascomycota","Eurotiomycetes","Chaetothyriales","","",""
"897c27c5e50252365a6cd2686220b00d",0.128564761694434,"Fungi","Glomeromycota","Glomeromycetes","Glomerales","Glomeraceae","Kamienskia","Kamienskia_perpusilla"
"f7f5fc2aeb8b1a451a16e3eaba88ed9f",-0.0106642305403884,"Fungi","Ascomycota","Sordariomycetes","Magnaporthales","Ophioceraceae","Ophioceraceae_gen_Incertae_sedis","Ophioceraceae_sp"
"934387798385b5d707f554b07cffabb8",-0.1448233713423,"Fungi","Ascomycota","Eurotiomycetes","Chaetothyriales","Cyphellophoraceae","Cyphellophora","Cyphellophora_sp"
"d305be14d680743835aff3e4324ab23e",-0.0665650404280128,"Fungi","Ascomycota","Sordariomycetes","Hypocreales","Stachybotryaceae","Stachybotryaceae_gen_Incertae_sedis","Stachybotryaceae_sp"
"17eabac57ca10bedc508075c64bf7b42",-0.665534903575825,"Fungi","Ascomycota","Dothideomycetes","Pleosporales","Amniculicolaceae","Pseudomassariosphaeria","Pseudomassariosphaeria_bromicola"
"99c668d5f68ffb78480b28f1aa967ceb",-0.248607863812884,"Fungi","Ascomycota","Leotiomycetes","Helotiales","Helotiales_fam_Incertae_sedis","Cistella",""
"3e08dddee88ce4ae7271db4a011063d9",-0.198948935040263,"Fungi","Ascomycota","Dothideomycetes","Pleosporales","Amniculicolaceae","Murispora","Murispora_kazachstanica"
"e2e3864b87514ebfe06674cd8148a37d",-0.226897519009108,"Fungi","Ascomycota","","","","",""
"3933b38da14d0d117e76f16949a8bded",-0.170102848823433,"Fungi","Ascomycota","Sordariomycetes","Xylariales","Xylariales_fam_Incertae_sedis","Xenoanthostomella","Xenoanthostomella_chromolaenae"
"3a077252e5fbb29bf5f084cb1c1dcfa1",-0.183666171517345,"Fungi","Basidiomycota","Agaricomycetes","Sebacinales","","",""
"38dde087ff87e36a87f9595945c36b7d",-0.0814247634686192,"Fungi","Ascomycota","Sordariomycetes","Sordariales","Podosporaceae","Cladorrhinum",""
"b092b59487dd739b23c875d3cdfbf5f1",0.323890971567567,"Fungi","Basidiomycota","Agaricomycetes","Cantharellales","Ceratobasidiaceae","Ceratobasidium","Ceratobasidium_sp"
"4043aadca99e80b0344d8b77620cb374",-0.114221954271933,"Fungi","Ascomycota","Pezizomycotina_cls_Incertae_sedis","Pezizomycotina_ord_Incertae_sedis","Pezizomycotina_fam_Incertae_sedis","Hymenella","Hymenella_sp"
"f1309ba71259a9a36a8ea3d7a23835b9",-0.134045583388266,"Fungi","Ascomycota","Sordariomycetes","Hypocreales","Stachybotryaceae","Stachybotryaceae_gen_Incertae_sedis","Stachybotryaceae_sp"
"697f4b0c8fb963346c52deaceffd23f7",-0.141375679974396,"Fungi","Ascomycota","Eurotiomycetes","Chaetothyriales","Herpotrichiellaceae","",""
"4b53cefbf2b30373c894e731d7e09434",0.0908008047792714,"Fungi","","","","","",""
"bba7845df16bf734ec7370de31ad6b0f",-0.0573133957891068,"Fungi","Ascomycota","Dothideomycetes","Pleosporales","Phaeosphaeriaceae","Paraphoma","Paraphoma_pye"
"dfed8111f4b13e41bdb1c371c0a1e56e",-0.0312901785350334,"Fungi","Ascomycota","Pezizomycotina_cls_Incertae_sedis","Pezizomycotina_ord_Incertae_sedis","Pezizomycotina_fam_Incertae_sedis","Trichosporiella","Trichosporiella_multisporum"
"e846d89dc1e2f0fdb6cd70424853e22c",-0.0916741046301303,"Fungi","Ascomycota","Sordariomycetes","Hypocreales","Hypocreales_fam_Incertae_sedis","Hypocreales_gen_Incertae_sedis","Hypocreales_sp"
"f2c97fdb650f9944a4dfb75104425ea9",0.0618533847752925,"Fungi","Ascomycota","Sordariomycetes","Hypocreales","Bionectriaceae","Alloacremonium","Alloacremonium_sp"
"da9d9c27c69b84be87bd4dd706ae5b48",0.22830332767707,"Fungi","Ascomycota","Dothideomycetes","Pleosporales","Sporormiaceae","Preussia","Preussia_terricola"
"f16352c20116a7e8450de85cedcac3e1",0.129545268752722,"Fungi","Ascomycota","Sordariomycetes","Hypocreales","Bionectriaceae","Alloacremonium","Alloacremonium_humicola"
"a039cd7dc4bb6c11ab68634678764a03",-0.426769880532843,"Fungi","Ascomycota","Leotiomycetes","Helotiales","Calloriaceae","Calloriaceae_gen_Incertae_sedis","Calloriaceae_sp"
"ee077a9057aded253dfbd7253bec2015",-0.152389659607109,"Fungi","Basidiomycota","Cystobasidiomycetes","Cystobasidiomycetes_ord_Incertae_sedis","Cystobasidiomycetes_fam_Incertae_sedis","Cystobasidiomycetes_gen_Incertae_sedis","Cystobasidiomycetes_sp"
"44a4c01a9b7da4ebfc1472305514c345",0.111972660403194,"Fungi","Glomeromycota","Glomeromycetes","Glomerales","Glomeraceae","Rhizophagus","Rhizophagus_sp"
"0fe812271c5bf2fb9f7f8dc0685d2163",0.095384118121239,"Fungi","Ascomycota","Sordariomycetes","Microascales","Microascaceae","Cephalotrichum","Cephalotrichum_purpureofuscum"
"28bfed396e690effd5b458a44dcf6a22",0.21447989424491,"Fungi","Ascomycota","Sordariomycetes","Sordariales","Podosporaceae","Podospora","Podospora_sp"
"1aee810577a78180eb6f55b977a03d03",-0.251132585910735,"Fungi","Ascomycota","Leotiomycetes","Helotiales","Helotiales_fam_Incertae_sedis","Cistella","Cistella_grevillei"
"82780436adb026d0faf0ab5680b15b13",-0.329991180835679,"Fungi","Ascomycota","Dothideomycetes","Cladosporiales","Cladosporiaceae","Cladosporium","Cladosporium_herbarum"
"4f4bb5b5057ae9166f3054a90e764bb6",-0.221485155637453,"Fungi","Ascomycota","Dothideomycetes","Pleosporales","Phaeosphaeriaceae","Sulcispora","Sulcispora_supratumida"
