"PathwayID","PathwayName","Class_L1","Class_L2","Intensity_FDR","Dry","Wet","diff_Dry_Wet","Direction"
"12DICHLORETHDEG-PWY","1,2-dichloroethane degradation","Substrate utilization / nutrient cycling","Xenobiotic / pollutant degradation",1.63215238173438e-10,-0.0628375950658419,-0.677256670156497,0.614419075090655,"Higher in Dry"
"14DICHLORBENZDEG-PWY","1,4-dichlorobenzene degradation","Substrate utilization / nutrient cycling","Xenobiotic / pollutant degradation",3.21304816121228e-15,-0.221153233432044,-1.06939060705817,0.848237373626122,"Higher in Dry"
"ALLANTOINDEG-PWY","superpathway of allantoin degradation in yeast","Substrate utilization / nutrient cycling","Nitrogen metabolism",1.50835293194534e-26,0.0646436020355016,-0.661752654411687,0.726396256447188,"Higher in Dry"
"ANAEROFRUCAT-PWY","homolactic fermentation","Energy metabolism","Energy / central carbon metabolism",0.0114724592262044,0.375310727469459,0.638339498777826,-0.263028771308367,"Higher in Wet"
"ARG+POLYAMINE-SYN","superpathway of arginine and polyamine biosynthesis","Biosynthesis / cellular components","Amino acid metabolism",6.30606127941606e-06,0.390235023819648,0.617871465659944,-0.227636441840296,"Higher in Wet"
"ARGININE-SYN4-PWY","L-ornithine biosynthesis II","Biosynthesis / cellular components","Amino acid metabolism",1.21528560519633e-06,1.00166367459755,0.800242045780682,0.20142162881687,"Higher in Dry"
"ASPASN-PWY","superpathway of L-aspartate and L-asparagine biosynthesis","Biosynthesis / cellular components","Amino acid metabolism",2.44898528303983e-08,-3.01749640654532,-1.69803269689274,-1.31946370965258,"Higher in Wet"
"AST-PWY","L-arginine degradation II (AST pathway)","Biosynthesis / cellular components","Amino acid metabolism",0.00206243473388221,-3.0722846059849,-2.47622926635038,-0.596055339634521,"Higher in Wet"
"CATECHOL-ORTHO-CLEAVAGE-PWY","catechol degradation to &beta;-ketoadipate","Substrate utilization / nutrient cycling","Aromatic compound metabolism",5.8049288624404e-10,-0.415379366976237,-1.06015210337734,0.6447727364011,"Higher in Dry"
"CHLOROPHYLL-SYN","3,8-divinyl-chlorophyllide a biosynthesis I (aerobic, light-dependent)","Biosynthesis / cellular components","Secondary metabolite / isoprenoid metabolism",1.31039516986306e-10,0.085696008021812,-0.507549748467874,0.593245756489686,"Higher in Dry"
"CITRULBIO-PWY","L-citrulline biosynthesis","Biosynthesis / cellular components","Amino acid metabolism",0.00436033811613147,0.908718031688052,0.747321807407093,0.161396224280959,"Higher in Dry"
"COBALSYN-PWY","superpathway of adenosylcobalamin salvage from cobinamide I","Biosynthesis / cellular components","Cofactor / vitamin metabolism",4.98920043430063e-06,0.882018683904926,0.693344092806266,0.18867459109866,"Higher in Dry"
"CODH-PWY","reductive acetyl coenzyme A pathway I (homoacetogenic bacteria)","Biosynthesis / cellular components","Cofactor / vitamin metabolism",3.87958724036044e-43,-5.2826288239133,-2.35630873390938,-2.92632009000392,"Higher in Wet"
"DARABCATK12-PWY","D-arabinose degradation I","Substrate utilization / nutrient cycling","Carbohydrate metabolism",3.18704873764626e-05,-2.16167179483015,-1.91407643010004,-0.247595364730108,"Higher in Wet"
"DENOVOPURINE2-PWY","superpathway of purine nucleotides de novo biosynthesis II","Biosynthesis / cellular components","Nucleotide metabolism",4.66915554910768e-08,-0.258482136249783,0.405228446258664,-0.663710582508447,"Higher in Wet"
"DTDPRHAMSYN-PWY","dTDP-&beta;-L-rhamnose biosynthesis","Biosynthesis / cellular components","Nucleotide metabolism",0.0010924974752736,1.53344938815056,1.35471463097505,0.178734757175513,"Higher in Dry"
"FAO-PWY","fatty acid &beta;-oxidation I (generic)","Biosynthesis / cellular components","Lipid metabolism",0.0340636678442497,1.570563542314,1.38522813876041,0.185335403553593,"Higher in Dry"
"GALLATE-DEGRADATION-I-PWY","gallate degradation II","Substrate utilization / nutrient cycling","Aromatic compound metabolism",0.000696169633408472,-0.878496873958314,-1.15990214305065,0.281405269092331,"Higher in Dry"
"GALLATE-DEGRADATION-II-PWY","gallate degradation I","Substrate utilization / nutrient cycling","Aromatic compound metabolism",4.35452577116186e-10,-0.893750671240326,-1.41582896007858,0.522078288838252,"Higher in Dry"
"GLCMANNANAUT-PWY","superpathway of N-acetylglucosamine, N-acetylmannosamine and N-acetylneuraminate degradation","Biosynthesis / cellular components","Cell envelope / glycan metabolism",0.00338850013131961,-1.12957739499674,-0.856693976534884,-0.272883418461857,"Higher in Wet"
"GLUCARDEG-PWY","D-glucarate degradation I","Substrate utilization / nutrient cycling","Carbohydrate metabolism",2.16162099305346e-13,0.455808726585011,-0.223031694387541,0.678840420972552,"Higher in Dry"
"GLUDEG-I-PWY","GABA shunt","Energy metabolism","Energy / central carbon metabolism",1.44434707800298e-10,0.152704538518171,-0.397921657511469,0.55062619602964,"Higher in Dry"
"GLYCOLYSIS-E-D","superpathway of glycolysis and the Entner-Doudoroff pathway","Energy metabolism","Energy / central carbon metabolism",0.000114659174483676,0.954162335797354,0.731354196079062,0.222808139718292,"Higher in Dry"
"HCAMHPDEG-PWY","3-phenylpropanoate and 3-(3-hydroxyphenyl)propanoate degradation to 2-hydroxypentadienoate","Substrate utilization / nutrient cycling","Aromatic compound metabolism",2.95100179885297e-12,-0.973807881184839,-1.91547228884294,0.941664407658103,"Higher in Dry"
"HEME-BIOSYNTHESIS-II","heme b biosynthesis I (aerobic)","Biosynthesis / cellular components","Cofactor / vitamin metabolism",0.00832527875991378,0.869210435484928,0.716646280295916,0.152564155189012,"Higher in Dry"
"HEMESYN2-PWY","heme b biosynthesis II (oxygen-independent)","Biosynthesis / cellular components","Cofactor / vitamin metabolism",4.46980102038758e-10,0.0872046609124196,-0.448402036192345,0.535606697104764,"Higher in Dry"
"HEXITOLDEGSUPER-PWY","superpathway of hexitol degradation (bacteria)","Substrate utilization / nutrient cycling","Organic acid / small-molecule metabolism",3.36318343251645e-05,-1.79175780971967,-2.81054390382008,1.01878609410042,"Higher in Dry"
"HISDEG-PWY","L-histidine degradation I","Biosynthesis / cellular components","Amino acid metabolism",3.03409162623148e-05,1.08884383559985,0.820013777476241,0.268830058123611,"Higher in Dry"
"HOMOSER-METSYN-PWY","L-methionine biosynthesis I","Biosynthesis / cellular components","Amino acid metabolism",1.59339957478623e-14,-1.0094506991103,-0.293135358084492,-0.716315341025803,"Higher in Wet"
"HSERMETANA-PWY","L-methionine biosynthesis III","Biosynthesis / cellular components","Amino acid metabolism",0.00285545611532484,0.95421536468473,1.07574205285409,-0.12152668816936,"Higher in Wet"
"KDO-NAGLIPASYN-PWY","superpathway of (Kdo)2-lipid A biosynthesis","Biosynthesis / cellular components","Lipid metabolism",1.19173444086944e-10,-5.99955829893021,-3.09170871013877,-2.90784958879144,"Higher in Wet"
"LIPASYN-PWY","phospholipases","Biosynthesis / cellular components","Lipid metabolism",3.71783172977508e-14,0.556966278714694,-0.116623493090375,0.67358977180507,"Higher in Dry"
"MET-SAM-PWY","superpathway of S-adenosyl-L-methionine biosynthesis","Biosynthesis / cellular components","Amino acid metabolism",4.1338833664813e-14,-0.423381444619604,0.188360511704087,-0.611741956323691,"Higher in Wet"
"METH-ACETATE-PWY","methanogenesis from acetate","Energy metabolism","Energy / central carbon metabolism",9.01734985239324e-43,-5.24393396966987,-2.32135840118309,-2.92257556848678,"Higher in Wet"
"METHGLYUT-PWY","superpathway of methylglyoxal degradation","Substrate utilization / nutrient cycling","Organic acid / small-molecule metabolism",6.01794128346476e-08,-1.83902903547473,-1.40522009157401,-0.433808943900727,"Higher in Wet"
"METHYLGALLATE-DEGRADATION-PWY","methylgallate degradation","Substrate utilization / nutrient cycling","Aromatic compound metabolism",0.00746329378446507,-1.20101248977209,-1.432204617301,0.231192127528914,"Higher in Dry"
"METSYN-PWY","superpathway of L-homoserine and L-methionine biosynthesis","Biosynthesis / cellular components","Amino acid metabolism",5.12024915472423e-14,-0.513991935873803,0.135103680558759,-0.649095616432562,"Higher in Wet"
"NADSYN-PWY","NAD de novo biosynthesis II (from tryptophan)","Biosynthesis / cellular components","Amino acid metabolism",0.00323117105464147,-0.0208228096148352,-0.337618826171388,0.316796016556553,"Higher in Dry"
"NAGLIPASYN-PWY","lipid IVA biosynthesis (E. coli)","Biosynthesis / cellular components","Lipid metabolism",9.7359307797929e-09,0.382627671466885,0.696735867372471,-0.314108195905587,"Higher in Wet"
"NONMEVIPP-PWY","methylerythritol phosphate pathway I","Substrate utilization / nutrient cycling","Phosphorus metabolism",0.024603521154564,1.28706925577372,1.14917150577873,0.13789774999499,"Higher in Dry"
"NONOXIPENT-PWY","pentose phosphate pathway (non-oxidative branch) I","Substrate utilization / nutrient cycling","Phosphorus metabolism",0.00175043037362718,1.75477069772644,1.57824162439405,0.176529073332389,"Higher in Dry"
"P101-PWY","ectoine biosynthesis","Biosynthesis / cellular components","Amino acid metabolism",6.42232213321717e-35,0.265013207387163,-0.942478312281406,1.20749151966857,"Higher in Dry"
"P105-PWY","TCA cycle IV (2-oxoglutarate decarboxylase)","Energy metabolism","Energy / central carbon metabolism",7.46029457331368e-06,0.62286914257802,0.189932766920092,0.432936375657928,"Higher in Dry"
"P108-PWY","pyruvate fermentation to propanoate I","Energy metabolism","Energy / central carbon metabolism",6.09067571492197e-53,-1.96063253785514,-0.349537112517605,-1.61109542533753,"Higher in Wet"
"P125-PWY","superpathway of (R,R)-butanediol biosynthesis","Substrate utilization / nutrient cycling","Organic acid / small-molecule metabolism",7.40967668344405e-07,0.482330319749684,0.0969686592827268,0.385361660466958,"Higher in Dry"
"P163-PWY","L-lysine fermentation to acetate and butanoate","Biosynthesis / cellular components","Amino acid metabolism",0.00106319563052752,-1.34658138260857,-1.0159062436172,-0.330675138991366,"Higher in Wet"
"P164-PWY","purine nucleobases degradation I (anaerobic)","Biosynthesis / cellular components","Nucleotide metabolism",0.000535163543298667,-0.156906976114616,0.181439501565736,-0.338346477680353,"Higher in Wet"
"P185-PWY","formaldehyde assimilation III (dihydroxyacetone cycle)","Energy metabolism","Energy / central carbon metabolism",4.23963765941983e-08,0.178513786612444,-0.247313359657537,0.425827146269981,"Higher in Dry"
"P221-PWY","octane oxidation","Substrate utilization / nutrient cycling","Xenobiotic / pollutant degradation",1.8246995323496e-10,0.147308995660392,-0.445258694717551,0.592567690377944,"Higher in Dry"
"P23-PWY","reductive TCA cycle I","Energy metabolism","Energy / central carbon metabolism",1.44434707800298e-10,0.676922225952604,1.068993432733,-0.392071206780395,"Higher in Wet"
"P261-PWY","coenzyme M biosynthesis I","Biosynthesis / cellular components","Cofactor / vitamin metabolism",0.0167386236642817,-1.54195302198908,-1.44571631463668,-0.0962367073523986,"Higher in Wet"
"P381-PWY","adenosylcobalamin biosynthesis II (aerobic)","Biosynthesis / cellular components","Cofactor / vitamin metabolism",0.000535163543298667,-1.66114918773204,-0.987100450539233,-0.674048737192804,"Higher in Wet"
"P4-PWY","superpathway of L-lysine, L-threonine and L-methionine biosynthesis I","Biosynthesis / cellular components","Amino acid metabolism",7.47161270451701e-11,0.188632505067218,0.650793641429052,-0.462161136361834,"Higher in Wet"
"P42-PWY","incomplete reductive TCA cycle","Energy metabolism","Energy / central carbon metabolism",0.0130728565804136,1.49432185163895,1.36829308731793,0.126028764321018,"Higher in Dry"
"P461-PWY","hexitol fermentation to lactate, formate, ethanol and acetate","Energy metabolism","Energy / central carbon metabolism",6.80157164185082e-06,-0.144037852957294,-0.447423503222294,0.303385650265,"Higher in Dry"
"P562-PWY","myo-inositol degradation I","Substrate utilization / nutrient cycling","Organic acid / small-molecule metabolism",1.9497653706693e-14,0.457910505676276,-0.228191678876417,0.686102184552693,"Higher in Dry"
"PCPDEG-PWY","pentachlorophenol degradation","Substrate utilization / nutrient cycling","Aromatic compound metabolism",0.000294645482003557,-1.3033278866598,-1.59157452769186,0.288246641032053,"Higher in Dry"
"PENTOSE-P-PWY","pentose phosphate pathway","Substrate utilization / nutrient cycling","Phosphorus metabolism",8.03145090105635e-09,1.62865557919474,1.3464590117804,0.28219656741434,"Higher in Dry"
"POLYAMINSYN3-PWY","superpathway of polyamine biosynthesis II","Biosynthesis / cellular components","Amino acid metabolism",3.75371396962607e-07,-0.0765006477696728,0.186129043370542,-0.262629691140215,"Higher in Wet"
"POLYAMSYN-PWY","superpathway of polyamine biosynthesis I","Biosynthesis / cellular components","Amino acid metabolism",5.4857254341239e-09,-0.0543201443981441,0.261965829265523,-0.316285973663667,"Higher in Wet"
"PPGPPMET-PWY","ppGpp metabolism","Cellular processes","Cellular processes",6.31589630273084e-06,1.35921136749656,1.12037183473132,0.238839532765233,"Higher in Dry"
"PROTOCATECHUATE-ORTHO-CLEAVAGE-PWY","protocatechuate degradation II (ortho-cleavage pathway)","Substrate utilization / nutrient cycling","Aromatic compound metabolism",6.55473026758084e-26,1.33312804826597,0.69767320446004,0.635454843805934,"Higher in Dry"
"PWY-1269","CMP-3-deoxy-D-manno-octulosonate biosynthesis","Biosynthesis / cellular components","Cell envelope / glycan metabolism",4.9355474655791e-07,0.326673714189492,0.624863352166258,-0.298189637976765,"Higher in Wet"
"PWY-1861","formaldehyde assimilation II (assimilatory RuMP Cycle)","Energy metabolism","Energy / central carbon metabolism",0.000200834792859188,-1.16335640698604,-0.914840410605439,-0.248515996380597,"Higher in Wet"
"PWY-1882","superpathway of C1 compounds oxidation to CO2","Energy metabolism","Energy / central carbon metabolism",0.000535163543298667,-2.74214055382398,-2.4010328864173,-0.341107667406674,"Higher in Wet"
"PWY-2941","L-lysine biosynthesis II","Biosynthesis / cellular components","Amino acid metabolism",7.13201149684386e-40,-3.37703655308765,-1.13212394227769,-2.24491261080997,"Higher in Wet"
"PWY-2942","L-lysine biosynthesis III","Biosynthesis / cellular components","Amino acid metabolism",0.0429533290066475,1.53517640560788,1.41151243187315,0.123663973734733,"Higher in Dry"
"PWY-3001","superpathway of L-isoleucine biosynthesis I","Biosynthesis / cellular components","Amino acid metabolism",0.0210039210192163,1.62050426479379,1.49311160707558,0.127392657718215,"Higher in Dry"
"PWY-3941","&beta;-alanine biosynthesis II","Biosynthesis / cellular components","Amino acid metabolism",0.000389427123724575,-3.18402134553142,-2.5329231850512,-0.651098160480219,"Higher in Wet"
"PWY-4321","L-glutamate degradation IV","Biosynthesis / cellular components","Amino acid metabolism",0.0065710909797548,-2.83295678226254,-2.5035171743317,-0.329439607930839,"Higher in Wet"
"PWY-5005","biotin biosynthesis II","Biosynthesis / cellular components","Cofactor / vitamin metabolism",1.40530719233226e-16,0.457803026912473,-0.331279394644126,0.7890824215566,"Higher in Dry"
"PWY-5030","L-histidine degradation III","Biosynthesis / cellular components","Amino acid metabolism",0.000221763935567503,-0.118111134255269,0.163241581405767,-0.281352715661035,"Higher in Wet"
"PWY-5100","pyruvate fermentation to acetate and lactate II","Energy metabolism","Energy / central carbon metabolism",3.60777015443695e-10,-0.833498366464566,-0.245836308343445,-0.58766205812112,"Higher in Wet"
"PWY-5101","L-isoleucine biosynthesis II","Biosynthesis / cellular components","Amino acid metabolism",0.00130403767715218,-0.836690859159544,-1.15859340366336,0.321902544503821,"Higher in Dry"
"PWY-5104","L-isoleucine biosynthesis IV","Biosynthesis / cellular components","Amino acid metabolism",7.19319760676477e-21,-3.15593444870824,-1.09710515946218,-2.05882928924606,"Higher in Wet"
"PWY-5121","superpathway of geranylgeranyl diphosphate biosynthesis II (via MEP)","Substrate utilization / nutrient cycling","Phosphorus metabolism",0.00128762706092946,1.38018510536264,1.20776578499511,0.172419320367532,"Higher in Dry"
"PWY-5130","2-oxobutanoate degradation I","Substrate utilization / nutrient cycling","Organic acid / small-molecule metabolism",6.06011543048378e-05,1.40151427805509,1.16136012395454,0.240154154100551,"Higher in Dry"
"PWY-5136","fatty acid &beta;-oxidation II (plant peroxisome)","Biosynthesis / cellular components","Lipid metabolism",2.2593705587088e-07,1.89000082908213,1.62444569911258,0.265555129969551,"Higher in Dry"
"PWY-5138","fatty acid &beta;-oxidation IV (unsaturated, even number)","Biosynthesis / cellular components","Lipid metabolism",0.000800289924372795,0.0417101420229671,0.317093145186136,-0.275383003163169,"Higher in Wet"
"PWY-5154","L-arginine biosynthesis III (via N-acetyl-L-citrulline)","Biosynthesis / cellular components","Amino acid metabolism",0.00178069693539372,1.2517696539034,1.07684407581039,0.174925578093009,"Higher in Dry"
"PWY-5178","toluene degradation IV (aerobic) (via catechol)","Substrate utilization / nutrient cycling","Aromatic compound metabolism",0.0196140754834001,-2.30654105767741,-2.55997147270823,0.25343041503082,"Higher in Dry"
"PWY-5180","toluene degradation I (aerobic) (via o-cresol)","Substrate utilization / nutrient cycling","Aromatic compound metabolism",1.21153116980464e-07,0.265878099383059,-0.19786672529785,0.46374482468091,"Higher in Dry"
"PWY-5182","toluene degradation II (aerobic) (via 4-methylcatechol)","Substrate utilization / nutrient cycling","Aromatic compound metabolism",0.0402533609858988,-2.14171174456644,-1.9229839924915,-0.218727752074935,"Higher in Wet"
"PWY-5209","methyl-coenzyme M oxidation to CO2","Biosynthesis / cellular components","Cofactor / vitamin metabolism",0.00163199199141705,-2.58587652917667,-2.18442477793186,-0.401451751244815,"Higher in Wet"
"PWY-5265","peptidoglycan biosynthesis II (staphylococci)","Biosynthesis / cellular components","Cell envelope / glycan metabolism",2.1390566481836e-11,-3.87255772445155,-1.99396367040113,-1.87859405405041,"Higher in Wet"
"PWY-5328","superpathway of L-methionine salvage and degradation","Biosynthesis / cellular components","Amino acid metabolism",4.39300485605357e-12,-2.20080931845917,-1.59311280562807,-0.607696512831105,"Higher in Wet"
"PWY-5347","superpathway of L-methionine biosynthesis (transsulfuration)","Biosynthesis / cellular components","Amino acid metabolism",9.51872928499005e-14,-0.392182637195875,0.238275206427641,-0.630457843623516,"Higher in Wet"
"PWY-5367","petroselinate biosynthesis","Biosynthesis / cellular components","Lipid metabolism",2.65882904933455e-20,0.267435338684044,-0.577853505741,0.845288844425045,"Higher in Dry"
"PWY-5415","catechol degradation I (meta-cleavage pathway)","Substrate utilization / nutrient cycling","Aromatic compound metabolism",1.26009282852573e-08,0.166756819615803,-0.35806654773894,0.524823367354743,"Higher in Dry"
"PWY-5417","catechol degradation III (ortho-cleavage pathway)","Substrate utilization / nutrient cycling","Aromatic compound metabolism",4.23963765941983e-08,-0.371099478672965,-0.897513044947225,0.52641356627426,"Higher in Dry"
"PWY-5419","catechol degradation to 2-hydroxypentadienoate II","Substrate utilization / nutrient cycling","Aromatic compound metabolism",1.85980045226175e-07,-0.351953561562826,-0.785762192120479,0.433808630557653,"Higher in Dry"
"PWY-5420","catechol degradation II (meta-cleavage pathway)","Substrate utilization / nutrient cycling","Aromatic compound metabolism",3.63532830735637e-06,-0.267422887116872,-0.651020835828897,0.383597948712025,"Higher in Dry"
"PWY-5430","meta cleavage pathway of aromatic compounds","Substrate utilization / nutrient cycling","Aromatic compound metabolism",2.08725499911923e-07,-1.36362656081445,-1.82183145620436,0.458204895389909,"Higher in Dry"
"PWY-5431","aromatic compounds degradation via &beta;-ketoadipate","Substrate utilization / nutrient cycling","Aromatic compound metabolism",4.23963765941983e-08,-0.371099478672965,-0.897513044947225,0.52641356627426,"Higher in Dry"
"PWY-5497","purine nucleobases degradation II (anaerobic)","Biosynthesis / cellular components","Nucleotide metabolism",7.75652115864931e-07,-0.749937007682793,-0.236221467937602,-0.513715539745192,"Higher in Wet"
"PWY-5507","adenosylcobalamin biosynthesis I (anaerobic)","Biosynthesis / cellular components","Cofactor / vitamin metabolism",4.18274591260389e-37,-6.65771430137778,-2.72493339664542,-3.93278090473236,"Higher in Wet"
"PWY-5531","3,8-divinyl-chlorophyllide a biosynthesis II (anaerobic)","Biosynthesis / cellular components","Secondary metabolite / isoprenoid metabolism",2.14846009880433e-12,-1.34276805166323,-0.863749432406674,-0.479018619256552,"Higher in Wet"
"PWY-561","superpathway of glyoxylate cycle and fatty acid degradation","Biosynthesis / cellular components","Lipid metabolism",3.19115224954051e-06,0.510586407498841,0.175180379876025,0.335406027622816,"Higher in Dry"
"PWY-5647","2-nitrobenzoate degradation I","Substrate utilization / nutrient cycling","Aromatic compound metabolism",2.00397771507932e-05,-0.793346258573983,-1.2324770238157,0.439130765241714,"Higher in Dry"
"PWY-5651","L-tryptophan degradation to 2-amino-3-carboxymuconate semialdehyde","Biosynthesis / cellular components","Amino acid metabolism",0.00347755387820617,-0.371610293432732,-0.714754425725489,0.343144132292756,"Higher in Dry"
"PWY-5652","2-amino-3-carboxymuconate semialdehyde degradation to glutaryl-CoA","Other","Other",0.000157701198755159,-0.968801459155358,-1.41660437812558,0.447802918970226,"Higher in Dry"
"PWY-5654","2-amino-3-carboxymuconate semialdehyde degradation to 2-hydroxypentadienoate","Other","Other",8.65300013446546e-06,-0.832162425061715,-1.28056951452341,0.448407089461699,"Higher in Dry"
"PWY-5655","L-tryptophan degradation IX","Biosynthesis / cellular components","Amino acid metabolism",0.00095710558533858,-0.683740323604606,-1.00741105799933,0.323670734394724,"Higher in Dry"
"PWY-5659","GDP-mannose biosynthesis","Substrate utilization / nutrient cycling","Carbohydrate metabolism",0.00174979114776039,1.67693575298704,1.51014580900781,0.166789943979224,"Higher in Dry"
"PWY-5692","allantoin degradation to glyoxylate II","Substrate utilization / nutrient cycling","Nitrogen metabolism",6.81026961849331e-08,-0.270182438578033,-0.654219237998308,0.384036799420274,"Higher in Dry"
"PWY-5695","inosine 5'-phosphate degradation","Biosynthesis / cellular components","Nucleotide metabolism",1.53860075443682e-07,1.8763301953952,1.60687816757488,0.269452027820327,"Higher in Dry"
"PWY-5705","allantoin degradation to glyoxylate III","Substrate utilization / nutrient cycling","Nitrogen metabolism",0.00030548042667314,-0.267807542119317,-0.514008116549102,0.246200574429785,"Higher in Dry"
"PWY-5733","germacrene biosynthesis","Biosynthesis / cellular components","Secondary metabolite / isoprenoid metabolism",2.36803062926492e-28,0.00818446840976124,-1.5379517660013,1.54613623441106,"Higher in Dry"
"PWY-5741","ethylmalonyl-CoA pathway","Energy metabolism","Energy / central carbon metabolism",3.50594694470896e-07,-1.1529110862509,-0.784910610681446,-0.368000475569458,"Higher in Wet"
"PWY-5742","L-arginine degradation IX (arginine:pyruvate transaminase pathway)","Biosynthesis / cellular components","Amino acid metabolism",5.71573363915255e-06,-2.4703840655027,-2.02949362416749,-0.440890441335202,"Higher in Wet"
"PWY-5743","3-hydroxypropanoate cycle","Energy metabolism","Energy / central carbon metabolism",1.00170425039637e-05,-3.48446612059613,-2.67135442955044,-0.813111691045688,"Higher in Wet"
"PWY-5747","2-methylcitrate cycle II","Energy metabolism","Energy / central carbon metabolism",0.0196533956047965,-1.07000044732909,-0.766051820727226,-0.303948626601868,"Higher in Wet"
"PWY-5837","2-carboxy-1,4-naphthoquinol biosynthesis","Biosynthesis / cellular components","Cofactor / vitamin metabolism",0.0015993374264199,0.00887853582104952,-0.201755782092021,0.21063431791307,"Higher in Dry"
"PWY-5838","superpathway of menaquinol-8 biosynthesis I","Biosynthesis / cellular components","Cofactor / vitamin metabolism",0.00305698796731472,0.543115528490654,0.375455638143092,0.167659890347562,"Higher in Dry"
"PWY-5861","superpathway of demethylmenaquinol-8 biosynthesis I","Biosynthesis / cellular components","Cofactor / vitamin metabolism",0.00152283006773213,0.297962127792042,0.114141450044146,0.183820677747896,"Higher in Dry"
"PWY-5897","superpathway of menaquinol-11 biosynthesis","Biosynthesis / cellular components","Cofactor / vitamin metabolism",0.000979141109897462,0.513317723543421,0.32825214613673,0.185065577406691,"Higher in Dry"
"PWY-5898","superpathway of menaquinol-12 biosynthesis","Biosynthesis / cellular components","Cofactor / vitamin metabolism",0.000979141109897462,0.513317723543421,0.32825214613673,0.185065577406691,"Higher in Dry"
"PWY-5899","superpathway of menaquinol-13 biosynthesis","Biosynthesis / cellular components","Cofactor / vitamin metabolism",0.000979141109897462,0.513317723543421,0.32825214613673,0.185065577406691,"Higher in Dry"
"PWY-5910","superpathway of geranylgeranyldiphosphate biosynthesis I (via mevalonate)","Substrate utilization / nutrient cycling","Phosphorus metabolism",0.000395906976589618,-2.75288837379576,-2.29238416921954,-0.460504204576222,"Higher in Wet"
"PWY-5913","partial TCA cycle (obligate autotrophs)","Energy metabolism","Energy / central carbon metabolism",0.00645142318468537,0.484116666308894,0.245614966375254,0.23850169993364,"Higher in Dry"
"PWY-5918","superpathway of heme b biosynthesis from glutamate","Biosynthesis / cellular components","Amino acid metabolism",0.014321089106491,1.11471668209274,0.980030131430695,0.134686550662048,"Higher in Dry"
"PWY-5973","cis-vaccenate biosynthesis","Biosynthesis / cellular components","Lipid metabolism",7.57255126803574e-06,1.50238173576211,1.70708991520608,-0.204708179443974,"Higher in Wet"
"PWY-5989","stearate biosynthesis II (bacteria and plants)","Biosynthesis / cellular components","Lipid metabolism",1.35333307024403e-05,0.727233619959181,1.17038893419296,-0.443155314233775,"Higher in Wet"
"PWY-6071","superpathway of phenylethylamine degradation","Substrate utilization / nutrient cycling","Aromatic compound metabolism",1.73820935098332e-06,0.177418207518888,-0.195923489120229,0.373341696639116,"Higher in Dry"
"PWY-6084","3,5-dichlorocatechol degradation","Substrate utilization / nutrient cycling","Aromatic compound metabolism",3.21304816121228e-15,-0.221153233432044,-1.06939060705817,0.848237373626122,"Higher in Dry"
"PWY-6122","5-aminoimidazole ribonucleotide biosynthesis II","Biosynthesis / cellular components","Nucleotide metabolism",0.00134691294326261,1.6517067801887,1.4686495491539,0.183057231034801,"Higher in Dry"
"PWY-6126","superpathway of adenosine nucleotides de novo biosynthesis II","Biosynthesis / cellular components","Nucleotide metabolism",1.97752608007498e-09,-0.890045504303367,-0.066133327314922,-0.823912176988445,"Higher in Wet"
"PWY-6147","6-hydroxymethyl-dihydropterin diphosphate biosynthesis I","Substrate utilization / nutrient cycling","Phosphorus metabolism",0.0415039147173876,1.47244646093489,1.35422805769259,0.118218403242294,"Higher in Dry"
"PWY-6151","S-adenosyl-L-methionine salvage I","Biosynthesis / cellular components","Amino acid metabolism",0.000104725634301322,0.376927069374098,0.548738409536189,-0.171811340162091,"Higher in Wet"
"PWY-6182","superpathway of salicylate degradation","Substrate utilization / nutrient cycling","Aromatic compound metabolism",1.70107727711722e-06,-0.377830391993572,-0.828460539046732,0.45063014705316,"Higher in Dry"
"PWY-6185","4-methylcatechol degradation (ortho cleavage)","Substrate utilization / nutrient cycling","Aromatic compound metabolism",8.24005827568281e-13,-0.532866627479961,-1.40046509728301,0.867598469803052,"Higher in Dry"
"PWY-6210","2-aminophenol degradation","Substrate utilization / nutrient cycling","Aromatic compound metabolism",3.73992081371709e-05,-1.11236803565278,-1.56511712686565,0.452749091212866,"Higher in Dry"
"PWY-6263","superpathway of menaquinol-8 biosynthesis II","Biosynthesis / cellular components","Cofactor / vitamin metabolism",0.0230915139717329,0.416605027943376,0.23512847803541,0.181476549907966,"Higher in Dry"
"PWY-6269","superpathway of adenosylcobalamin salvage from cobinamide II","Biosynthesis / cellular components","Cofactor / vitamin metabolism",3.74588136535077e-05,0.848200771090682,0.678690592550188,0.169510178540494,"Higher in Dry"
"PWY-6270","isoprene biosynthesis I","Biosynthesis / cellular components","Secondary metabolite / isoprenoid metabolism",0.00112846879362731,1.1888885234905,1.00390718638216,0.184981337108336,"Higher in Dry"
"PWY-6277","superpathway of 5-aminoimidazole ribonucleotide biosynthesis","Biosynthesis / cellular components","Nucleotide metabolism",0.00134691294326261,1.6517067801887,1.4686495491539,0.183057231034801,"Higher in Dry"
"PWY-6292","superpathway of L-cysteine biosynthesis (mammalian)","Biosynthesis / cellular components","Amino acid metabolism",1.70972203850536e-11,1.09749588588445,0.728428018657475,0.369067867226972,"Higher in Dry"
"PWY-6293","superpathway of L-cysteine biosynthesis (fungi)","Biosynthesis / cellular components","Amino acid metabolism",0.00892266393901189,0.905018555867142,0.716085280650224,0.188933275216918,"Higher in Dry"
"PWY-6307","L-tryptophan degradation X (mammalian, via tryptamine)","Biosynthesis / cellular components","Amino acid metabolism",0.000353298826560168,0.655358940357576,0.316940743821239,0.338418196536337,"Higher in Dry"
"PWY-6313","serotonin degradation","Substrate utilization / nutrient cycling","Organic acid / small-molecule metabolism",4.94409690367613e-31,1.48443853261548,0.890349231084875,0.594089301530603,"Higher in Dry"
"PWY-6317","D-galactose degradation I (Leloir pathway)","Substrate utilization / nutrient cycling","Carbohydrate metabolism",5.39564394325575e-13,1.19108578904575,0.791539317062993,0.399546471982755,"Higher in Dry"
"PWY-6342","noradrenaline and adrenaline degradation","Substrate utilization / nutrient cycling","Organic acid / small-molecule metabolism",0.000676005049932696,-2.32877652484931,-2.81256759807436,0.483791073225051,"Higher in Dry"
"PWY-6344","L-arginine degradation XIV (oxidative Stickland reaction)","Biosynthesis / cellular components","Amino acid metabolism",7.52458424853065e-17,-5.06175264353209,-2.48692927164492,-2.57482337188716,"Higher in Wet"
"PWY-6353","purine nucleotides degradation II (aerobic)","Biosynthesis / cellular components","Nucleotide metabolism",0.000541236934388995,1.35280619929343,1.20976618005642,0.14304001923701,"Higher in Dry"
"PWY-6383","mono-trans, poly-cis decaprenyl phosphate biosynthesis","Substrate utilization / nutrient cycling","Phosphorus metabolism",5.17319355246737e-15,0.507009268885947,-0.198199193642172,0.705208462528119,"Higher in Dry"
"PWY-6397","mycolyl-arabinogalactan-peptidoglycan complex biosynthesis","Biosynthesis / cellular components","Cell envelope / glycan metabolism",1.63755400611567e-07,-1.78356095260769,-2.34812239744061,0.564561444832917,"Higher in Dry"
"PWY-6404","superpathway of mycolyl-arabinogalactan-peptidoglycan complex biosynthesis","Biosynthesis / cellular components","Cell envelope / glycan metabolism",3.59320200277419e-06,-0.558960156578183,-1.07351720801794,0.514557051439761,"Higher in Dry"
"PWY-6435","4-hydroxybenzoate biosynthesis III (plants)","Substrate utilization / nutrient cycling","Aromatic compound metabolism",0.0400147300816824,0.31066384775464,0.219863424927684,0.0908004228269566,"Higher in Dry"
"PWY-6467","Kdo transfer to lipid IVA III (Chlamydia)","Biosynthesis / cellular components","Lipid metabolism",3.98949854319113e-10,0.287912896563318,0.65024836578321,-0.362335469219892,"Higher in Wet"
"PWY-6470","peptidoglycan biosynthesis V (&beta;-lactam resistance)","Biosynthesis / cellular components","Cell envelope / glycan metabolism",8.41742070001275e-06,-0.0600441250944842,-0.677708010242684,0.6176638851482,"Higher in Dry"
"PWY-6471","peptidoglycan biosynthesis IV (Enterococcus faecium)","Biosynthesis / cellular components","Cell envelope / glycan metabolism",5.0925550368923e-12,-4.46509005902771,-2.67506055963144,-1.79002949939628,"Higher in Wet"
"PWY-6478","GDP-D-glycero-&alpha;-D-manno-heptose biosynthesis","Biosynthesis / cellular components","Cell envelope / glycan metabolism",7.78065809907985e-07,-0.182808625855024,-0.55868556322981,0.375876937374786,"Higher in Dry"
"PWY-6486","D-galacturonate degradation II","Substrate utilization / nutrient cycling","Carbohydrate metabolism",3.31607671914324e-06,-1.36744284091134,-1.66616472639267,0.298721885481326,"Higher in Dry"
"PWY-6501","D-glucuronate degradation II","Substrate utilization / nutrient cycling","Carbohydrate metabolism",1.40615246396357e-09,-0.315949712135198,-0.79185059859463,0.475900886459432,"Higher in Dry"
"PWY-6505","L-tryptophan degradation XII (Geobacillus)","Biosynthesis / cellular components","Amino acid metabolism",0.000490255617893681,-2.94534688370723,-2.36020892260787,-0.585137961099362,"Higher in Wet"
"PWY-6527","stachyose degradation","Substrate utilization / nutrient cycling","Carbohydrate metabolism",2.79756876042588e-18,0.971427043886981,0.530712098500762,0.440714945386219,"Higher in Dry"
"PWY-6531","mannitol cycle","Substrate utilization / nutrient cycling","Organic acid / small-molecule metabolism",0.00655059999014208,-0.883900303875754,-1.02348089720523,0.139580593329477,"Higher in Dry"
"PWY-6562","norspermidine biosynthesis","Biosynthesis / cellular components","Amino acid metabolism",1.11441528210221e-34,-1.59390427249262,-0.68929670959669,-0.904607562895929,"Higher in Wet"
"PWY-6595","superpathway of guanosine nucleotides degradation (plants)","Biosynthesis / cellular components","Nucleotide metabolism",0.0109810137301966,0.842800668217519,0.699784338231754,0.143016329985765,"Higher in Dry"
"PWY-6607","guanosine nucleotides degradation I","Biosynthesis / cellular components","Nucleotide metabolism",0.000535163543298667,1.05869783581444,0.861264372090746,0.197433463723697,"Higher in Dry"
"PWY-6609","adenine and adenosine salvage III","Biosynthesis / cellular components","Nucleotide metabolism",0.0031022925941971,1.35421546171164,1.21089912190839,0.143316339803256,"Higher in Dry"
"PWY-6612","superpathway of tetrahydrofolate biosynthesis","Biosynthesis / cellular components","Cofactor / vitamin metabolism",0.0342875908353923,1.27657848144186,1.1529925720428,0.123585909399058,"Higher in Dry"
"PWY-6672","cis-geranyl-CoA degradation","Other","Other",1.68563130501016e-07,-1.39751012057619,-0.988563422555396,-0.408946698020793,"Higher in Wet"
"PWY-6676","superpathway of sulfide oxidation (phototrophic sulfur bacteria)","Substrate utilization / nutrient cycling","Sulfur metabolism",2.07066612829817e-16,-2.03498222655562,-1.476673177778,-0.55830904877762,"Higher in Wet"
"PWY-6690","cinnamate and 3-hydroxycinnamate degradation to 2-hydroxypentadienoate","Substrate utilization / nutrient cycling","Aromatic compound metabolism",2.95100179885297e-12,-0.973807881184839,-1.91547228884294,0.941664407658103,"Higher in Dry"
"PWY-6700","queuosine biosynthesis I (de novo)","Biosynthesis / cellular components","Cofactor / vitamin metabolism",5.06304392653192e-08,0.665946701001226,1.00347291975078,-0.337526218749555,"Higher in Wet"
"PWY-6703","preQ0 biosynthesis","Biosynthesis / cellular components","Cofactor / vitamin metabolism",0.000796888044530517,0.627718191243924,0.815031386588467,-0.187313195344543,"Higher in Wet"
"PWY-6731","starch degradation III","Substrate utilization / nutrient cycling","Carbohydrate metabolism",0.00590144582534743,-0.759888666452784,-0.49136304344608,-0.268525623006704,"Higher in Wet"
"PWY-6749","CMP-legionaminate biosynthesis I","Biosynthesis / cellular components","Cell envelope / glycan metabolism",1.96418626788129e-08,-3.15361403311387,-2.37125268135553,-0.782361351758339,"Higher in Wet"
"PWY-6808","dTDP-&alpha;-D-forosamine biosynthesis","Biosynthesis / cellular components","Nucleotide metabolism",8.42342962734573e-37,-0.963570365832675,-3.16531188884761,2.20174152301494,"Higher in Dry"
"PWY-6823","molybdopterin biosynthesis","Biosynthesis / cellular components","Cofactor / vitamin metabolism",6.38334144909186e-06,1.35492262556753,1.138731791876,0.216190833691533,"Higher in Dry"
"PWY-6837","fatty acid &beta;-oxidation V (unsaturated, odd number, di-isomerase-dependent)","Biosynthesis / cellular components","Lipid metabolism",0.0289810453485289,-1.08644127819357,-0.997936459733586,-0.0885048184599851,"Higher in Wet"
"PWY-6859","all-trans-farnesol biosynthesis","Biosynthesis / cellular components","Lipid metabolism",7.61650316072202e-10,1.1127554576395,0.777994699690861,0.33476075794864,"Higher in Dry"
"PWY-6891","thiazole component of thiamine diphosphate biosynthesis II","Biosynthesis / cellular components","Cofactor / vitamin metabolism",3.85604064644536e-38,-2.756368135124,-0.729686625325494,-2.02668150979851,"Higher in Wet"
"PWY-6895","superpathway of thiamine diphosphate biosynthesis II","Biosynthesis / cellular components","Cofactor / vitamin metabolism",2.52970855716999e-47,-1.19665409947466,0.306937412128988,-1.50359151160365,"Higher in Wet"
"PWY-6901","superpathway of glucose and xylose degradation","Substrate utilization / nutrient cycling","Carbohydrate metabolism",0.000440229920860765,1.12199171708135,0.935224981241562,0.186766735839788,"Higher in Dry"
"PWY-6902","chitin degradation II (Vibrio)","Substrate utilization / nutrient cycling","Polymer degradation",1.51503123392064e-69,2.10909629226652,1.32918523606502,0.7799110562015,"Higher in Dry"
"PWY-6906","chitin derivatives degradation","Substrate utilization / nutrient cycling","Polymer degradation",0.00116013587962035,-0.757707864550886,-0.456051249597089,-0.301656614953796,"Higher in Wet"
"PWY-6922","L-N&delta;-acetylornithine biosynthesis","Biosynthesis / cellular components","Amino acid metabolism",1.0781598115426e-05,0.77284545092453,0.54698612134907,0.22585932957546,"Higher in Dry"
"PWY-6936","seleno-amino acid biosynthesis (plants)","Biosynthesis / cellular components","Amino acid metabolism",0.000677219884354118,0.835834106276761,0.937177772909802,-0.101343666633041,"Higher in Wet"
"PWY-6946","cholesterol degradation to androstenedione II (cholesterol dehydrogenase)","Biosynthesis / cellular components","Lipid metabolism",1.77561079349057e-05,-1.56753119550487,-1.22518656185958,-0.342344633645288,"Higher in Wet"
"PWY-6948","sitosterol degradation to androstenedione","Biosynthesis / cellular components","Lipid metabolism",5.98762856055743e-08,-1.92922240600278,-1.44841156314098,-0.480810842861802,"Higher in Wet"
"PWY-6957","mandelate degradation to acetyl-CoA","Substrate utilization / nutrient cycling","Aromatic compound metabolism",0.00164153457261812,-1.70684832300771,-1.99658520264155,0.289736879633845,"Higher in Dry"
"PWY-7013","(S)-propane-1,2-diol degradation","Substrate utilization / nutrient cycling","Organic acid / small-molecule metabolism",4.06261058414193e-11,-1.32577540571827,-2.07558346951641,0.749808063798136,"Higher in Dry"
"PWY-7024","superpathway of the 3-hydroxypropanoate cycle","Energy metabolism","Energy / central carbon metabolism",2.57390342886749e-05,-3.24270899964152,-2.4892452117889,-0.75346378785262,"Higher in Wet"
"PWY-7039","phosphatidate metabolism, as a signaling molecule","Biosynthesis / cellular components","Lipid metabolism",1.04617756498456e-09,-2.54814865837241,-2.01716696618879,-0.530981692183616,"Higher in Wet"
"PWY-7072","hopanoid biosynthesis (bacteria)","Biosynthesis / cellular components","Secondary metabolite / isoprenoid metabolism",0.000423312739507921,-0.939321011631723,-0.760962184906112,-0.178358826725611,"Higher in Wet"
"PWY-7090","UDP-2,3-diacetamido-2,3-dideoxy-&alpha;-D-mannuronate biosynthesis","Biosynthesis / cellular components","Cell envelope / glycan metabolism",7.91377212959462e-13,-2.24145188681752,-1.4619256885607,-0.779526198256826,"Higher in Wet"
"PWY-7094","fatty acid salvage","Biosynthesis / cellular components","Lipid metabolism",3.20564548279789e-09,2.09220183017263,1.79874675034391,0.293455079828713,"Higher in Dry"
"PWY-7115","C4 photosynthetic carbon assimilation cycle, NAD-ME type","Biosynthesis / cellular components","Cofactor / vitamin metabolism",1.1052016358617e-17,1.12568234444387,0.717616097997839,0.408066246446031,"Higher in Dry"
"PWY-7118","chitin deacetylation","Substrate utilization / nutrient cycling","Polymer degradation",4.32279615060774e-10,1.16631758924554,0.861154258945529,0.305163330300012,"Higher in Dry"
"PWY-7159","3,8-divinyl-chlorophyllide a biosynthesis III (aerobic, light independent)","Biosynthesis / cellular components","Secondary metabolite / isoprenoid metabolism",1.63215238173438e-10,-0.487128241020863,0.0313221904127693,-0.518450431433632,"Higher in Wet"
"PWY-7229","superpathway of adenosine nucleotides de novo biosynthesis I","Biosynthesis / cellular components","Nucleotide metabolism",1.4289975079655e-09,-1.01917283283881,-0.166243910095117,-0.852928922743696,"Higher in Wet"
"PWY-7237","myo-, chiro- and scyllo-inositol degradation","Substrate utilization / nutrient cycling","Organic acid / small-molecule metabolism",0.00118862280564615,1.17916297263243,0.90079965063561,0.27836332199682,"Higher in Dry"
"PWY-7254","TCA cycle VII (acetate-producers)","Energy metabolism","Energy / central carbon metabolism",1.33446765054655e-07,-1.38971886073757,-0.677181896455064,-0.712536964282508,"Higher in Wet"
"PWY-7255","ergothioneine biosynthesis I (bacteria)","Biosynthesis / cellular components","Cofactor / vitamin metabolism",8.35737352992484e-16,0.177584437154901,-0.572266000824049,0.74985043797895,"Higher in Dry"
"PWY-7268","cytosolic NADPH production (yeast)","Biosynthesis / cellular components","Cofactor / vitamin metabolism",1.9497653706693e-14,0.633533154206729,-0.112921536532501,0.74645469073923,"Higher in Dry"
"PWY-7269","mitochondrial NADPH production (yeast)","Biosynthesis / cellular components","Cofactor / vitamin metabolism",2.55786694119196e-18,0.438156855338777,-0.415080897303378,0.853237752642155,"Higher in Dry"
"PWY-7282","4-amino-2-methyl-5-diphosphomethylpyrimidine biosynthesis II","Biosynthesis / cellular components","Nucleotide metabolism",0.00607992157601104,0.844311214610316,0.688036593715458,0.156274620894858,"Higher in Dry"
"PWY-7294","D-xylose degradation IV","Substrate utilization / nutrient cycling","Carbohydrate metabolism",0.00124813734016066,0.361405218722057,0.143851327488877,0.217553891233181,"Higher in Dry"
"PWY-7315","dTDP-N-acetylthomosamine biosynthesis","Biosynthesis / cellular components","Nucleotide metabolism",0.0488630609098564,-0.706410336476228,-0.786240325418437,0.0798299889422098,"Higher in Dry"
"PWY-7332","superpathway of UDP-N-acetylglucosamine-derived O-antigen building blocks biosynthesis","Biosynthesis / cellular components","Cell envelope / glycan metabolism",0.00266917576962784,-2.82927197466256,-2.23939157991922,-0.589880394743346,"Higher in Wet"
"PWY-7356","thiamine diphosphate salvage IV (yeast)","Biosynthesis / cellular components","Cofactor / vitamin metabolism",1.53510570428724e-07,-0.617402162942599,-0.106168831499567,-0.511233331443032,"Higher in Wet"
"PWY-7371","1,4-dihydroxy-6-naphthoate biosynthesis II","Biosynthesis / cellular components","Cofactor / vitamin metabolism",0.000678641568198503,0.0719390646318478,-0.209960317340635,0.281899381972482,"Higher in Dry"
"PWY-7373","superpathway of demethylmenaquinol-6 biosynthesis II","Biosynthesis / cellular components","Cofactor / vitamin metabolism",1.80357448268453e-24,-4.11684493127723,-2.37088438134277,-1.74596054993446,"Higher in Wet"
"PWY-7374","1,4-dihydroxy-6-naphthoate biosynthesis I","Biosynthesis / cellular components","Cofactor / vitamin metabolism",4.50684077382702e-05,0.140412483860439,-0.188995783062705,0.329408266923145,"Higher in Dry"
"PWY-7376","cob(II)yrinate a,c-diamide biosynthesis II (late cobalt incorporation)","Biosynthesis / cellular components","Cofactor / vitamin metabolism",5.13607656067394e-05,0.459186339751611,0.137432791441136,0.321753548310475,"Higher in Dry"
"PWY-7377","cob(II)yrinate a,c-diamide biosynthesis I (early cobalt insertion)","Biosynthesis / cellular components","Cofactor / vitamin metabolism",5.21570270437783e-43,-4.72258152185312,-1.3317833936659,-3.39079812818722,"Higher in Wet"
"PWY-7392","taxadiene biosynthesis (engineered)","Biosynthesis / cellular components","Secondary metabolite / isoprenoid metabolism",7.54063416058664e-06,1.25228884869553,1.01609903000366,0.236189818691863,"Higher in Dry"
"PWY-7399","methylphosphonate degradation II","Substrate utilization / nutrient cycling","Phosphorus metabolism",0.0417262122741905,-0.295224570971303,-0.483926571036225,0.188702000064922,"Higher in Dry"
"PWY-7431","aromatic biogenic amine degradation (bacteria)","Substrate utilization / nutrient cycling","Aromatic compound metabolism",4.26597804102645e-31,1.18245286305177,0.589028231976146,0.593424631075625,"Higher in Dry"
"PWY-7456","&beta;-(1,4)-mannan degradation","Substrate utilization / nutrient cycling","Polymer degradation",5.81557944936275e-13,-0.442079458829135,-1.07805599474012,0.635976535910981,"Higher in Dry"
"PWY-7480","2,3-dihydroxybenzoate degradation","Substrate utilization / nutrient cycling","Aromatic compound metabolism",6.74506867551944e-06,-0.810406309855019,-1.2492094023727,0.438803092517682,"Higher in Dry"
"PWY-7560","methylerythritol phosphate pathway II","Substrate utilization / nutrient cycling","Phosphorus metabolism",0.024603521154564,1.28706925577372,1.14917150577873,0.13789774999499,"Higher in Dry"
"PWY-7663","gondoate biosynthesis (anaerobic)","Biosynthesis / cellular components","Lipid metabolism",1.18067694618828e-07,1.40365635287518,1.66343007659836,-0.259773723723182,"Higher in Wet"
"PWY-7674","CMP-8-amino-3,8-dideoxy-D-manno-octulosonate biosynthesis","Biosynthesis / cellular components","Cell envelope / glycan metabolism",0.00897479238227668,-0.889612676812347,-1.20716358158508,0.31755090477273,"Higher in Dry"
"PWY-7761","NAD salvage pathway II (PNC IV cycle)","Biosynthesis / cellular components","Cofactor / vitamin metabolism",0.0174441308988848,1.06965421023468,0.924462766711884,0.145191443522792,"Higher in Dry"
"PWY-7805","(aminomethyl)phosphonate degradation","Substrate utilization / nutrient cycling","Phosphorus metabolism",0.000457373053421725,-0.701555069472408,-0.386303327497028,-0.31525174197538,"Higher in Wet"
"PWY-7807","glyphosate degradation III","Substrate utilization / nutrient cycling","Phosphorus metabolism",0.000194863185264586,-0.28002263126899,-0.0511660137731555,-0.228856617495835,"Higher in Wet"
"PWY-7820","teichuronic acid biosynthesis (B. subtilis 168)","Biosynthesis / cellular components","Cell envelope / glycan metabolism",0.0129639159045487,-2.26869787065478,-1.8319495078584,-0.436748362796379,"Higher in Wet"
"PWY-7900","glycogen biosynthesis III (from &alpha;-maltose 1-phosphate)","Substrate utilization / nutrient cycling","Carbohydrate metabolism",4.25416929777425e-08,0.87775657056585,0.3976150738611,0.48014149670475,"Higher in Dry"
"PWY-7947","flexixanthin biosynthesis","Biosynthesis / cellular components","Secondary metabolite / isoprenoid metabolism",8.86113781887307e-09,-1.87362322819626,-1.4603008921886,-0.413322336007663,"Higher in Wet"
"PWY-7992","superpathway of menaquinol-8 biosynthesis III","Biosynthesis / cellular components","Cofactor / vitamin metabolism",0.0139702244843337,0.596698257192085,0.414373402448914,0.18232485474317,"Higher in Dry"
"PWY-8004","Entner-Doudoroff pathway I","Energy metabolism","Energy / central carbon metabolism",2.75129979971886e-05,0.824676365040322,0.569863434360779,0.254812930679543,"Higher in Dry"
"PWY-801","homocysteine and cysteine interconversion","Biosynthesis / cellular components","Amino acid metabolism",1.06728446397689e-18,1.10460086750087,0.625808446849783,0.478792420651083,"Higher in Dry"
"PWY-8011","L-serine biosynthesis II","Biosynthesis / cellular components","Amino acid metabolism",0.0199921624100869,-0.0523059727952675,0.00787332767526267,-0.0601793004705301,"Higher in Wet"
"PWY-8020","D-xylose degradation V","Substrate utilization / nutrient cycling","Carbohydrate metabolism",1.9292017288822e-05,-0.322654205351225,-0.673384518913221,0.350730313561996,"Higher in Dry"
"PWY-8073","lipid IVA biosynthesis (P. putida)","Biosynthesis / cellular components","Lipid metabolism",9.7359307797929e-09,0.382627671466885,0.696735867372471,-0.314108195905587,"Higher in Wet"
"PWY-8131","5'-deoxyadenosine degradation II","Biosynthesis / cellular components","Nucleotide metabolism",2.74176532324567e-06,-0.655530976961834,-0.974822488195537,0.319291511233703,"Higher in Dry"
"PWY-8178","pentose phosphate pathway (non-oxidative branch) II","Substrate utilization / nutrient cycling","Phosphorus metabolism",0.00490361835642182,1.7251395548254,1.57238253459815,0.152757020227252,"Higher in Dry"
"PWY-8187","L-arginine degradation XIII (reductive Stickland reaction)","Biosynthesis / cellular components","Amino acid metabolism",1.26632897017207e-12,0.987425235723405,0.633685095200632,0.353740140522774,"Higher in Dry"
"PWY0-1061","superpathway of L-alanine biosynthesis","Biosynthesis / cellular components","Amino acid metabolism",8.3592823804281e-11,1.11899732558817,0.750400110723016,0.368597214865155,"Higher in Dry"
"PWY0-1241","ADP-L-glycero-&beta;-D-manno-heptose biosynthesis","Biosynthesis / cellular components","Cell envelope / glycan metabolism",0.000459883290624259,0.0804928736311157,0.289444772046283,-0.208951898415168,"Higher in Wet"
"PWY0-1277","3-phenylpropanoate and 3-(3-hydroxyphenyl)propanoate degradation","Substrate utilization / nutrient cycling","Aromatic compound metabolism",3.11721545991642e-12,-0.266865804294035,-1.07092135734423,0.80405555305019,"Higher in Dry"
"PWY0-1296","purine ribonucleosides degradation","Biosynthesis / cellular components","Nucleotide metabolism",3.20564548279789e-09,1.32108410123428,1.0919987511672,0.229085350067078,"Higher in Dry"
"PWY0-1297","superpathway of purine deoxyribonucleosides degradation","Biosynthesis / cellular components","Nucleotide metabolism",2.00700079269908e-13,0.86549613608388,0.493275270945551,0.372220865138328,"Higher in Dry"
"PWY0-1337","oleate &beta;-oxidation","Biosynthesis / cellular components","Lipid metabolism",0.00012355445138133,0.268626005493881,-0.239175592034041,0.507801597527922,"Higher in Dry"
"PWY0-1415","superpathway of heme b biosynthesis from uroporphyrinogen-III","Biosynthesis / cellular components","Cofactor / vitamin metabolism",1.22213615446938e-08,-0.0233431634190198,-0.501000763410472,0.477657599991452,"Higher in Dry"
"PWY0-1479","tRNA processing","Cellular processes","Cellular processes",3.59714237148831e-08,0.168230402238157,0.724128535976252,-0.555898133738094,"Higher in Wet"
"PWY0-1533","methylphosphonate degradation I","Substrate utilization / nutrient cycling","Phosphorus metabolism",7.19403236106947e-05,-0.252840285744228,-0.0073935087256096,-0.245446777018618,"Higher in Wet"
"PWY0-1586","peptidoglycan maturation (meso-diaminopimelate containing)","Biosynthesis / cellular components","Cell envelope / glycan metabolism",0.000440229920860765,2.28070451694927,2.48093607576197,-0.200231558812706,"Higher in Wet"
"PWY0-301","L-ascorbate degradation I (bacterial, anaerobic)","Substrate utilization / nutrient cycling","Carbohydrate metabolism",0.000455262011543964,-1.9443120239701,-1.59317232378905,-0.351139700181053,"Higher in Wet"
"PWY0-321","phenylacetate degradation I (aerobic)","Substrate utilization / nutrient cycling","Aromatic compound metabolism",7.63615034488832e-08,0.367029801100242,-0.00293077355469097,0.369960574654933,"Higher in Dry"
"PWY0-42","2-methylcitrate cycle I","Energy metabolism","Energy / central carbon metabolism",0.0139688156629875,-0.739463995119186,-0.522436935772766,-0.217027059346421,"Higher in Wet"
"PWY0-781","aspartate superpathway","Biosynthesis / cellular components","Amino acid metabolism",9.01131877293424e-11,0.211217625052498,0.65248840349536,-0.441270778442862,"Higher in Wet"
"PWY0-845","superpathway of pyridoxal 5'-phosphate biosynthesis and salvage","Biosynthesis / cellular components","Cofactor / vitamin metabolism",3.85639292921282e-19,-1.06092188385288,0.0264700884522598,-1.08739197230514,"Higher in Wet"
"PWY0-862","(5Z)-dodecenoate biosynthesis I","Biosynthesis / cellular components","Lipid metabolism",8.53814197841247e-08,0.07457701389556,0.549143121547498,-0.474566107651938,"Higher in Wet"
"PWY1G-0","mycothiol biosynthesis","Biosynthesis / cellular components","Cofactor / vitamin metabolism",1.48525820075553e-16,0.338037180004809,-0.385043928532608,0.723081108537416,"Higher in Dry"
"PWY1ZNC-1","assimilatory sulfate reduction IV","Substrate utilization / nutrient cycling","Sulfur metabolism",0.00701785082372817,1.29952772171403,1.14522428384399,0.154303437870035,"Higher in Dry"
"PWY3O-4107","NAD salvage pathway V (PNC V cycle)","Biosynthesis / cellular components","Cofactor / vitamin metabolism",0.000187240902153855,0.860900518670828,0.671771712618498,0.18912880605233,"Higher in Dry"
"PWY490-3","nitrate reduction VI (assimilatory)","Substrate utilization / nutrient cycling","Nitrogen metabolism",0.0429533290066475,0.388153102105907,0.269449150084832,0.118703952021075,"Higher in Dry"
"PWY66-367","ketogenesis","Energy metabolism","Energy / central carbon metabolism",2.05094797679835e-06,-1.26238967998559,-0.819271057017333,-0.443118622968257,"Higher in Wet"
"PWY66-388","ceramide degradation by &alpha;-oxidation","Biosynthesis / cellular components","Lipid metabolism",2.45653298605771e-14,-0.952689539039385,-2.15793293948179,1.2052434004424,"Higher in Dry"
"PWY66-389","phytol degradation","Biosynthesis / cellular components","Lipid metabolism",1.80357448268453e-24,2.69778137635695,2.23713455118371,0.460646825173242,"Higher in Dry"
"PWY66-391","fatty acid &beta;-oxidation VI (mammalian peroxisome)","Biosynthesis / cellular components","Lipid metabolism",3.32806570395945e-12,0.407712734124003,-0.11773041908612,0.525443153210123,"Higher in Dry"
"PWY66-409","superpathway of purine nucleotide salvage","Biosynthesis / cellular components","Nucleotide metabolism",5.15248783802192e-05,1.24139944099411,1.06741227857502,0.173987162419099,"Higher in Dry"
"PWY6666-2","dopamine degradation","Substrate utilization / nutrient cycling","Organic acid / small-molecule metabolism",6.84462913370264e-11,-1.6936274463153,-2.66968340362922,0.976055957313928,"Higher in Dry"
"PYRIDOXSYN-PWY","pyridoxal 5'-phosphate biosynthesis I","Biosynthesis / cellular components","Cofactor / vitamin metabolism",5.36144475011041e-24,-1.68304527924386,-0.135286561179801,-1.54775871806406,"Higher in Wet"
"REDCITCYC","TCA cycle VI (Helicobacter)","Energy metabolism","Energy / central carbon metabolism",0.000403961722747909,0.473119172183171,0.119736012588381,0.35338315959479,"Higher in Dry"
"RHAMCAT-PWY","L-rhamnose degradation I","Substrate utilization / nutrient cycling","Carbohydrate metabolism",5.8049288624404e-10,0.392328946364715,-0.102991434137638,0.495320380502353,"Higher in Dry"
"RUMP-PWY","formaldehyde oxidation I","Energy metabolism","Energy / central carbon metabolism",0.000219915334632057,-1.43531794679261,-1.20210792709593,-0.233210019696677,"Higher in Wet"
"SALVADEHYPOX-PWY","adenosine nucleotides degradation II","Biosynthesis / cellular components","Nucleotide metabolism",1.4631791925246e-16,1.8420479302925,1.44796458918293,0.39408334110957,"Higher in Dry"
"SER-GLYSYN-PWY","superpathway of L-serine and glycine biosynthesis I","Biosynthesis / cellular components","Amino acid metabolism",1.1295341874649e-05,1.79299689958593,1.57309821205569,0.219898687530235,"Higher in Dry"
"SO4ASSIM-PWY","assimilatory sulfate reduction I","Substrate utilization / nutrient cycling","Sulfur metabolism",0.0439164602588626,1.30190647225244,1.1785888663961,0.123317605856334,"Higher in Dry"
"THRESYN-PWY","superpathway of L-threonine biosynthesis","Biosynthesis / cellular components","Amino acid metabolism",0.0226814560963557,1.58912812509536,1.46163786855158,0.12749025654378,"Higher in Dry"
"TOLUENE-DEG-3-OH-PWY","toluene degradation to 2-hydroxypentadienoate (via 4-methylcatechol)","Substrate utilization / nutrient cycling","Aromatic compound metabolism",0.0112626999683407,-2.56058161424498,-2.29865888706464,-0.261922727180334,"Higher in Wet"
"URDEGR-PWY","superpathway of allantoin degradation in plants","Substrate utilization / nutrient cycling","Nitrogen metabolism",6.81026961849331e-08,-0.270182438578033,-0.654219237998308,0.384036799420274,"Higher in Dry"
"URSIN-PWY","ureide biosynthesis","Substrate utilization / nutrient cycling","Nitrogen metabolism",2.09359865400481e-53,1.15134067728587,0.350225894390721,0.801114782895151,"Higher in Dry"
"VALSYN-PWY","L-valine biosynthesis","Biosynthesis / cellular components","Amino acid metabolism",0.00454124483378805,1.8930454167691,1.73496774789716,0.158077668871943,"Higher in Dry"
