ASV_ID,Kingdom,Phylum,Class,Order,Family,Genus,Species
64c4c7745e7b17652dfc185a61d02df3,Fungi,Ascomycota,Pezizomycotina_cls_Incertae_sedis,Pezizomycotina_ord_Incertae_sedis,Pezizomycotina_fam_Incertae_sedis,Tricellula,Tricellula_sp
a454bc7fbf4df385001f5648685701b7,Fungi,Glomeromycota,Glomeromycetes,Glomerales,Glomeraceae,Glomus,Glomus_sp
5a8e0f18e7d6dca292cc44c99abc07c0,Fungi,Ascomycota,Sordariomycetes,Hypocreales,Stachybotryaceae,Stachybotryaceae_gen_Incertae_sedis,Stachybotryaceae_sp
7ee7f26f1afb97219f3362d5cdc11285,Fungi,Ascomycota,Dothideomycetes,Pleosporales,Sporormiaceae,Preussia,Preussia_funiculata
88c50c2510e16178ce7229b40bcaf5ce,Fungi,,,,,,
4a2b73aa59663378f8fa68e1919809ad,Fungi,Ascomycota,Dothideomycetes,Pleosporales,Pleosporales_fam_Incertae_sedis,Pleosporales_gen_Incertae_sedis,Pleosporales_sp
3bd99dc056ed5bbaee884b763b12bde3,Fungi,Ascomycota,Sordariomycetes,Hypocreales,Stachybotryaceae,,
6d837318cd75c2b9e8f5d0a1cc91c5f3,Fungi,Chytridiomycota,Chytridiomycetes,Chytridiomycetes_ord_Incertae_sedis,Chytridiomycetes_fam_Incertae_sedis,Olpidiaster,Olpidiaster_brassicae
b38af7f1359407cce495f891352be1c0,Fungi,Ascomycota,Pezizomycetes,Pezizales,Pezizales_fam_Incertae_sedis,Pezizales_gen_Incertae_sedis,Pezizales_sp
2d783fc0a24c9350fd6e4c008ade61f1,Fungi,Ascomycota,Eurotiomycetes,Eurotiales,Aspergillaceae,Penicillium,Penicillium_raistrickii
6a96695bd5f30d731a7a7496af3ab47e,Fungi,Basidiomycota,Agaricomycetes,,,,
ac1ceae3d25b326d8a2674141b904822,Fungi,Ascomycota,Sordariomycetes,Hypocreales,Nectriaceae,Ilyonectria,Ilyonectria_robusta
10cd0dd5b27c5c530de08904bde367ac,Fungi,Ascomycota,Dothideomycetes,Pleosporales,Pleosporaceae,Alternaria,Alternaria_embellisia
ad2fdd3a85b0f868191173d0b0695c73,Fungi,Ascomycota,Leotiomycetes,Helotiales,Helotiales_fam_Incertae_sedis,Cistella,Cistella_sp
c06dca33c44e80a63c82e75b5be8cd86,Fungi,Glomeromycota,Glomeromycetes,Glomerales,Glomeraceae,Rhizophagus,Rhizophagus_sp
a9b54be2960f57595914b1efee00b138,Fungi,Ascomycota,Orbiliomycetes,Orbiliales,Orbiliaceae,Arthrobotrys,Arthrobotrys_koreensis
72c6b23e6e129982fa5ccb88e7ba3a8a,Fungi,Ascomycota,Eurotiomycetes,Chaetothyriales,Cyphellophoraceae,Cyphellophora,
ef46ec73099347722cf91ff1bee30049,Fungi,Ascomycota,Orbiliomycetes,Orbiliales,Orbiliaceae,Dactylella,Dactylella_sp
cd3620da2110e5d964907734ce6f9e5e,Fungi,Ascomycota,Leotiomycetes,Helotiales,Helotiales_fam_Incertae_sedis,,
c77d168d454c013c802a4ada5ebe5d79,Fungi,Ascomycota,Dothideomycetes,Pleosporales,Cucurbitariaceae,Pyrenochaeta,Pyrenochaeta_sp
8b2aa9ea4055195a327daa90f1c07c5f,Fungi,Ascomycota,Leotiomycetes,Helotiales,,,
a92bcb622bb266d15498da179ff4c743,Fungi,Ascomycota,Dothideomycetes,,,,
5973b73885a45ec80b9c9714b4435431,Fungi,Ascomycota,Sordariomycetes,Hypocreales,Ophiocordycipitaceae,Harposporium,
82118b570006060cacb06b33a0751781,Fungi,Ascomycota,Sordariomycetes,Hypocreales,Nectriaceae,Fusarium,
8ce08f5a63c413f35a5b3759cf6f2992,Fungi,Ascomycota,Dothideomycetes,Pleosporales,Phaeosphaeriaceae,Neosetophoma,Neosetophoma_buxi
9f557d40df35f0c0978091b17fcdc777,Fungi,Ascomycota,Pezizomycotina_cls_Incertae_sedis,Pezizomycotina_ord_Incertae_sedis,Pezizomycotina_fam_Incertae_sedis,Spermospora,Spermospora_zeae
7eae6ed747bedc6a47572a190aa5770f,Fungi,Ascomycota,,,,,
1cbd4a8a7e037e6ea3baacc10ac6e08e,Fungi,Basidiomycota,Tremellomycetes,Filobasidiales,Filobasidiaceae,Filobasidium,Filobasidium_chernovii
2a19ee960c01e8eb74e7670853109519,Fungi,Ascomycota,Dothideomycetes,Pleosporales,Lentitheciaceae,Lentitheciaceae_gen_Incertae_sedis,Lentitheciaceae_sp
354e5fc49cc596c5273cf06ab393994c,Fungi,Basidiomycota,Agaricomycetes,,,,
e3ba9a52c9e63ed40148a3757005031e,Fungi,Basidiomycota,Agaricomycetes,Agaricales,Mycenaceae,Hemimycena,Hemimycena_subimmaculata
1f13d9ba378e414ce2708e7cab16dd53,Fungi,Basidiomycota,Agaricomycetes,Sebacinales,Serendipitaceae,Serendipita,Serendipita_sp
aa52e53101323b1d05f8c4c6834dd1e2,Fungi,Ascomycota,Sordariomycetes,Hypocreales,Nectriaceae,Fusarium,
ae93ea83ac38a66335d56cee3b7ac634,Fungi,Glomeromycota,Glomeromycetes,Glomerales,Glomeraceae,Funneliformis,Funneliformis_mosseae
db54a1e37e9d413560690921568662ba,Fungi,Basidiomycota,Agaricomycetes,Agaricales,Agaricales_fam_Incertae_sedis,Calyptella,Calyptella_sp
05103bd02bf280ace3334412ea9d5e45,Fungi,Ascomycota,Sordariomycetes,Hypocreales,Stachybotryaceae,Achroiostachys,
211ab004af877395e2d7d1048dd4fa67,Fungi,Ascomycota,Sordariomycetes,Savoryellales,Savoryellaceae,Savoryella,Savoryella_sp
b7e7581148b58c10a03bf40ebda79641,Fungi,Ascomycota,Leotiomycetes,Helotiales,,,
29a8dbf33dd842382f811771519c2e71,Fungi,Mortierellomycota,Mortierellomycetes,Mortierellales,Mortierellaceae,Linnemannia,Linnemannia_nimbosa
6a0e3aee96bfc2772cd53575935a9820,Fungi,Ascomycota,Dothideomycetes,Pleosporales,Pleosporaceae,Alternaria,
2b03aae15f42b53ba1384634d08cb6cb,Fungi,Ascomycota,Dothideomycetes,Pleosporales,Lophiostomataceae,Biappendiculispora,Biappendiculispora_sp
dd53217d6ff6f4c5eef8dd17874c8999,Fungi,Ascomycota,Dothideomycetes,Mycosphaerellales,Mycosphaerellaceae,Cercospora,Cercospora_sp
7d727a428792fb6a09e8f220cbaca0aa,Fungi,Ascomycota,Dothideomycetes,Pleosporales,Testudinaceae,Testudinaceae_gen_Incertae_sedis,Testudinaceae_sp
84f6998f9b93aef37ee9f2ca8995f0cd,Fungi,Mortierellomycota,Mortierellomycetes,Mortierellales,Mortierellaceae,Mortierella,Mortierella_lapis
34752cd6e43ebc50e7dcf3a6ee83722e,Fungi,Ascomycota,Sordariomycetes,Glomerellales,Plectosphaerellaceae,Plectosphaerella,Plectosphaerella_plurivora
9a13cde63c6bf8c523f4f6898b7ce61b,Fungi,Basidiomycota,Tremellomycetes,Tremellales,Bulleribasidiaceae,Vishniacozyma,Vishniacozyma_heimaeyensis
b2a05089fbfba1cd8284d72886e80ce3,Fungi,Basidiomycota,Agaricomycetes,Sebacinales,Serendipitaceae,Serendipita,Serendipita_sp
919c4c9bffb11939b73c5738951d4428,Fungi,Ascomycota,Leotiomycetes,Helotiales,,,
3494bf92fca823401051bcff92fd1bed,Fungi,Ascomycota,Dothideomycetes,Mycosphaerellales,Dissoconiaceae,Dissoconium,
420f4b9d5d4c17478df07d728e3e9188,Fungi,Basidiomycota,Agaricomycetes,Agaricales,Mycenaceae,Hemimycena,Hemimycena_subimmaculata
177eb91c8a0b93f4ccb1cf1b60c75c71,Fungi,Ascomycota,Sordariomycetes,Sordariales,,,
2a6b98415a5e77c9d0ec58b723c69843,Fungi,Ascomycota,Sordariomycetes,Hypocreales,Hypocreales_fam_Incertae_sedis,Hypocreales_gen_Incertae_sedis,Hypocreales_sp
694afa72da35208b93d6307d0afcc1d8,Fungi,Ascomycota,Dothideomycetes,Pleosporales,Testudinaceae,Testudinaceae_gen_Incertae_sedis,Testudinaceae_sp
22fa5b7d50ebda43e46f0dd9ac56e656,Fungi,Ascomycota,Dothideomycetes,Pleosporales,Sporormiaceae,Sporormiaceae_gen_Incertae_sedis,Sporormiaceae_sp
4fdabc2187e40177e9d481e58e6f8e65,Fungi,Ascomycota,Eurotiomycetes,Eurotiales,Aspergillaceae,Penicillium,Penicillium_roseopurpureum
94f2cd3c6f34e577e081654cee2f2c96,Fungi,Ascomycota,Dothideomycetes,Pleosporales,Didymellaceae,,
3ba4a04814377facbfa819d2e5175463,Fungi,Ascomycota,Leotiomycetes,Helotiales,,,
dfb6d38195f44945c16106c58268d49d,Fungi,Ascomycota,Dothideomycetes,Pleosporales,Phaeosphaeriaceae,Paraphoma,Paraphoma_radicina
41f99f95cd2352dcba43e38f3681cc47,Fungi,Ascomycota,Leotiomycetes,Helotiales,Helotiales_fam_Incertae_sedis,Leohumicola,Leohumicola_sp
a9dbbcc83ad2537b4872125055400f7d,Fungi,Glomeromycota,Glomeromycetes,Glomerales,Glomeraceae,Rhizophagus,
ef0ec794d389586326dd3f1da875035f,Fungi,Ascomycota,Eurotiomycetes,Chaetothyriales,,,
f3f2771cd358d2e061667c8b206c444b,Fungi,Ascomycota,Sordariomycetes,Hypocreales,Stachybotryaceae,Stachybotryaceae_gen_Incertae_sedis,Stachybotryaceae_sp
363897ce7311b1ec4d318aa94bd02293,Fungi,Ascomycota,Dothideomycetes,Pleosporales,Sporormiaceae,Preussia,Preussia_terricola
fdb0d4aa1d2c914f92d1d933d0d07664,Fungi,Ascomycota,Sordariomycetes,Sordariales,Lasiosphaeriaceae,Apiosordaria,Apiosordaria_sp
42551b4639aff66a99540d847c077369,Fungi,Ascomycota,Sordariomycetes,Hypocreales,Ophiocordycipitaceae,Purpureocillium,
8efd5c16c20117e065b270a2c671b98f,Fungi,Ascomycota,Leotiomycetes,Helotiales,Helotiales_fam_Incertae_sedis,Tetracladium,Tetracladium_sp
6a68c24698211d69cd420e0aa0c773c7,Fungi,Basidiomycota,Tremellomycetes,Filobasidiales,Filobasidiaceae,Filobasidium,Filobasidium_floriforme
80ae0d452c3649b08e308c50d2981319,Fungi,Basidiomycota,Tremellomycetes,Tremellales,Bulleribasidiaceae,Vishniacozyma,Vishniacozyma_psychrotolerans
0e0371d2cdeb6bd83ef2e4ab0e7d59c3,Fungi,Basidiomycota,Agaricomycetes,Agaricales,Marasmiaceae,Tetrapyrgos,Tetrapyrgos_atrocyanea
4082ec400fad6283685b299998e9d1d2,Fungi,Ascomycota,Sordariomycetes,Hypocreales,Nectriaceae,Fusarium,Fusarium_andiyazi
2c22b6e8097a4ba8b7bb5a3689479cad,Fungi,Ascomycota,Dothideomycetes,Minutisphaerales,Minutisphaeraceae,Minutisphaera,Minutisphaera_sp
04762bb6f9639b431bd6bfbe4bf58fd9,Fungi,Ascomycota,Sordariomycetes,Hypocreales,Stachybotryaceae,Striaticonidium,Striaticonidium_brachysporum
a3b0c8c314608689716b58e3fb7d9e6f,Fungi,Basidiomycota,Agaricomycetes,Sebacinales,Serendipitaceae,,
5dcaad4f3d7ea69acaa5440c14f251c9,Fungi,Ascomycota,Dothideomycetes,Pleosporales,Pseudomassarinaceae,Pseudomassarina,Pseudomassarina_clematidis
0b55ac614e7abb5e10a30f3fa71e3861,Fungi,Ascomycota,Ascomycota_cls_Incertae_sedis,Ascomycota_ord_Incertae_sedis,Ascomycota_fam_Incertae_sedis,Mirandina,Mirandina_sp
d1af6280453d7af3784d43dde46c43ba,Fungi,Ascomycota,Sordariomycetes,Myrmecridiales,Myrmecridiaceae,Myrmecridium,Myrmecridium_schulzeri
d35d1562311d4cf450a642426b963521,Fungi,,,,,,
4c99c1540f81dc41325414a95354c52e,Fungi,Ascomycota,Archaeorhizomycetes,Archaeorhizomycetales,Archaeorhizomycetaceae,Archaeorhizomyces,Archaeorhizomyces_sp
7a9bae337c635dd97866b383d7dc3f7c,Fungi,Ascomycota,Sordariomycetes,Magnaporthales,Ophioceraceae,Ophioceraceae_gen_Incertae_sedis,Ophioceraceae_sp
50f1ff27bf28e7532003cb8782b7e861,Fungi,Glomeromycota,Glomeromycetes,Glomerales,Glomeraceae,Rhizophagus,Rhizophagus_sp
99c48194bd1d3f83a14381666fcc6a4f,Fungi,Ascomycota,Leotiomycetes,Helotiales,Calloriaceae,Calloriaceae_gen_Incertae_sedis,Calloriaceae_sp
f44c621fc913e47f97b8cd4891675cd2,Fungi,Ascomycota,Eurotiomycetes,Chaetothyriales,,,
cfcfd995dbc89e2ad840edea9d442509,Fungi,Ascomycota,Dothideomycetes,Pleosporales,Lentitheciaceae,Darksidea,
7eb7c65cdcaa34253131e1c6f51731b4,Fungi,Ascomycota,Pezizomycotina_cls_Incertae_sedis,Pezizomycotina_ord_Incertae_sedis,Pezizomycotina_fam_Incertae_sedis,Pezizomycotina_gen_Incertae_sedis,Pezizomycotina_sp
c3de67326a457822e25335604b0b075e,Fungi,Glomeromycota,Glomeromycetes,Glomerales,Glomeraceae,Rhizophagus,Rhizophagus_irregularis
7e80bddac576bf30fd27a7656cbae8f6,Fungi,Ascomycota,Sordariomycetes,Sordariales,Podosporaceae,Cladorrhinum,
a860ecea51ff1490fe8cf78debe72024,Fungi,Ascomycota,Sordariomycetes,Hypocreales,Hypocreales_fam_Incertae_sedis,Hypocreales_gen_Incertae_sedis,Hypocreales_sp
4bc96df48218aebc48495f59a04dcacf,Fungi,Ascomycota,Sordariomycetes,Hypocreales,Bionectriaceae,Nectriella,Nectriella_adonidis
ab0b0303e96938cc94e1dc911dc65716,Fungi,,,,,,
7495fc5a3169530c804978de5872659c,Fungi,Glomeromycota,Glomeromycetes,Glomerales,Glomeraceae,Funneliformis,Funneliformis_mosseae
51775ae3f7b8c6ea66bc3d0ff50a4f1f,Fungi,Ascomycota,,,,,
5f5ef71f101f26c10d983dc64d0853ec,Fungi,,,,,,
b2dac3812ae2705b153196c4edbcdb32,Fungi,Ascomycota,Dothideomycetes,Mycosphaerellales,Mycosphaerellaceae,Cercospora,Cercospora_sp
8ca021d1c882001daf600535628b87b2,Fungi,Ascomycota,Dothideomycetes,Pleosporales,Didymosphaeriaceae,Paraphaeosphaeria,Paraphaeosphaeria_michotii
e8ac4868e541e58427971b675398cf9b,Fungi,Ascomycota,Sordariomycetes,Sordariales,Chaetomiaceae,Humicola,Humicola_repens
0d7737e2f216713fd84751b3b0001959,Fungi,Ascomycota,Sordariomycetes,Hypocreales,Nectriaceae,Fusarium,Fusarium_merkxianum
4541010e26b024df3baa0706f3960fca,Fungi,Ascomycota,,,,,
27168fab1401bc08f00687edc97af6f6,Fungi,Ascomycota,Sordariomycetes,Branch06,Branch06_fam_Incertae_sedis,Branch06_gen_Incertae_sedis,Branch06_sp
efd5f02b7b192652a165ba3bc9add897,Fungi,Ascomycota,Eurotiomycetes,Chaetothyriales,Herpotrichiellaceae,Rhinocladiella,Rhinocladiella_sp
1429334b3b776c0c366ccbad5493cb22,Fungi,Ascomycota,Sordariomycetes,Hypocreales,Nectriaceae,Fusarium,
e7e684bab7ca885aa148684435e45adc,Fungi,Ascomycota,Dothideomycetes,Pleosporales,Didymosphaeriaceae,Pseudopithomyces,Pseudopithomyces_rosae
9a6ce9d42b5a84b6f8f74c135756d904,Fungi,Ascomycota,Sordariomycetes,Hypocreales,Stachybotryaceae,Stachybotryaceae_gen_Incertae_sedis,Stachybotryaceae_sp
6cd8cf96fe0efab6f4e3a808ff686f84,Fungi,Glomeromycota,Glomeromycetes,Glomerales,Glomeraceae,Microdominikia,Microdominikia_sp
8f049a222de79fe454fe6bbcded3ad0c,Fungi,Ascomycota,Pezizomycetes,Pezizales,Pyronemataceae,Smardaea,Smardaea_planchonis
1fcfd25c0a7b43caad71cf843fe4b99c,Fungi,Ascomycota,Sordariomycetes,Microascales,Microascaceae,Cephalotrichum,Cephalotrichum_telluricum
1e54178dadb23ac69e4195e4f8f58cda,Fungi,Ascomycota,Sordariomycetes,Myrmecridiales,Myrmecridiaceae,Myrmecridium,Myrmecridium_schulzeri
475c34239eb859e06537ad825a3ce602,Fungi,Ascomycota,,,,,
358b61b74b6df35f7fc13cd617d3fc86,Fungi,Basidiomycota,Tremellomycetes,Tremellales,Bulleribasidiaceae,Vishniacozyma,Vishniacozyma_tephrensis
23a750d3653ac80aa9d79861543c296b,Fungi,Basidiomycota,Agaricomycetes,Auriculariales,,,
fad7d241c19f462782ecf1328c0fbae1,Fungi,Ascomycota,Leotiomycetes,Helotiales,,,
97c2f73cc5fe7cb679b43cffb2643d6e,Fungi,Ascomycota,Sordariomycetes,Hypocreales,Stachybotryaceae,Stachybotryaceae_gen_Incertae_sedis,Stachybotryaceae_sp
f48bbb0069d04b7b3124114d060b3a43,Fungi,Basidiomycota,Agaricomycetes,Agaricales,Mycenaceae,Hemimycena,Hemimycena_subimmaculata
f2a3cda61613aa4fcbfeb7c1d10d1381,Fungi,Ascomycota,Archaeorhizomycetes,Archaeorhizomycetales,Archaeorhizomycetaceae,Archaeorhizomyces,Archaeorhizomyces_sp
e3ed015d0685f45464ef9adabd7f0ef0,Fungi,Ascomycota,Dothideomycetes,Dothideomycetes_ord_Incertae_sedis,Dothideomycetes_fam_Incertae_sedis,Oncopodiella,Oncopodiella_sp
e86480095aefb655f6e13084eeb1ca57,Fungi,Ascomycota,Dothideomycetes,Mycosphaerellales,Teratosphaeriaceae,Teratosphaeriaceae_gen_Incertae_sedis,Teratosphaeriaceae_sp
99f427ae78765ce0f352ac13d6306da9,Fungi,Basidiomycota,Agaricomycetes,Auriculariales,Oliveoniaceae,Oliveonia,Oliveonia_sp
36bb0aa45605bf6b5623535aee861b16,Fungi,Ascomycota,Sordariomycetes,,,,
d15539e7d1f5dcada02f3e189d7e0353,Fungi,Ascomycota,Dothideomycetes,Pleosporales,Didymosphaeriaceae,Laburnicola,Laburnicola_sp
4ffee3875ab15a38f19699e2be1ce9e3,Fungi,Ascomycota,Dothideomycetes,Pleosporales,Phaeosphaeriaceae,Paraphoma,
f33782bbac6465aeba1b70812d4d552a,Fungi,Ascomycota,Sordariomycetes,Sordariales,Lasiosphaeriaceae,Apiosordaria,Apiosordaria_sp
80f469bec54d66d0d62438ce8818c6b8,Fungi,,,,,,
cbf068b0d7b0efb86ac59b0b067ed47f,Fungi,Ascomycota,Eurotiomycetes,Chaetothyriales,Herpotrichiellaceae,,
ecf77452f203c97d6d4810039694d49e,Fungi,Ascomycota,Dothideomycetes,Mycosphaerellales,Mycosphaerellaceae,Ramularia,
0d3b5198193d30302f32e1ee29c21fb9,Fungi,Ascomycota,Dothideomycetes,Pleosporales,Phaeosphaeriaceae,Ophiosphaerella,Ophiosphaerella_narmari
161ae4b635f9294f23b4de5cd064ec0a,Fungi,Ascomycota,Sordariomycetes,Hypocreales,Nectriaceae,Fusarium,Fusarium_humuli
b9eba8d78548d902f6bedb67ba27d20f,Fungi,Ascomycota,Sordariomycetes,Sordariales,Lasiosphaeriaceae,Apiosordaria,Apiosordaria_sp
86bbac70556f3fdf43718a7a8609da19,Fungi,Mortierellomycota,Mortierellomycetes,Mortierellales,Mortierellaceae,Mortierella,
a82ba8177d25949d9029e590b43e616a,Fungi,,,,,,
f73dc0aea640c40a0647f844cd595e5f,Fungi,Ascomycota,Sordariomycetes,Sordariales,Lasiosphaeriaceae,Apiosordaria,Apiosordaria_sp
a83ab6d14959f15b7efed5020e0624f3,Fungi,Ascomycota,Sordariomycetes,Hypocreales,Hypocreales_fam_Incertae_sedis,Hypocreales_gen_Incertae_sedis,Hypocreales_sp
8a4b06514300a4895d07fc0c517418fa,Fungi,Ascomycota,Archaeorhizomycetes,Archaeorhizomycetales,Archaeorhizomycetaceae,Archaeorhizomyces,Archaeorhizomyces_sp
8d4425d7b020fb3813f0170fd762dd8b,Fungi,Basidiomycota,Agaricomycetes,Sebacinales,Sebacinaceae,Paulisebacina,Paulisebacina_allantoidea
4b4db96b5fccaf944a14c2033e3dc969,Fungi,Ascomycota,Pezizomycetes,Pezizales,Pezizales_fam_Incertae_sedis,Pezizales_gen_Incertae_sedis,Pezizales_sp
c9dba5963ac27ab6116672e414209c20,Fungi,Ascomycota,Leotiomycetes,Helotiales,,,
8b590c3a35e1275aa14cccbc609788f0,Fungi,Ascomycota,Dothideomycetes,Pleosporales,Pleosporaceae,Curvularia,Curvularia_inaequalis
6de6ab0aa50f9333302615248a1f56dc,Fungi,Ascomycota,Dothideomycetes,Botryosphaeriales,Botryosphaeriaceae,Macrophomina,Macrophomina_sp
02529e51c3960e94cebebd7167de9091,Fungi,Glomeromycota,Glomeromycetes,Glomerales,Glomeraceae,Rhizophagus,Rhizophagus_sp
cf49190863c67052e294bc560608f15d,Fungi,Ascomycota,,,,,
9d573ea34130eb348ecbea9ae4d49c23,Fungi,Basidiomycota,Agaricomycetes,Sebacinales,Serendipitaceae,Serendipita,Serendipita_sp
b063b88fc62067e649e6465093e6289b,Fungi,Ascomycota,Sordariomycetes,Sordariales,Chaetomiaceae,,
3d5dd4af0b00d9b82c1431e26dd15c75,Fungi,Ascomycota,Sordariomycetes,Sordariales,Podosporaceae,Podospora,Podospora_sp
09f9cdc61da57b8c1d4a8f9a8e530bc7,Fungi,Ascomycota,Sordariomycetes,Hypocreales,Ophiocordycipitaceae,Hirsutella,Hirsutella_minnesotensis
5a7a6b54f4b1ab0925908b58e4c3d010,Fungi,Basidiomycota,Agaricomycetes,Agaricales,Psathyrellaceae,Psathyrella,Psathyrella_panaeoloides
1ac3d165e7e99a7d1086ff6cd5a6eedf,Fungi,Ascomycota,Dothideomycetes,Pleosporales,Didymosphaeriaceae,Laburnicola,Laburnicola_sp
53aced87037f5379b8e5f100fb886abd,Fungi,Ascomycota,Sordariomycetes,Hypocreales,Bionectriaceae,Protocreopsis,Protocreopsis_rutila
e9d861af223ec70c9c687f0fc06619d1,Fungi,Ascomycota,Sordariomycetes,Hypocreales,Nectriaceae,Fusarium,
93864067512cb1b7186f2d08e9e65a6e,Fungi,,,,,,
60c4503cc5091926c0fe5039f5800884,Fungi,Ascomycota,Dothideomycetes,Pleosporales,Phaeosphaeriaceae,Paraphoma,Paraphoma_pye
5a2ad356091ececd145655fe34e0e6ec,Fungi,Ascomycota,Sordariomycetes,Sordariales,Podosporaceae,Podospora,Podospora_sp
6bc40377b677d5bc91fea6f642534f1b,Fungi,,,,,,
4fbb4e956abe057c23855dc3aff42015,Fungi,Ascomycota,,,,,
7e1bed3754564ad4be7b5af3034713ec,Fungi,Ascomycota,Dothideomycetes,Pleosporales,Phaeosphaeriaceae,Paraphoma,Paraphoma_radicina
6378111ada62b59a2f7cc40c8a9cf978,Fungi,Ascomycota,Sordariomycetes,Hypocreales,Niessliaceae,Niesslia,Niesslia_ligustica
5dcfdd17bf635f9074c2bc3ab9ec3e22,Fungi,Ascomycota,Sordariomycetes,,,,
b84d6f9f10d59c7eac755c86ac44b80f,Fungi,Basidiomycota,Tremellomycetes,Filobasidiales,Piskurozymaceae,Solicoccozyma,Solicoccozyma_terrea
2f69afff0fd14c97dc23ea9b0410d8aa,Fungi,Ascomycota,Dothideomycetes,Pleosporales,Corynesporascaceae,Corynespora,Corynespora_sp
2099161ade7d0964a44675be6a3f0670,Fungi,Basidiomycota,Agaricomycetes,Agaricales,Psathyrellaceae,Psathyrella,Psathyrella_panaeoloides
066857f0993123c92e8003e89f0d5245,Fungi,Ascomycota,Dothideomycetes,Pleosporales,Phaeosphaeriaceae,Paraphoma,Paraphoma_chlamydocopiosa
60ddcfe81120f7e792329572cf7ac536,Fungi,Ascomycota,Dothideomycetes,Pleosporales,Didymosphaeriaceae,,
5aec569cbee893a4d1449e36912424f7,Fungi,Glomeromycota,Glomeromycetes,Glomerales,Glomeraceae,Kamienskia,Kamienskia_sp
614523b2b947f178713286c752985848,Fungi,Ascomycota,Dothideomycetes,Mycosphaerellales,Teratosphaeriaceae,Teratosphaeriaceae_gen_Incertae_sedis,Teratosphaeriaceae_sp
c00b35fba5a0fc4006205d6130babe7f,Fungi,Ascomycota,Sordariomycetes,Magnaporthales,Magnaporthaceae,Slopeiomyces,Slopeiomyces_cylindrosporus
b52ad1048b2bde9452e1cb57ad175d02,Fungi,Ascomycota,Dothideomycetes,Mycosphaerellales,Neodevriesiaceae,Neodevriesia,
090c1374753ab9590e3c0c41b3a934fa,Fungi,Ascomycota,Dothideomycetes,Pleosporales,Lentitheciaceae,Lentitheciaceae_gen_Incertae_sedis,Lentitheciaceae_sp
5382809cd1770322d5b9f2bad89e9ffc,Fungi,Ascomycota,Leotiomycetes,Helotiales,Dermateaceae,Pezicula,
5b68f075fda5c2094b49248055b1989d,Fungi,Basidiomycota,Agaricomycetes,Sebacinales,Serendipitaceae,Serendipita,Serendipita_sp
67685e53add4cf07ba3e22f5decef899,Fungi,Basidiomycota,Agaricomycetes,Auriculariales,Oliveoniaceae,Oliveonia,Oliveonia_sp
e399dc7c0823811b06f9eea10fa4ea6c,Fungi,Ascomycota,Dothideomycetes,Cladosporiales,Cladosporiaceae,Cladosporium,Cladosporium_cladosporioides
0684981802791d3f2a83682811595e50,Fungi,Glomeromycota,Glomeromycetes,Glomerales,Glomeraceae,Rhizophagus,Rhizophagus_sp
67b7cba9ec78b33b6e85d2e2eb577eee,Fungi,,,,,,
feb1f0d07662c56d349c16dd3d1ccd36,Fungi,Ascomycota,Sordariomycetes,Hypocreales,Stachybotryaceae,Stachybotryaceae_gen_Incertae_sedis,Stachybotryaceae_sp
1e4911df12a62159e3c9977139b88f2e,Fungi,Ascomycota,Sordariomycetes,Hypocreales,Nectriaceae,Fusarium,Fusarium_acuminatum
5d03fef35191ba77df0603173eea9a5d,Fungi,Ascomycota,Sordariomycetes,Sordariales,Lasiosphaeriaceae,Zopfiella,Zopfiella_sp
4e3da7d45b285d4c594b426a326ec3c2,Fungi,,,,,,
64f7a8e07a9d3b31dbb4bda5ecb5d0c5,Fungi,Glomeromycota,Glomeromycetes,Glomerales,Glomeraceae,Rhizophagus,Rhizophagus_sp
e7f8fac1e0d99bf4a88927abe8d31497,Fungi,Ascomycota,Leotiomycetes,Helotiales,,,
4ff65324323fb91d05cb8e01e47e521c,Fungi,Ascomycota,Dothideomycetes,Pleosporales,Didymellaceae,,
128b67721af4dc3a9616b735737e3a59,Fungi,Ascomycota,,,,,
36f6480fc4cf9530034ed25cc4bd106b,Fungi,Ascomycota,Eurotiomycetes,Chaetothyriales,Trichomeriaceae,Bradymyces,Bradymyces_sp
a8bb7d5a46fc8c81c6eafffc0cf9b969,Fungi,Ascomycota,Dothideomycetes,Pleosporales,Cucurbitariaceae,Cucurbitariaceae_gen_Incertae_sedis,Cucurbitariaceae_sp
b1c17a14ce89d6b9cd467d905c97f034,Fungi,Basidiomycota,Tremellomycetes,Tremellales,Bulleribasidiaceae,Vishniacozyma,Vishniacozyma_victoriae
8a38ebb90c11ab13ffced9af9c587060,Fungi,Ascomycota,Dothideomycetes,Pleosporales,Pleosporaceae,Alternaria,Alternaria_oregonensis
e7abce2939f89d563e2d7f3c6d386619,Fungi,Ascomycota,Sordariomycetes,,,,
370cc30afd0dc5e065b424b7b37778ac,Fungi,Ascomycota,Leotiomycetes,Helotiales,Helotiales_fam_Incertae_sedis,Polyphilus,Polyphilus_sp
9d8f4333012e91d1868aaf82ffb06cb7,Fungi,Ascomycota,,,,,
bde822c0b2735de137aaf34f9ecf3070,Fungi,Ascomycota,Pezizomycetes,Pezizales,Ascodesmidaceae,Cephaliophora,Cephaliophora_sp
04c9118863faacd045a52c630d86f7c2,Fungi,Ascomycota,Leotiomycetes,Helotiales,Helotiales_fam_Incertae_sedis,Cistella,Cistella_grevillei
46058c679b4321db316a68e56b9eb377,Fungi,Ascomycota,Sordariomycetes,Hypocreales,Bionectriaceae,Ijuhya,Ijuhya_sp
e3ac9f3a8e9420c5646705867fdd9409,Fungi,Ascomycota,Sordariomycetes,Sordariales,Podosporaceae,Podospora,
2a30e8728dfab126ba7a20e5bdfca1e3,Fungi,Ascomycota,Dothideomycetes,Pleosporales,Didymosphaeriaceae,Laburnicola,Laburnicola_nematophila
5531ff0740f2a66f234804d1e8344ecc,Fungi,Ascomycota,Sordariomycetes,Hypocreales,Bionectriaceae,Verruciconidia,
48312cd7faeaa5cea909f5edd3cc0642,Fungi,Ascomycota,Sordariomycetes,Magnaporthales,Magnaporthaceae,Gaeumannomyces,Gaeumannomyces_graminicola
150ec7aec130f31413bf7fe1f09648dc,Fungi,Basidiomycota,Agaricomycetes,Agaricales,Mycenaceae,Hemimycena,Hemimycena_subimmaculata
1ea94fbd14b49c19f066dcde504e249a,Fungi,Ascomycota,Dothideomycetes,Pleosporales,Periconiaceae,Periconia,
d15d18d842e9048eb7c3b25d0c01ff45,Fungi,Ascomycota,Eurotiomycetes,Chaetothyriales,Chaetothyriales_fam_Incertae_sedis,Chaetothyriales_gen_Incertae_sedis,Chaetothyriales_sp
29accfdd05fabce0f414542cd24846a4,Fungi,Chytridiomycota,Chytridiomycetes,Chytridiomycetes_ord_Incertae_sedis,Chytridiomycetes_fam_Incertae_sedis,Olpidiaster,Olpidiaster_brassicae
f9f6c496c6e4c8172335d6e8cf6e3a2a,Fungi,Ascomycota,Sordariomycetes,Xylariales,Microdochiaceae,Microdochium,Microdochium_trichocladiopsis
4e0797345d4149d7bc31cdce9749b6ba,Fungi,Ascomycota,Sordariomycetes,Hypocreales,Hypocreales_fam_Incertae_sedis,Hypocreales_gen_Incertae_sedis,Hypocreales_sp
567c8b56b0a2bd49920f7a0977057ed2,Fungi,Ascomycota,Dothideomycetes,Pleosporales,Lophiostomataceae,Lophiostoma,
f15e28028fe7cf965e7f290f5aef5f0e,Fungi,Ascomycota,Leotiomycetes,Helotiales,Helotiales_fam_Incertae_sedis,Tetracladium,Tetracladium_sp
f3abf52d233baa58746965fd0402c9f9,Fungi,Ascomycota,Dothideomycetes,Pleosporales,Astrosphaeriellaceae,Pteridiospora,Pteridiospora_sp
5c8fa8a2695806a9a21fb156c4f763e6,Fungi,Ascomycota,Sordariomycetes,Magnaporthales,Magnaporthaceae,Slopeiomyces,Slopeiomyces_cylindrosporus
a1cb0ccfe74f6d2223f074713c860b2b,Fungi,Ascomycota,Eurotiomycetes,Onygenales,Onygenaceae,Castanedomyces,Castanedomyces_australiensis
b9c60407645068e86dfa20788517ae7c,Fungi,Basidiomycota,Agaricomycetes,Agaricales,,,
1518e9e2c7cae57cc9116b837b3e9189,Fungi,Ascomycota,Dothideomycetes,Pleosporales,Didymellaceae,,
cb5909d3b052b49418699d3ef67f2829,Fungi,Ascomycota,Pezizomycotina_cls_Incertae_sedis,Pezizomycotina_ord_Incertae_sedis,Pezizomycotina_fam_Incertae_sedis,Pezizomycotina_gen_Incertae_sedis,Pezizomycotina_sp
0ae06152a4a3559d0571fe2a74af6c5c,Fungi,Ascomycota,,,,,
543b4268552d394a172d4077a77866fa,Fungi,Ascomycota,Dothideomycetes,Pleosporales,Lentitheciaceae,Darksidea,Darksidea_sp
28cba26fe9ec48581384edf8a84b5657,Fungi,Ascomycota,Eurotiomycetes,Chaetothyriales,,,
93486aaa09b89ad75bae758c2bad7156,Fungi,Basidiomycota,Agaricomycetes,Sebacinales,,,
3917bd0718e9b613dfc1484fe56d60c5,Fungi,Ascomycota,Leotiomycetes,Helotiales,Helotiales_fam_Incertae_sedis,Tetracladium,Tetracladium_sp
8a028ac5b709601cedaa63cc2fbd61f6,Fungi,Ascomycota,Eurotiomycetes,Chaetothyriales,Herpotrichiellaceae,Exophiala,Exophiala_sp
60e7a7709e2d2fb0d8f1f55339330305,Fungi,Ascomycota,Sordariomycetes,Hypocreales,Stachybotryaceae,Stachybotryaceae_gen_Incertae_sedis,Stachybotryaceae_sp
8a93e1c00a5f231411d62b8c82d6ffaf,Fungi,Ascomycota,Dothideomycetes,Pleosporales,Melanommataceae,Herpotrichia,Herpotrichia_australis
80da68e2c48536a6f261ec1ba7fcab0b,Fungi,Ascomycota,Eurotiomycetes,Chaetothyriales,Trichomeriaceae,Knufia,Knufia_sp
31784079a9e3f8c80ba971c0374d2a57,Fungi,Ascomycota,Dothideomycetes,Pleosporales,Amniculicolaceae,Pseudomassariosphaeria,Pseudomassariosphaeria_bromicola
bb3629dd0a057fc7f681fbd9b37c539b,Fungi,Ascomycota,Eurotiomycetes,Chaetothyriales,Cyphellophoraceae,Cyphellophora,Cyphellophora_livistonae
f0e7a828de05f103e1d9a98f56a3003b,Fungi,Ascomycota,Dothideomycetes,Pleosporales,Neopyrenochaetaceae,Neopyrenochaeta,Neopyrenochaeta_acicola
ee71c73e5fbdc070fcc0552b11bc96d6,Fungi,Ascomycota,Eurotiomycetes,Chaetothyriales,,,
67843647ce735f988eca5a2e51f94f18,Fungi,Ascomycota,Leotiomycetes,Helotiales,Helotiales_fam_Incertae_sedis,,
5bc8cc40acb097968bfdab22d8c2b14b,Fungi,Ascomycota,Dothideomycetes,Pleosporales,Lentitheciaceae,Darksidea,Darksidea_alpha
694d99ce5dfa2f477767dcc695f256a8,Fungi,,,,,,
5d467d7dc7b52d62bc39d7098d5b5d23,Fungi,Glomeromycota,Glomeromycetes,Glomerales,Glomeraceae,Kamienskia,Kamienskia_sp
cc7c53d8593c32757ae2ca15b00aeead,Fungi,Ascomycota,Dothideomycetes,Mycosphaerellales,Extremaceae,Extremus,Extremus_caricis
1f88d6a18f5c1e57993bae437d41b6b6,Fungi,Basidiomycota,Agaricomycetes,Agaricales,Agaricales_fam_Incertae_sedis,Calyptella,Calyptella_sp
9076c57396fac6a40176be8654e171f6,Fungi,Ascomycota,Leotiomycetes,Helotiales,,,
442da221701c863ba363e0bce2ac09e8,Fungi,Ascomycota,Eurotiomycetes,Chaetothyriales,Trichomeriaceae,Knufia,Knufia_sp
82c4a82e870a5888b4aca8cc81da59f8,Fungi,Basidiomycota,Agaricomycetes,Agaricales,Agaricales_fam_Incertae_sedis,Calyptella,Calyptella_sp
9054c044674b543a5572eb5031ec8073,Fungi,Ascomycota,Sordariomycetes,Hypocreales,Nectriaceae,Thelonectria,Thelonectria_olida
e955e3c0c4a2fdff5f5d3e440582fc96,Fungi,Ascomycota,Sordariomycetes,Sordariales,Lasiosphaeriaceae,Apiosordaria,Apiosordaria_sp
80961bed4a38c83d1e5b14229eac080f,Fungi,Ascomycota,Dothideomycetes,Pleosporales,Delitschiaceae,Delitschiaceae_gen_Incertae_sedis,Delitschiaceae_sp
35e6eb6d0b32c0510632d6cdc3b558f7,Fungi,Ascomycota,,,,,
172ba2bbd024b601190b462304496ca7,Fungi,Ascomycota,Dothideomycetes,Mycosphaerellales,Neodevriesiaceae,Neodevriesia,
e0acdd1e1fe86981ec25a23758c5e034,Fungi,Ascomycota,Eurotiomycetes,Sclerococcales,Dactylosporaceae,Sclerococcum,Sclerococcum_sp
bed2cf695e0745a2d243987352d4c931,Fungi,Ascomycota,Dothideomycetes,Pleosporales,Pseudomassarinaceae,Pseudomassarina,Pseudomassarina_clematidis
7c59a5be2e518ccd827b41a2d5582a5d,Fungi,,,,,,
17c49a8c00d942245599751cf95aa656,Fungi,Ascomycota,Sordariomycetes,Sordariales,Podosporaceae,Podospora,Podospora_sp
cc43d397d9d283877ce0412931052671,Fungi,Ascomycota,Sordariomycetes,Sordariales,Bombardiaceae,Ramophialophora,Ramophialophora_sp
170b5433ef73662707469378a7a80aa5,Fungi,Ascomycota,Dothideomycetes,Pleosporales,Periconiaceae,Periconia,Periconia_macrospinosa
d818af2cec5e8c1dd2dac6568b0ed0a0,Fungi,Ascomycota,Leotiomycetes,Helotiales,Helotiaceae,Glarea,
603073fe2c222278c2ae324440a0225a,Fungi,Ascomycota,,,,,
a51f7ede57bcceca5dba8eb05aaa33ca,Fungi,Ascomycota,Pezizomycotina_cls_Incertae_sedis,Pezizomycotina_ord_Incertae_sedis,Pezizomycotina_fam_Incertae_sedis,Pezizomycotina_gen_Incertae_sedis,Pezizomycotina_sp
a7373c2f8232e31781266ce7653b781a,Fungi,Basidiomycota,Agaricomycetes,Agaricales,Mycenaceae,Hemimycena,Hemimycena_subimmaculata
c11062005149aebcfc362fe52b95931a,Fungi,Ascomycota,Sordariomycetes,Myrmecridiales,Myrmecridiaceae,Myrmecridium,Myrmecridium_schulzeri
95443b8cf3d248c438ab15b284953f2e,Fungi,Glomeromycota,Glomeromycetes,Glomerales,Glomeraceae,Microdominikia,Microdominikia_sp
933d61fa927fc349e6a5b098802c4029,Fungi,Ascomycota,Dothideomycetes,Pleosporales,Amniculicolaceae,Pseudomassariosphaeria,Pseudomassariosphaeria_bromicola
74b057e1fc0e7fd1a45efa6f21774c38,Fungi,Ascomycota,Dothideomycetes,Pleosporales,Melanommataceae,Petrakia,Petrakia_sp
00d0de59276249f2f484eb9ffb7ffdf4,Fungi,Basidiomycota,Agaricomycetes,Auriculariales,,,
77e203c5a9527cd5ce1ea61f7030a9a4,Fungi,Ascomycota,Archaeorhizomycetes,Archaeorhizomycetales,Archaeorhizomycetaceae,Archaeorhizomyces,Archaeorhizomyces_sp
7935a2ffada1a3592b072c3c0a89f370,Fungi,Ascomycota,Sordariomycetes,Magnaporthales,Ophioceraceae,Ophioceraceae_gen_Incertae_sedis,Ophioceraceae_sp
7c7ec146b25b96f5df301cc83c40e54b,Fungi,Ascomycota,Dothideomycetes,Pleosporales,,,
e4fb85adbfa178844940462708845ff8,Fungi,Basidiomycota,Agaricomycetes,Sebacinales,,,
5900b064e3344e744df249f49619e9e5,Fungi,Ascomycota,Sordariomycetes,Sordariales,,,
9aef4a99bb6dee2029fe87faf2a29f6b,Fungi,Basidiomycota,Agaricomycetes,Agaricales,Agaricales_fam_Incertae_sedis,Calyptella,Calyptella_sp
ee68369cb38a3a0cf72304258cc86964,Fungi,Ascomycota,Leotiomycetes,Helotiales,Ploettnerulaceae,,
a3251050e6d0e3f1e9d71940eb42ed9b,Fungi,Ascomycota,Sordariomycetes,Hypocreales,Nectriaceae,Fusarium,Fusarium_asiaticum
daf417f25433cd9a3ba03c059b6c50ed,Fungi,Glomeromycota,Glomeromycetes,Glomerales,Glomeraceae,Rhizophagus,Rhizophagus_sp
7521b7926ec0c8fb84fb4ab2e9b4bc36,Fungi,Ascomycota,Dothideomycetes,Pleosporales,Didymellaceae,,
c495f1565f25368fea001ef041c3f5e7,Fungi,Ascomycota,Sordariomycetes,Hypocreales,Cordycipitaceae,Beauveria,Beauveria_sp
04bd1df4d343052035ad57fb9076834c,Fungi,Basidiomycota,Agaricomycetes,Trechisporales,Hydnodontaceae,Subulicystidium,Subulicystidium_sp
8acbcb67744ea054976bb3e8c4dc8593,Fungi,Ascomycota,Pezizomycetes,Pezizales,Pyronemataceae,Octospora,Octospora_excipulata
3a71f3f5d62492c4956b235ed665909a,Fungi,Ascomycota,Sordariomycetes,Sordariales,Lasiosphaeriaceae,Apiosordaria,Apiosordaria_sp
3a3bbd046ceeda0609d2b218d4c0bf8e,Fungi,Ascomycota,Eurotiomycetes,Chaetothyriales,Cyphellophoraceae,Cyphellophora,Cyphellophora_endoradicis
48b0a3e0ae380490b59cf57499072065,Fungi,Glomeromycota,Glomeromycetes,Glomerales,Glomeraceae,Rhizophagus,
f0dda0dc0db01c26c94bf07561f49bf9,Fungi,Basidiomycota,Tremellomycetes,Tremellales,Bulleribasidiaceae,Vishniacozyma,Vishniacozyma_victoriae
d419a71d7ceb26e3f0229615f140b13e,Fungi,Glomeromycota,Glomeromycetes,Glomerales,Glomeraceae,Kamienskia,Kamienskia_sp
29bd8f570e76e6cd33d9ce8ac59973a6,Fungi,Ascomycota,Sordariomycetes,Ophiostomatales,Ophiostomataceae,Sporothrix,Sporothrix_sclerotialis
3cbb28c433bf902f5895178d5f408448,Fungi,Basidiomycota,Tremellomycetes,Tremellales,Bulleribasidiaceae,Vishniacozyma,Vishniacozyma_tephrensis
8ae5412c6c9c7c841c1b8eaba6adc32a,Fungi,Ascomycota,Sordariomycetes,Hypocreales,Nectriaceae,Fusarium,Fusarium_steppicola
a86f625956713e6642021f198178d505,Fungi,Ascomycota,Sordariomycetes,Phomatosporales,Phomatosporaceae,Phomatospora,Phomatospora_sp
3ebad4f5401bb3c6b6971580714c0653,Fungi,Ascomycota,Dothideomycetes,Pleosporales,Sporormiaceae,Preussia,Preussia_terricola
233f04006d413801859dd16dea0d0101,Fungi,Basidiomycota,Agaricomycetes,Sebacinales,Serendipitaceae,Serendipita,Serendipita_sp
251d115942192161fb4ef2948c61fbca,Fungi,Glomeromycota,Glomeromycetes,Glomerales,Glomeraceae,Rhizophagus,Rhizophagus_irregularis
55882885a67c97612d07b797ba8f732d,Fungi,Basidiomycota,Agaricomycetes,Sebacinales,Serendipitaceae,Serendipita,Serendipita_sp
5dca8cb0150bb472aa8acf417116c9da,Fungi,Ascomycota,Dothideomycetes,Mycosphaerellales,Neodevriesiaceae,Neodevriesia,
bf15c418aef747c5c3cd5d83dd15757f,Fungi,Ascomycota,Sordariomycetes,Phomatosporales,Phomatosporaceae,Phomatospora,Phomatospora_sp
6561c5ab4df5d87e60d1f133b9fa2ffa,Fungi,Glomeromycota,Glomeromycetes,Glomerales,Glomeraceae,Rhizophagus,Rhizophagus_sp
b9a01a9f66fb3bdb3a5a8c2ad6d707ef,Fungi,Ascomycota,Leotiomycetes,Helotiales,,,
e744a2c3eccd5918c2b59907d5616197,Fungi,Ascomycota,Eurotiomycetes,Onygenales,Gymnoascaceae,Arachniotus,Arachniotus_hebridensis
ddc4d1f86166bf6f108a16549f3abee6,Fungi,Ascomycota,Sordariomycetes,Hypocreales,Stachybotryaceae,Stachybotrys,Stachybotrys_chartarum
d97927577054486f77a513070c060b06,Fungi,Ascomycota,Sordariomycetes,Hypocreales,Bionectriaceae,,
bb530de53ee70121f3b52d66e7d13b3a,Fungi,Ascomycota,Sordariomycetes,Hypocreales,Stachybotryaceae,Stachybotryaceae_gen_Incertae_sedis,Stachybotryaceae_sp
5d82f5502903b391032c26e62c29229d,Fungi,,,,,,
4375f11b7454291f6d6af6755e5e2d6f,Fungi,Ascomycota,,,,,
c279fc2bbeb868b5e86ace161cc6a995,Fungi,Ascomycota,Sordariomycetes,Microascales,Microascales_fam_Incertae_sedis,Microascales_gen_Incertae_sedis,Microascales_sp
7c798d409e729c8700dda208448d074b,Fungi,Glomeromycota,Glomeromycetes,Glomerales,Glomeraceae,Kamienskia,Kamienskia_sp
8cdeb6bd30b78c458d2ccea25627efb2,Fungi,Ascomycota,Pezizomycotina_cls_Incertae_sedis,Pezizomycotina_ord_Incertae_sedis,Pezizomycotina_fam_Incertae_sedis,Pezizomycotina_gen_Incertae_sedis,Pezizomycotina_sp
df6d63563a4fc5aba2b23bb8aee26d75,Fungi,,,,,,
aaf8177452ac02643fe6dcea8ea0b50e,Fungi,Ascomycota,Sordariomycetes,Sordariales,Lasiosphaeriaceae,Apiosordaria,Apiosordaria_sp
b329a1c657f420a0321bbf993cc85d90,Fungi,Basidiomycota,Agaricomycetes,,,,
24791019b7c30c273a530354d364c3f9,Fungi,Ascomycota,Leotiomycetes,Helotiales,Helotiales_fam_Incertae_sedis,,
7e0b766d9af9089592cec50dac0c22cd,Fungi,Ascomycota,Leotiomycetes,Helotiales,Helotiales_fam_Incertae_sedis,Cistella,Cistella_sp
b2c91493d55f5f469198bfdfe1769d27,Fungi,,,,,,
977a994e42e12fa068d8afd94ab95b75,Fungi,Ascomycota,Dothideomycetes,Pleosporales,Didymellaceae,,
d3b28c6a4f733c6d6a589b68deb98aa3,Fungi,Ascomycota,Sordariomycetes,Sordariales,Podosporaceae,Podospora,
432aecead33da94f257615f8dca56020,Fungi,Basidiomycota,,,,,
176943bbe52a23780ee2d9c4d8c286fa,Fungi,Basidiomycota,Agaricomycetes,Tremellodendropsidales,Tremellodendropsidales_fam_Incertae_sedis,Tremellodendropsidales_gen_Incertae_sedis,Tremellodendropsidales_sp
3c14a8a1e28daa79d99e106ecb289442,Fungi,Ascomycota,Orbiliomycetes,Orbiliales,Orbiliaceae,Dactylella,Dactylella_sp
9da910fe87b7d2bafe616753a3ec50f0,Fungi,Glomeromycota,Glomeromycetes,Glomerales,Glomeraceae,Rhizophagus,Rhizophagus_sp
152bbbdc7636b4c63ab60e2a81b978cd,Fungi,Ascomycota,Leotiomycetes,Helotiales,Helotiales_fam_Incertae_sedis,Tetracladium,Tetracladium_sp
f5b295bef456d116d7f373585c1ce2db,Fungi,Ascomycota,Saccharomycetes,Saccharomycetales,Debaryomycetaceae,Debaryomyces,Debaryomyces_hansenii
64a6aa76b036f6b41f4762ec544d0c12,Fungi,Ascomycota,Sordariomycetes,Hypocreales,Myrotheciomycetaceae,Emericellopsis,Emericellopsis_glabra
1dc2d83736af83336a8a59bc5e364d19,Fungi,Ascomycota,Leotiomycetes,Helotiales,Helotiales_fam_Incertae_sedis,,
b9b6c71602c58a57d8ef6b839e770730,Fungi,Ascomycota,Dothideomycetes,Pleosporales,Lentitheciaceae,Pseudomurilentithecium,
7857491224d6bb35d89fca8d08a6ff4f,Fungi,Ascomycota,,,,,
1f9ff87257b6e1cde9d81d339eb845c6,Fungi,,,,,,
f1d5025e645498cdd9689c39088ba7ce,Fungi,Ascomycota,Leotiomycetes,Helotiales,,,
6992e4a3f1a37640b34e1b15d18d8dd5,Fungi,Ascomycota,Leotiomycetes,Helotiales,Helotiaceae,Scytalidium,Scytalidium_circinatum
9815323791c79fcc08cfdda32af84541,Fungi,Ascomycota,Eurotiomycetes,Chaetothyriales,Cyphellophoraceae,Cyphellophora,
2da96fa8e2b00d62868bea1c39567a5b,Fungi,Ascomycota,Eurotiomycetes,Eurotiales,Aspergillaceae,Penicillium,Penicillium_anatolicum
3f1b79a73a1b616cfb4740a4cd957e69,Fungi,Ascomycota,Pezizomycetes,Pezizales,,,
a65084819d6500206b4ae6c48d85896c,Fungi,Ascomycota,Dothideomycetes,Pleosporales,Sporormiaceae,Sporormiaceae_gen_Incertae_sedis,Sporormiaceae_sp
1d74a07d1fb7c5a0ded9f318acf73068,Fungi,Ascomycota,Eurotiomycetes,,,,
52249ba3f8451f09cae609d83cf678ca,Fungi,Glomeromycota,Glomeromycetes,Glomerales,Glomeraceae,Kamienskia,Kamienskia_sp
c53263afb3997ba6928ad5b667b3965f,Fungi,Ascomycota,Dothideomycetes,Pleosporales,Lentitheciaceae,Darksidea,Darksidea_sp
cbf0dea86f3806fe30893fabbf752d9f,Fungi,Ascomycota,Sordariomycetes,Hypocreales,Sarocladiaceae,Sarocladium,Sarocladium_sp
617606271c5e816fe9b87424f2a378dd,Fungi,Ascomycota,,,,,
d2a116fbbccd28eebf905857abcedd2e,Fungi,Ascomycota,,,,,
897458c8a9232fe02aac9ed939711c37,Fungi,Basidiomycota,Agaricomycetes,Agaricales,Pluteaceae,Volvariella,Volvariella_neoparvula
89162567a5d2b62d3273c4431a503e81,Fungi,Ascomycota,Eurotiomycetes,Eurotiales,Trichocomaceae,Talaromyces,
879d8e13a34e0df07cba7cb97d591253,Fungi,Ascomycota,Dothideomycetes,Pleosporales,Pleosporaceae,Alternaria,
9da82406b70fa33268e9a982cbd0130b,Fungi,Ascomycota,Eurotiomycetes,Chaetothyriales,Herpotrichiellaceae,Exophiala,
da0c6c66535364430c9fafb61fac3152,Fungi,,,,,,
ff39fcdfc257ddf2dc0bdd3275ed26aa,Fungi,Basidiomycota,Agaricomycetes,Agaricales,Radulomycetaceae,Radulomycetaceae_gen_Incertae_sedis,Radulomycetaceae_sp
237d9bcb27a447af05a32b1b1f0215b6,Fungi,Ascomycota,Sordariomycetes,Hypocreales,Bionectriaceae,Gliomastix,
bb1fbd15fe27212f6726f4ef76568bf4,Fungi,,,,,,
5974357b2174ce0cbfdf66541e89ba75,Fungi,Basidiomycota,Agaricomycetes,Sebacinales,Serendipitaceae,Serendipita,Serendipita_sp
7e4287a0160cbd7b5d96e4dea4218f42,Fungi,,,,,,
3260d403a8bb679cfc70d54f7edf72a7,Fungi,Ascomycota,Leotiomycetes,Helotiales,Helotiales_fam_Incertae_sedis,Tetracladium,Tetracladium_sp
53f059ab8f933ba29fdba510913c2cef,Fungi,Basidiomycota,Agaricomycetes,Agaricales,Psathyrellaceae,Coprinopsis,Coprinopsis_pachyderma
b7bb0e1c41917f68850a170add9afc6f,Fungi,Glomeromycota,Glomeromycetes,Glomerales,Glomeraceae,Rhizophagus,Rhizophagus_sp
cfe5d58a6d45f4b2cddd8efafa97b164,Fungi,Ascomycota,Sordariomycetes,Glomerellales,Plectosphaerellaceae,Plectosphaerella,Plectosphaerella_sp
09696193536e6ed5010bee5e95cb317f,Fungi,Basidiomycota,Tremellomycetes,Tremellales,Bulleribasidiaceae,Vishniacozyma,Vishniacozyma_tephrensis
d179c3fe82d889192d7cf7c3f334a3e1,Fungi,Ascomycota,Sordariomycetes,Hypocreales,Stachybotryaceae,Paramyrothecium,Paramyrothecium_humicola
0107acbdf7a43c67ff5a135dfee12c1c,Fungi,,,,,,
0bc38a7aa150a2b1d51ace6bcf389985,Fungi,Ascomycota,Eurotiomycetes,Onygenales,Gymnoascaceae,Arachniotus,Arachniotus_hebridensis
82dfb7e43dc038ea4d1943a457f316f4,Fungi,Ascomycota,Leotiomycetes,Helotiales,Porodiplodiaceae,Endoradiciella,Endoradiciella_communis
5b4cb3fb34058068ae57e4d92045b505,Fungi,Ascomycota,Sordariomycetes,Hypocreales,Bionectriaceae,Ijuhya,Ijuhya_sp
0c65b939a49ba33ebb8441f5cc1027c9,Fungi,Ascomycota,Leotiomycetes,Helotiales,Helotiales_fam_Incertae_sedis,Tetracladium,
2004411eb1d39ff5bbc4da9c9966c98c,Fungi,Ascomycota,Sordariomycetes,Hypocreales,Nectriaceae,Dactylonectria,Dactylonectria_macrodidyma
08edd4f868427e7d8c6c698e93b2fbde,Fungi,Ascomycota,Dothideomycetes,Pleosporales,Delitschiaceae,Delitschiaceae_gen_Incertae_sedis,Delitschiaceae_sp
0cc0db8fd5c6cc28cf465d7641c0079e,Fungi,Ascomycota,Dothideomycetes,Pleosporales,Lentitheciaceae,Darksidea,
38651f76b0bfedb761a89f4725961b9d,Fungi,Ascomycota,Sordariomycetes,Sordariales,Podosporaceae,Podospora,
15223fbc6feadb89b974719a52b36ba9,Fungi,Ascomycota,Sordariomycetes,Hypocreales,Stachybotryaceae,Striatibotrys,Striatibotrys_asturiensis
3da2ed13c5e0126f407f5729c935607e,Fungi,Ascomycota,Sordariomycetes,Hypocreales,Stachybotryaceae,Stachybotryaceae_gen_Incertae_sedis,Stachybotryaceae_sp
7ed7fe01d1f8a9cb09af1525d4dbdceb,Fungi,Ascomycota,,,,,
a06627cf0e2419cb6d89f92269f891ac,Fungi,Ascomycota,Dothideomycetes,Pleosporales,Didymellaceae,Didymellaceae_gen_Incertae_sedis,Didymellaceae_sp
ec850d9ba70c5a2e32535fd4db81b300,Fungi,Ascomycota,Dothideomycetes,Pleosporales,Sporormiaceae,Preussia,Preussia_terricola
a023149be4e722ae6a7489eb0cf48910,Fungi,,,,,,
3722f0f18653c4d36b8f7663346489ef,Fungi,Glomeromycota,Glomeromycetes,Glomerales,Glomeraceae,Kamienskia,
6a12343bd1981e867d6a1c342eeafa2b,Fungi,Ascomycota,Dothideomycetes,Pleosporales,Amniculicolaceae,Pseudomassariosphaeria,Pseudomassariosphaeria_bromicola
67f1e71bbe0c9ae3da01e3301569a506,Fungi,Ascomycota,Dothideomycetes,Pleosporales,Sporormiaceae,Preussia,Preussia_persica
7daf2e70e21fcf0aa485609130c4d6f9,Fungi,Ascomycota,Dothideomycetes,Pleosporales,Phaeosphaeriaceae,Paraphoma,
82a7c3b875ba65c0c1f9830df31f5431,Fungi,Ascomycota,Sordariomycetes,Magnaporthales,Ophioceraceae,Ophioceraceae_gen_Incertae_sedis,Ophioceraceae_sp
7377387c20274b129ba75e081e090f49,Fungi,Ascomycota,Leotiomycetes,Helotiales,,,
5695812af347221c98099d051f99c582,Fungi,Ascomycota,Dothideomycetes,Mycosphaerellales,Teratosphaeriaceae,Teratosphaeriaceae_gen_Incertae_sedis,Teratosphaeriaceae_sp
41c30f61aca417d3229aec390de0405c,Fungi,Glomeromycota,Glomeromycetes,Glomerales,Glomeraceae,Rhizophagus,
ad84742de6ed553e5e91cffb6cb73089,Fungi,Ascomycota,Dothideomycetes,Pleosporales,,,
fac066547051b114c95ecec92ece9fb4,Fungi,Mortierellomycota,Mortierellomycetes,Mortierellales,Mortierellaceae,Mortierella,Mortierella_lapis
dd1dd081c766a53f8fc8c7e174594a12,Fungi,,,,,,
512d08e1f74245c3f6d0b924c3390021,Fungi,Basidiomycota,Agaricomycetes,,,,
0e12dce005a25bf3f725a46160051ee2,Fungi,Ascomycota,Eurotiomycetes,Chaetothyriales,Trichomeriaceae,Knufia,Knufia_sp
533cc3227ad42167794f738a70c9324a,Fungi,Ascomycota,Dothideomycetes,Pleosporales,Testudinaceae,Testudinaceae_gen_Incertae_sedis,Testudinaceae_sp
e7fa186ad0fde41fcfebbd36508ceb3f,Fungi,,,,,,
85dc0fc3b3a7a0103f5ad1896eebd0cf,Fungi,,,,,,
a5f199a2d7fea618cf70d26175854700,Fungi,Ascomycota,Eurotiomycetes,Chaetothyriales,Herpotrichiellaceae,Exophiala,Exophiala_opportunistica
ebd01d05343cb2817410bfa1f08836da,Fungi,Ascomycota,Pezizomycetes,Pezizales,Pyronemataceae,Smardaea,Smardaea_planchonis
b1d29088bc0bed1c82b681f81016e642,Fungi,Basidiomycota,Agaricomycetes,Agaricales,Psathyrellaceae,Parasola,Parasola_conopilea
4f5c9961df1cb021d329fd4f22f581fe,Fungi,,,,,,
6375e9a87cd3ddc4684702de2a2d320f,Fungi,Ascomycota,Sordariomycetes,Hypocreales,Stachybotryaceae,Stachybotrys,Stachybotrys_chartarum
7d96cbdc0b67cf8940231f435b4567f4,Fungi,Ascomycota,Dothideomycetes,Pleosporales,Cucurbitariaceae,Pyrenochaeta,Pyrenochaeta_sp
3a1f4324efad3223aab5f745b33cb8de,Fungi,Ascomycota,Sordariomycetes,Sordariales,Lasiosphaeriaceae,Schizothecium,Schizothecium_sp
5ed017c6082070a3e21ad25e9246c711,Fungi,,,,,,
86a2d52a5659a60323cd78e1ca415a83,Fungi,Ascomycota,Orbiliomycetes,Orbiliales,Orbiliaceae,Dactylella,Dactylella_sp
96affe6245574905eddbcb0720bc1437,Fungi,Ascomycota,Dothideomycetes,Pleosporales,Lentitheciaceae,Darksidea,
53cd743a1d07f511e3f22aa9728e3e31,Fungi,Basidiomycota,Agaricomycetes,Sebacinales,Serendipitaceae,Serendipita,Serendipita_sp
350aa3a0a55b5de2cbb6b444e9b311c8,Fungi,Ascomycota,Sordariomycetes,Xylariales,Xylariales_fam_Incertae_sedis,Fusidium,Fusidium_sp
7f82625af8c2b65c4a1bb7b20368750d,Fungi,Ascomycota,Dothideomycetes,Pleosporales,Lentitheciaceae,Darksidea,Darksidea_sp
8505b59f415c21f6b75b1a2eaa71d9fc,Fungi,Ascomycota,,,,,
497b400422df911c1be11cbad3618aaf,Fungi,Ascomycota,Dothideomycetes,Pleosporales,Phaeosphaeriaceae,Paraphoma,Paraphoma_radicina
efa49c42bc006e58761b8831fe664e15,Fungi,Basidiomycota,Agaricostilbomycetes,Agaricostilbales,Chionosphaeraceae,Kurtzmanomyces,Kurtzmanomyces_sp
c3d839bf490cc82fb19523029488d975,Fungi,Ascomycota,Sordariomycetes,Hypocreales,Ophiocordycipitaceae,Harposporium,
f5b6cac53862d023d2953affc378d0be,Fungi,,,,,,
f7871371743df2c15d8378eff093363f,Fungi,Ascomycota,,,,,
cd154f6b02f42bf92bd322d5549ceb37,Fungi,Mortierellomycota,Mortierellomycetes,Mortierellales,Mortierellaceae,Mortierella,
5cbef482e1818c79808e49928d36c33d,Fungi,Mortierellomycota,Mortierellomycetes,Mortierellales,Mortierellaceae,Mortierella,
d87609bf9504b1ef296b933ae66ac978,Fungi,Glomeromycota,Glomeromycetes,Glomerales,Glomeraceae,Microdominikia,Microdominikia_sp
665e52ba4bc50b39ac426931c2a8ba8e,Fungi,Glomeromycota,Glomeromycetes,Glomerales,Glomeraceae,Kamienskia,Kamienskia_sp
01f1426a51dba879c64db182d8a22768,Fungi,Ascomycota,Sordariomycetes,Hypocreales,Niessliaceae,Niesslia,Niesslia_exigua
c86d71b08cdf5ceb143447b86fb2c5ed,Fungi,Ascomycota,Leotiomycetes,Helotiales,Helotiales_fam_Incertae_sedis,Cistella,
8d99d00cad391723c2a17dc0fcdb2798,Fungi,Ascomycota,Leotiomycetes,Helotiales,Ploettnerulaceae,Collembolispora,Collembolispora_sp
4175158eb91f8cdfbf582a3641cb8d7d,Fungi,Glomeromycota,Glomeromycetes,Glomerales,Glomeraceae,Kamienskia,Kamienskia_perpusilla
6d0ef49be352b9fbb2c05fed4dc30190,Fungi,Ascomycota,Sordariomycetes,Sordariales,Lasiosphaeriaceae,Schizothecium,Schizothecium_sp
d3053c188a0cdaf54e01b30177fcb2a2,Fungi,Basidiomycota,Agaricomycetes,Agaricales,Psathyrellaceae,Parasola,Parasola_conopilea
4bf72e59e8ea182d8e7c8db1a6d2eeca,Fungi,Ascomycota,Sordariomycetes,Hypocreales,Nectriaceae,Fusarium,Fusarium_redolens
dc029043f3cea88457f2845fdda24a54,Fungi,Ascomycota,Sordariomycetes,Hypocreales,Bionectriaceae,Paracylindrocarpon,Paracylindrocarpon_sp
979d7451c35a197f37de68d1bc3ad446,Fungi,Glomeromycota,Glomeromycetes,Glomerales,Glomeraceae,Microdominikia,Microdominikia_sp
d9d5ea12bd8167fc277c2378acfa47d3,Fungi,Basidiomycota,Agaricomycetes,Agaricales,Psathyrellaceae,Coprinopsis,Coprinopsis_udicola
a2bc2dac743d0b79ba18d58ec45613d0,Fungi,Ascomycota,Leotiomycetes,Helotiales,Helotiales_fam_Incertae_sedis,Tetracladium,Tetracladium_sp
a93b0a609b45cedaeaf1dc75099fae5c,Fungi,Ascomycota,Dothideomycetes,Pleosporales,Corynesporascaceae,Corynespora,Corynespora_sp
8b453f61a2ab952edbbfd8b8a59e3801,Fungi,Ascomycota,Dothideomycetes,Acrospermales,Acrospermaceae,Gonatophragmium,Gonatophragmium_epilobii
b2f1e5f97b0bc27679a07336e25d2863,Fungi,Glomeromycota,Glomeromycetes,Glomerales,Glomeraceae,Kamienskia,Kamienskia_perpusilla
207a8b55e4ffbd31927f851e7471b288,Fungi,Ascomycota,Leotiomycetes,Helotiales,Calloriaceae,Calloriaceae_gen_Incertae_sedis,Calloriaceae_sp
b399c969f16c8ce48723dce4ab34224a,Fungi,,,,,,
7cd565ec6bd9dd9495bb4ff5abe61c5a,Fungi,Ascomycota,Sordariomycetes,Sordariales,Lasiosphaeriaceae,Apiosordaria,Apiosordaria_sp
8587d2d7f65d4820c9401626612eb5ca,Fungi,Ascomycota,Sordariomycetes,Hypocreales,Nectriaceae,Fusarium,Fusarium_mori
aaa94c290ed07e8c2be9d64522f4b5b2,Fungi,Ascomycota,Dothideomycetes,Pleosporales,Cucurbitariaceae,Cucurbitariaceae_gen_Incertae_sedis,Cucurbitariaceae_sp
76117fabbfb856287d1e1f3144737457,Fungi,Ascomycota,Orbiliomycetes,Orbiliales,Orbiliaceae,,
55b55d6cee9b0f24137e493505f98747,Fungi,Ascomycota,Leotiomycetes,Helotiales,Helotiales_fam_Incertae_sedis,Cistella,Cistella_sp
2411fdefd3af8b51bfd88bde69b6a710,Fungi,Basidiomycota,Tremellomycetes,Tremellales,Bulleribasidiaceae,Vishniacozyma,Vishniacozyma_tephrensis
0dab6a75ddac5ce5285f41b18f6cb3b1,Fungi,Ascomycota,Dothideomycetes,Pleosporales,,,
81cc3e5b1e651156bc99811034a1e6a5,Fungi,Ascomycota,Sordariomycetes,Hypocreales,Hypocreales_fam_Incertae_sedis,Hypocreales_gen_Incertae_sedis,Hypocreales_sp
be412b9d9a8f93858d1cf6a34620c768,Fungi,Glomeromycota,Glomeromycetes,Glomerales,Glomeraceae,Rhizophagus,Rhizophagus_sp
b2dd1c40b823af719b9c58ad3f8ca4ca,Fungi,Ascomycota,Eurotiomycetes,Chaetothyriales,Herpotrichiellaceae,Exophiala,
b5efbeb22b591619db54da05f0a73885,Fungi,Ascomycota,Sordariomycetes,Hypocreales,Hypocreales_fam_Incertae_sedis,Hypocreales_gen_Incertae_sedis,Hypocreales_sp
8e2cc0de20db88ff2df74851bf3a0b21,Fungi,,,,,,
c6e196108abe324fbe4d840f41c9f400,Fungi,Basidiomycota,Agaricomycetes,Agaricales,Hygrophoraceae,Hygrocybe,Hygrocybe_conica
9a2dbfa8ebcb5feb5b873594c2280ea7,Fungi,Ascomycota,,,,,
ebe4016d1da236f1eb62dc28f51fb8df,Fungi,Mortierellomycota,Mortierellomycetes,Mortierellales,Mortierellaceae,Podila,Podila_humilis
f55c2a66d9759bbc3e8c0307e81d4ec0,Fungi,Glomeromycota,Glomeromycetes,Glomerales,Glomeraceae,Rhizophagus,Rhizophagus_sp
7f629d89fb4bd7b021c02443b5ac0885,Fungi,Ascomycota,Sordariomycetes,Hypocreales,Bionectriaceae,Verruciconidia,
afa8e8759757a1543e7901d1ba6f5cc5,Fungi,Glomeromycota,Glomeromycetes,Glomerales,Glomeraceae,Kamienskia,Kamienskia_perpusilla
7f5e5d8818dbab823cb559553466c5ee,Fungi,Basidiomycota,Agaricomycetes,Agaricales,Psathyrellaceae,Psathyrella,Psathyrella_panaeoloides
be3440cb4936761a8e4d97afe5cf8f60,Fungi,Ascomycota,,,,,
9a0e083586e8ca5b8c44979e14ec7d15,Fungi,Ascomycota,Sordariomycetes,Hypocreales,Bionectriaceae,Alloacremonium,Alloacremonium_humicola
3534f76d1ae593cc80170f2c74c0d4aa,Fungi,,,,,,
a8023f664000763b810ca6035539bb26,Fungi,Ascomycota,Leotiomycetes,Leotiales,Leotiales_fam_Incertae_sedis,Alatospora,Alatospora_sp
74c8acb8b3f87b56e99b8de3b0950b7f,Fungi,Ascomycota,Dothideomycetes,Pleosporales,Lentitheciaceae,Darksidea,Darksidea_alpha
a528f257a65153e3e6f2c61074f74908,Fungi,Ascomycota,Dothideomycetes,,,,
0190edb4b184becce4da00d3a878ae20,Fungi,Ascomycota,Sordariomycetes,Hypocreales,Stachybotryaceae,Stachybotryaceae_gen_Incertae_sedis,Stachybotryaceae_sp
20b9b2b513bbaf56548a7fcc574cf5f8,Fungi,Glomeromycota,Glomeromycetes,Glomerales,Glomeraceae,Rhizophagus,
352628c939a0bd64820b3a79ffa10ccc,Fungi,,,,,,
97f4a23af21f5240db268b7547bb9ee3,Fungi,Ascomycota,Dothideomycetes,Pleosporales,Didymellaceae,Neoascochyta,Neoascochyta_graminicola
9fc357a19eec7d5cee1b083b2d474bd0,Fungi,Ascomycota,Leotiomycetes,Helotiales,Helotiales_fam_Incertae_sedis,Cistella,Cistella_sp
b068b9640481f082cc60cc0438ec8aa2,Fungi,Ascomycota,,,,,
04994b9ab6b6c47f05a688696ade8dcc,Fungi,Ascomycota,Dothideomycetes,Pleosporales,Sporormiaceae,Preussia,Preussia_terricola
4e783807c3133ec703f2f11606e51560,Fungi,Ascomycota,Sordariomycetes,Sordariales,Chaetomiaceae,Chaetomiaceae_gen_Incertae_sedis,Chaetomiaceae_sp
b8564c7cdb0fd5bc2f3cf1a1f2fb69df,Fungi,Basidiomycota,Agaricomycetes,Tremellodendropsidales,Tremellodendropsidales_fam_Incertae_sedis,Tremellodendropsidales_gen_Incertae_sedis,Tremellodendropsidales_sp
9c51d1fac9ac89c806db737a6cf9f84a,Fungi,Ascomycota,Dothideomycetes,Pleosporales,Didymosphaeriaceae,Laburnicola,Laburnicola_sp
bd3bca511aad96f649f80c1ddd4688a0,Fungi,Ascomycota,Sordariomycetes,Hypocreales,Hypocreales_fam_Incertae_sedis,Hypocreales_gen_Incertae_sedis,Hypocreales_sp
519c91429c4d7e26a7c0db155c00cdba,Fungi,Ascomycota,Dothideomycetes,Pleosporales,Melanommataceae,Pleotrichocladium,Pleotrichocladium_opacum
fc6bd5d20b8b91572e844772e99bd841,Fungi,Basidiomycota,Agaricomycetes,Sebacinales,Sebacinaceae,Paulisebacina,Paulisebacina_allantoidea
85e0a90560ccdb13e7e612701a77e340,Fungi,Ascomycota,Leotiomycetes,Helotiales,Calloriaceae,Calloriaceae_gen_Incertae_sedis,Calloriaceae_sp
158773de5d657bbe0c4f879b522c0b7d,Fungi,Ascomycota,Dothideomycetes,Pleosporales,Amniculicolaceae,Murispora,Murispora_kazachstanica
c21e726a21f40012f879820c96d6a7a1,Fungi,Ascomycota,Leotiomycetes,Helotiales,,,
fad28e4f7500160e784a32bea7362bf0,Fungi,Ascomycota,Leotiomycetes,Thelebolales,Pseudeurotiaceae,,
2485b960da2f4d05af5d0ccc27274958,Fungi,Ascomycota,Sordariomycetes,Sordariales,Lasiosphaeriaceae,Apiosordaria,Apiosordaria_sp
d7847360a1e1bd5f463ff78f0e405f57,Fungi,Ascomycota,Sordariomycetes,,,,
ecd2ac14cdafa97698fabc01d7db7f55,Fungi,,,,,,
0a8f96350991adc5f05f020a6f90d0a7,Fungi,Ascomycota,Dothideomycetes,Pleosporales,Lentitheciaceae,Darksidea,Darksidea_sp
a562b68fe33b8107e8c04c5c5c3df07f,Fungi,Ascomycota,Dothideomycetes,Mycosphaerellales,Mycosphaerellaceae,Cercospora,Cercospora_sp
9297294c994c5f3a0f3be1c35fac1161,Fungi,Ascomycota,Dothideomycetes,Pleosporales,Cucurbitariaceae,Pyrenochaeta,Pyrenochaeta_sp
ae375bd839e1f894150dbcdef6617672,Fungi,Ascomycota,Sordariomycetes,Sordariales,,,
4c8b4e24c8b0cec7b4f9a16562327517,Fungi,Ascomycota,Leotiomycetes,Helotiales,Helotiaceae,Scytalidium,Scytalidium_circinatum
85efdbb5b9ee0dde3bd9115e381f9b9f,Fungi,Ascomycota,Sordariomycetes,Hypocreales,Nectriaceae,Fusarium,
e7956fe7fb61e71b4a34bfd1df92616c,Fungi,Ascomycota,Dothideomycetes,Pleosporales,Pseudomassarinaceae,Pseudomassarina,Pseudomassarina_clematidis
c64498b502d16d1dc2e9be1374d4ae8a,Fungi,Basidiomycota,Agaricomycetes,Sebacinales,Serendipitaceae,Serendipita,Serendipita_sp
339e55e20d9817fe5a8fe7eff9abdd83,Fungi,Ascomycota,Eurotiomycetes,Eurotiales,Aspergillaceae,Penicillium,
09b4ba22234405ea406af7bc73a5ce1a,Fungi,Mortierellomycota,Mortierellomycetes,Mortierellales,Mortierellaceae,Podila,Podila_humilis
fb5c60706ec59527ffb14f389914ebf2,Fungi,Ascomycota,Sordariomycetes,Sordariales,,,
24c57981165603e860d68286f592efba,Fungi,Ascomycota,Lecanoromycetes,Peltigerales,Pannariaceae,Pectenia,Pectenia_sp
cc9cc2cbce7b3bdbaa0298988ad21eb4,Fungi,Glomeromycota,Glomeromycetes,Glomerales,Glomeraceae,,
475225d8bbfeb2b6c90d35b50a83cc5f,Fungi,Mortierellomycota,Mortierellomycetes,Mortierellales,Mortierellaceae,Mortierella,Mortierella_lapis
73540354d81a5128eac1aacf10ab514f,Fungi,Ascomycota,Dothideomycetes,Pleosporales,Sporormiaceae,Preussia,Preussia_terricola
69d3db348ba46d475c4eff6bbf3f2ef3,Fungi,Ascomycota,Eurotiomycetes,Eurotiales,Aspergillaceae,Penicillium,Penicillium_philippinense
89c9795de8dba9777e723ea7e45759ae,Fungi,Ascomycota,Leotiomycetes,Helotiales,Helotiales_fam_Incertae_sedis,Tetracladium,Tetracladium_ellipsoideum
c6c0cc5ae4076a1af62ca6090fa30a11,Fungi,Ascomycota,Sordariomycetes,Hypocreales,Nectriaceae,Ilyonectria,Ilyonectria_robusta
8606f4a7638ac5251a76a88ad0218986,Fungi,Glomeromycota,Glomeromycetes,Glomerales,Glomeraceae,Glomus,Glomus_sp
20a6803b30919590b8c6431edb6fe46f,Fungi,Glomeromycota,Glomeromycetes,Entrophosporales,Entrophosporaceae,Claroideoglomus,
677347c0ee6aaedf44cc49717385432a,Fungi,Ascomycota,Eurotiomycetes,Verrucariales,Verrucariaceae,Verrucaria,
c2ce2b052844b0e771496e05ab7cc76f,Fungi,Basidiomycota,Agaricomycetes,,,,
3ff354b83fc15ad318c2af4ccaadc622,Fungi,Basidiomycota,Agaricomycetes,Agaricales,Pluteaceae,Volvariella,Volvariella_neoparvula
5696cdee60432fed44368301e15ed718,Fungi,Ascomycota,Dothideomycetes,Pleosporales,Didymosphaeriaceae,Laburnicola,Laburnicola_sp
308b0180f730354f43dd2978b223d200,Fungi,Ascomycota,Orbiliomycetes,Orbiliales,Orbiliaceae,Orbilia,Orbilia_clavispora
f3e019a20c8580fc92b65c2bee434232,Fungi,Ascomycota,Dothideomycetes,Pleosporales,Melanommataceae,Herpotrichia,Herpotrichia_australis
a2552c0cfa3dec32722e1b6e81d6b426,Fungi,Ascomycota,Dothideomycetes,Pleosporales,Lentitheciaceae,Lentitheciaceae_gen_Incertae_sedis,Lentitheciaceae_sp
8156b5b4a3d360ffbe1f469168dad033,Fungi,Ascomycota,Sordariomycetes,Hypocreales,Stachybotryaceae,Stachybotryaceae_gen_Incertae_sedis,Stachybotryaceae_sp
b7e4ac33aa0334996181a1ff336b2b43,Fungi,Ascomycota,Dothideomycetes,Pleosporales,Phaeosphaeriaceae,Didymocyrtis,Didymocyrtis_septata
77bdfd711149dc0866a9725b2858ca89,Fungi,Glomeromycota,Glomeromycetes,Glomerales,Glomeraceae,Rhizophagus,Rhizophagus_irregularis
da4f618bfd49b0a005a5a39c993d24c0,Fungi,Ascomycota,,,,,
92dfa9a60fec4e5e692d05b6c5514aeb,Fungi,Ascomycota,Eurotiomycetes,Onygenales,Onygenaceae,Malbranchea,Malbranchea_albolutea
d168124ceb0c1abd878f48c20ab62460,Fungi,Glomeromycota,Glomeromycetes,Glomerales,Glomeraceae,Kamienskia,Kamienskia_perpusilla
1060d88060662ac034387982635694f2,Fungi,Glomeromycota,Glomeromycetes,Entrophosporales,Entrophosporaceae,Claroideoglomus,
d54d4c03b68f68bb9f62deee1eb8fe64,Fungi,Ascomycota,Sordariomycetes,Hypocreales,Bionectriaceae,Fusariella,Fusariella_sp
669f5851b6bd8518ffea17e6e35a42f3,Fungi,Ascomycota,Eurotiomycetes,Chaetothyriales,,,
bf709cf4d5ae0e2daa475c3bb1e7b2e9,Fungi,Ascomycota,Sordariomycetes,Hypocreales,Stachybotryaceae,Stachybotryaceae_gen_Incertae_sedis,Stachybotryaceae_sp
bbe7e27cbb39e25a57c103a9b32a578f,Fungi,Glomeromycota,Glomeromycetes,Glomerales,Glomeraceae,Rhizophagus,Rhizophagus_sp
58c68f606f0d941fb0a7ebcf4b3ab2d0,Fungi,,,,,,
7fcd13f614873295b8691d94b4589fd0,Fungi,Ascomycota,Orbiliomycetes,Orbiliales,Orbiliaceae,Dactylella,Dactylella_sp
02627094545089e016f565854c138597,Fungi,Ascomycota,Dothideomycetes,Pleosporales,Massarinaceae,Stagonospora,Stagonospora_bicolor
97f11ac59c3c9e4112e2028335daea83,Fungi,Ascomycota,Dothideomycetes,Pleosporales,Teichosporaceae,Pseudocyclothyriella,Pseudocyclothyriella_sp
3b69566a20b2a0a23f8255b3c9ccb1c5,Fungi,Ascomycota,Dothideomycetes,Pleosporales,Lentitheciaceae,Darksidea,
1842ecd778a045e6cae2eef8208c5279,Fungi,Ascomycota,Pezizomycotina_cls_Incertae_sedis,Pezizomycotina_ord_Incertae_sedis,Pezizomycotina_fam_Incertae_sedis,Pezizomycotina_gen_Incertae_sedis,Pezizomycotina_sp
99ac1dc4c0e7c9bfb90a210581369cdd,Fungi,Basidiomycota,Agaricomycetes,Sebacinales,,,
63fb59dc138448d0cad3000f1397fb62,Fungi,Ascomycota,Sordariomycetes,Hypocreales,Ophiocordycipitaceae,Purpureocillium,Purpureocillium_lilacinum
8e41684d287f6edb38087890dd0a0fca,Fungi,Ascomycota,Dothideomycetes,Pleosporales,Lentitheciaceae,Darksidea,Darksidea_sp
3838be5f375e30011dcd8cffb703a02d,Fungi,Ascomycota,Sordariomycetes,Hypocreales,Stachybotryaceae,Stachybotryaceae_gen_Incertae_sedis,Stachybotryaceae_sp
38d20c39c52a47d10ffe6bfb2f4a6d0a,Fungi,Ascomycota,Sordariomycetes,Hypocreales,Hypocreales_fam_Incertae_sedis,Hypocreales_gen_Incertae_sedis,Hypocreales_sp
7cfecbb98dd0f17b49dfc7e6c0f31799,Fungi,Ascomycota,Sordariomycetes,Hypocreales,Nectriaceae,Fusarium,
20b633ec8edc9973d2944f04298cb3ef,Fungi,Ascomycota,Eurotiomycetes,Chaetothyriales,Trichomeriaceae,Knufia,Knufia_sp
d24ac483e8fbd5791d79375807783a52,Fungi,Ascomycota,Sordariomycetes,Hypocreales,Stachybotryaceae,Alfaria,Alfaria_caricicola
317ab06e76386341df8ccc9e5264f7c4,Fungi,Ascomycota,Dothideomycetes,Pleosporales,Amniculicolaceae,Pseudomassariosphaeria,Pseudomassariosphaeria_bromicola
ccdaf74e277cc7e55e33b9ffec61d8bf,Fungi,Ascomycota,Dothideomycetes,Pleosporales,Amniculicolaceae,Murispora,Murispora_kazachstanica
d6f62f9a9f62ae49c42ac211013988a1,Fungi,Ascomycota,Leotiomycetes,Helotiales,Helotiales_fam_Incertae_sedis,Tetracladium,Tetracladium_sp
9a29eec01f9514abdc3e7b1800329fa1,Fungi,Ascomycota,Eurotiomycetes,Chaetothyriales,Cyphellophoraceae,Cyphellophora,
1c2febc4e01850dc332582c0f6b29904,Fungi,Ascomycota,Sordariomycetes,Hypocreales,Bionectriaceae,Gliomastix,Gliomastix_roseogrisea
5aa57ca5751f1c50f016343453a17217,Fungi,Ascomycota,Dothideomycetes,Pleosporales,Pleosporaceae,Alternaria,Alternaria_rosae
d989fa77bcaa44bb6a0dcc4fe9b829a0,Fungi,Ascomycota,Sordariomycetes,Phomatosporales,Phomatosporaceae,Phomatospora,Phomatospora_sp
8c609ce64ccc7798a5db3b9b820bc0f7,Fungi,Ascomycota,Dothideomycetes,Pleosporales,Phaeosphaeriaceae,Phaeosphaeria,Phaeosphaeria_tofieldiae
baa86891f09b6a60934028ad0edb9f03,Fungi,Glomeromycota,Glomeromycetes,Glomerales,Glomeraceae,Glomus,Glomus_sp
fa904c80d10d9a01366f41f5e1ec14d6,Fungi,Basidiomycota,Agaricomycetes,Sebacinales,Serendipitaceae,,
1a5e680edbd219d9915f293e0f785cba,Fungi,Chytridiomycota,Spizellomycetes,Spizellomycetales,,,
45ced4b240fc3da2842e03fcb5ff1412,Fungi,Ascomycota,Sordariomycetes,Sordariales,Chaetomiaceae,Humicola,Humicola_nigrescens
7ea2111675e77abb7abb620c0c2406c3,Fungi,Glomeromycota,Glomeromycetes,Glomerales,Glomeraceae,,
9cdb1b7b46c90837f575baea0f07e56d,Fungi,,,,,,
9563623354cc121145f2014f05adbc22,Fungi,Basidiomycota,Agaricomycetes,Auriculariales,,,
a6aed6c4f982c5691724530ec547a54c,Fungi,Ascomycota,Eurotiomycetes,Chaetothyriales,Cyphellophoraceae,Cyphellophora,Cyphellophora_sp
9596f35444ce4138dca15a9106c5bdd7,Fungi,Glomeromycota,Glomeromycetes,Glomerales,Glomeraceae,Microdominikia,Microdominikia_sp
f46c053357cb00dfa814680ac7fe3ba9,Fungi,,,,,,
3ba2f24bcdc074f5560ad5422fd6cfbb,Fungi,Ascomycota,,,,,
f6d15b4530b5b748ad231597b3cf6250,Fungi,Ascomycota,,,,,
3a333ad72aefb39fa4983f238bc331b0,Fungi,Ascomycota,Leotiomycetes,Helotiales,,,
15b856682c5b1e9260f62882f4905936,Fungi,Ascomycota,Dothideomycetes,Pleosporales,Phaeosphaeriaceae,Paraphoma,Paraphoma_radicina
1ee1b66f9e4866d071ed0b4c12852991,Fungi,Glomeromycota,Glomeromycetes,Glomerales,Glomeraceae,Kamienskia,Kamienskia_sp
348712346bc043f17d2e909adfe6d985,Fungi,Ascomycota,Sordariomycetes,Hypocreales,Niessliaceae,Niesslia,Niesslia_curvisetosa
242e14e9744863e337440be6c0024cb4,Fungi,Glomeromycota,Glomeromycetes,Glomerales,Glomeraceae,Rhizophagus,
1b4d1644184b78ae59f75282a1810c31,Fungi,Ascomycota,Eurotiomycetes,Chaetothyriales,Trichomeriaceae,Knufia,
0dac448fd406c9ad7d23d415bf79cad4,Fungi,Basidiomycota,Agaricomycetes,Auriculariales,Oliveoniaceae,Oliveonia,
46a97c7b4869ac65b67399687ef33da0,Fungi,Ascomycota,Dothideomycetes,Pleosporales,Cucurbitariaceae,Pyrenochaeta,Pyrenochaeta_sp
7efb73904f04356a19aa9d944455ff6c,Fungi,Ascomycota,Sordariomycetes,Ophiostomatales,Ophiostomataceae,Sporothrix,Sporothrix_sclerotialis
f84dbc0d66210e3d7789ff412918f126,Fungi,Ascomycota,Archaeorhizomycetes,Archaeorhizomycetales,Archaeorhizomycetaceae,Archaeorhizomyces,Archaeorhizomyces_sp
fcc458cb8ab40f527a2478feae89f397,Fungi,Ascomycota,Dothideomycetes,Pleosporales,Pseudomassarinaceae,Pseudomassarina,Pseudomassarina_clematidis
75c675fcd817fb2341bc248ce05747b6,Fungi,,,,,,
0677107a527f40eb6c3c4dfcbd0fea54,Fungi,Ascomycota,Dothideomycetes,Pleosporales,Pyrenochaetopsidaceae,Pyrenochaetopsis,Pyrenochaetopsis_leptospora
1b3175e705cecb164f2ee67c99bef8ab,Fungi,,,,,,
759b6865bb13ba229b165408c52539b7,Fungi,Ascomycota,Pezizomycotina_cls_Incertae_sedis,Pezizomycotina_ord_Incertae_sedis,Pezizomycotina_fam_Incertae_sedis,Pezizomycotina_gen_Incertae_sedis,Pezizomycotina_sp
b5aca4e41dbdbd91ce23c1a9ce01c9fd,Fungi,Ascomycota,Archaeorhizomycetes,Archaeorhizomycetales,,,
6ab2deeb7a6aa7ad9cb6e6c9689de1f2,Fungi,Ascomycota,Eurotiomycetes,Chaetothyriales,Herpotrichiellaceae,Rhinocladiella,Rhinocladiella_sp
15aa14c5764394f31011bb28e6c05916,Fungi,Basidiomycota,Agaricomycetes,Sebacinales,,,
5d3b8c22c620b701184537f3c1b8f54a,Fungi,Basidiomycota,Agaricomycetes,Agaricales,Pluteaceae,Pluteus,Pluteus_multiformis
b97b34adced4b6055fdba7a58034017b,Fungi,,,,,,
8d717f501c5c78238d12a405e60aaf8a,Fungi,Ascomycota,Eurotiomycetes,Eurotiales,Aspergillaceae,Penicillium,Penicillium_canescens
01405a40e376bff4790c45fb151f1b1d,Fungi,Ascomycota,Dothideomycetes,Pleosporales,Amniculicolaceae,Pseudomassariosphaeria,Pseudomassariosphaeria_bromicola
054cfdb349559dc171ce6a4218445b37,Fungi,Basidiomycota,Agaricomycetes,Sebacinales,Serendipitaceae,Serendipita,Serendipita_sp
e7dc57f99c96419c3962dfa275f0945b,Fungi,Ascomycota,Dothideomycetes,Pleosporales,Sporormiaceae,Preussia,Preussia_flanaganii
39a42f747fab242c99c5272f886dc176,Fungi,Ascomycota,Sordariomycetes,Hypocreales,Nectriaceae,Fusarium,Fusarium_mori
5bd197b95e20c844bdd1faf24d2e8831,Fungi,Basidiomycota,Agaricomycetes,Agaricales,Radulomycetaceae,Radulomycetaceae_gen_Incertae_sedis,Radulomycetaceae_sp
88598c9dc60e5e7559fe6fde3fdb303c,Fungi,Basidiomycota,Cystobasidiomycetes,Cystobasidiomycetes_ord_Incertae_sedis,Symmetrosporaceae,Symmetrospora,Symmetrospora_symmetrica
b22e5fc7b61a579e83d357d6c76e269a,Fungi,Ascomycota,Dothideomycetes,Pleosporales,Delitschiaceae,Delitschiaceae_gen_Incertae_sedis,Delitschiaceae_sp
71ba86f48dea943c415f5145fad1e29e,Fungi,Ascomycota,Eurotiomycetes,Chaetothyriales,Herpotrichiellaceae,Exophiala,Exophiala_sp
6240c1300098efb278544032acbdd794,Fungi,Ascomycota,Archaeorhizomycetes,Archaeorhizomycetales,Archaeorhizomycetaceae,Archaeorhizomyces,Archaeorhizomyces_sp
136ccc15f72e905188c05a28b265e134,Fungi,Basidiomycota,Agaricomycetes,Agaricales,Psathyrellaceae,Parasola,Parasola_auricoma
315b4a53d020d398052e56ff9c7a8335,Fungi,Basidiomycota,Agaricomycetes,Tremellodendropsidales,Tremellodendropsidales_fam_Incertae_sedis,Tremellodendropsidales_gen_Incertae_sedis,Tremellodendropsidales_sp
ef2eda0787ad3473b1bc1e1e19e5e3de,Fungi,Glomeromycota,Glomeromycetes,Glomerales,Glomeraceae,Kamienskia,Kamienskia_sp
318cabd4eec6d705fb1ef2962e1d435c,Fungi,,,,,,
7f1b5b326c27d4a03ee363b73d23d926,Fungi,Glomeromycota,Glomeromycetes,Glomerales,Glomeraceae,Rhizophagus,Rhizophagus_sp
6f1573c1092eb844b4a01cd28fa46977,Fungi,Ascomycota,Sordariomycetes,Hypocreales,Ophiocordycipitaceae,Purpureocillium,Purpureocillium_lilacinum
5b7c402bb41bfabf35eb453660e25ef6,Fungi,Ascomycota,Eurotiomycetes,Chaetothyriales,,,
897c27c5e50252365a6cd2686220b00d,Fungi,Glomeromycota,Glomeromycetes,Glomerales,Glomeraceae,Kamienskia,Kamienskia_perpusilla
f7f5fc2aeb8b1a451a16e3eaba88ed9f,Fungi,Ascomycota,Sordariomycetes,Magnaporthales,Ophioceraceae,Ophioceraceae_gen_Incertae_sedis,Ophioceraceae_sp
934387798385b5d707f554b07cffabb8,Fungi,Ascomycota,Eurotiomycetes,Chaetothyriales,Cyphellophoraceae,Cyphellophora,Cyphellophora_sp
d305be14d680743835aff3e4324ab23e,Fungi,Ascomycota,Sordariomycetes,Hypocreales,Stachybotryaceae,Stachybotryaceae_gen_Incertae_sedis,Stachybotryaceae_sp
17eabac57ca10bedc508075c64bf7b42,Fungi,Ascomycota,Dothideomycetes,Pleosporales,Amniculicolaceae,Pseudomassariosphaeria,Pseudomassariosphaeria_bromicola
99c668d5f68ffb78480b28f1aa967ceb,Fungi,Ascomycota,Leotiomycetes,Helotiales,Helotiales_fam_Incertae_sedis,Cistella,
3e08dddee88ce4ae7271db4a011063d9,Fungi,Ascomycota,Dothideomycetes,Pleosporales,Amniculicolaceae,Murispora,Murispora_kazachstanica
e2e3864b87514ebfe06674cd8148a37d,Fungi,Ascomycota,,,,,
3933b38da14d0d117e76f16949a8bded,Fungi,Ascomycota,Sordariomycetes,Xylariales,Xylariales_fam_Incertae_sedis,Xenoanthostomella,Xenoanthostomella_chromolaenae
3a077252e5fbb29bf5f084cb1c1dcfa1,Fungi,Basidiomycota,Agaricomycetes,Sebacinales,,,
38dde087ff87e36a87f9595945c36b7d,Fungi,Ascomycota,Sordariomycetes,Sordariales,Podosporaceae,Cladorrhinum,
b092b59487dd739b23c875d3cdfbf5f1,Fungi,Basidiomycota,Agaricomycetes,Cantharellales,Ceratobasidiaceae,Ceratobasidium,Ceratobasidium_sp
4043aadca99e80b0344d8b77620cb374,Fungi,Ascomycota,Pezizomycotina_cls_Incertae_sedis,Pezizomycotina_ord_Incertae_sedis,Pezizomycotina_fam_Incertae_sedis,Hymenella,Hymenella_sp
f1309ba71259a9a36a8ea3d7a23835b9,Fungi,Ascomycota,Sordariomycetes,Hypocreales,Stachybotryaceae,Stachybotryaceae_gen_Incertae_sedis,Stachybotryaceae_sp
697f4b0c8fb963346c52deaceffd23f7,Fungi,Ascomycota,Eurotiomycetes,Chaetothyriales,Herpotrichiellaceae,,
4b53cefbf2b30373c894e731d7e09434,Fungi,,,,,,
bba7845df16bf734ec7370de31ad6b0f,Fungi,Ascomycota,Dothideomycetes,Pleosporales,Phaeosphaeriaceae,Paraphoma,Paraphoma_pye
dfed8111f4b13e41bdb1c371c0a1e56e,Fungi,Ascomycota,Pezizomycotina_cls_Incertae_sedis,Pezizomycotina_ord_Incertae_sedis,Pezizomycotina_fam_Incertae_sedis,Trichosporiella,Trichosporiella_multisporum
e846d89dc1e2f0fdb6cd70424853e22c,Fungi,Ascomycota,Sordariomycetes,Hypocreales,Hypocreales_fam_Incertae_sedis,Hypocreales_gen_Incertae_sedis,Hypocreales_sp
f2c97fdb650f9944a4dfb75104425ea9,Fungi,Ascomycota,Sordariomycetes,Hypocreales,Bionectriaceae,Alloacremonium,Alloacremonium_sp
da9d9c27c69b84be87bd4dd706ae5b48,Fungi,Ascomycota,Dothideomycetes,Pleosporales,Sporormiaceae,Preussia,Preussia_terricola
f16352c20116a7e8450de85cedcac3e1,Fungi,Ascomycota,Sordariomycetes,Hypocreales,Bionectriaceae,Alloacremonium,Alloacremonium_humicola
a039cd7dc4bb6c11ab68634678764a03,Fungi,Ascomycota,Leotiomycetes,Helotiales,Calloriaceae,Calloriaceae_gen_Incertae_sedis,Calloriaceae_sp
ee077a9057aded253dfbd7253bec2015,Fungi,Basidiomycota,Cystobasidiomycetes,Cystobasidiomycetes_ord_Incertae_sedis,Cystobasidiomycetes_fam_Incertae_sedis,Cystobasidiomycetes_gen_Incertae_sedis,Cystobasidiomycetes_sp
44a4c01a9b7da4ebfc1472305514c345,Fungi,Glomeromycota,Glomeromycetes,Glomerales,Glomeraceae,Rhizophagus,Rhizophagus_sp
0fe812271c5bf2fb9f7f8dc0685d2163,Fungi,Ascomycota,Sordariomycetes,Microascales,Microascaceae,Cephalotrichum,Cephalotrichum_purpureofuscum
28bfed396e690effd5b458a44dcf6a22,Fungi,Ascomycota,Sordariomycetes,Sordariales,Podosporaceae,Podospora,Podospora_sp
1aee810577a78180eb6f55b977a03d03,Fungi,Ascomycota,Leotiomycetes,Helotiales,Helotiales_fam_Incertae_sedis,Cistella,Cistella_grevillei
82780436adb026d0faf0ab5680b15b13,Fungi,Ascomycota,Dothideomycetes,Cladosporiales,Cladosporiaceae,Cladosporium,Cladosporium_herbarum
4f4bb5b5057ae9166f3054a90e764bb6,Fungi,Ascomycota,Dothideomycetes,Pleosporales,Phaeosphaeriaceae,Sulcispora,Sulcispora_supratumida